symbol,shortName,sector,industry,marketCap,currentPrice,trailingPE,priceToBook,returnOnEquity,debtToEquity,earningsGrowth,revenueGrowth,profitMargins,dividendYield,status,error
20MICRONS.NS,20 MICRONS LTD,Basic Materials,Other Industrial Metals & Mining,6671619584.0,189.07,9.842271,1.3795193,,32.043,0.055,-0.01,0.07119,0.65,ok,
3BBLACKBIO.NS,3B BLACKBIO DX LTD.,,,,1207.7,,3.1096473,0.19889,0.937,0.132,0.575,0.41280997,,ok,
360ONE.NS,360 ONE WAM LIMITED,Financial Services,Asset Management,475287257088.0,1168.1,38.78154,4.8162518,,161.977,0.161,0.299,0.26455998,1.52,ok,
21STCENMGM.NS,21ST CENTURY MGMT SERVICE,Financial Services,Capital Markets,457590016.0,43.58,,1.3842392,-0.57208,,,,0.0,,ok,
3MINDIA.NS,3M INDIA LIMITED,Industrials,Conglomerates,405936799744.0,36035.0,77.59475,22.958282,0.289,9.6,2.017,0.168,0.10262,0.44,ok,
5PAISA.NS,5PAISA CAPITAL LIMITED,Financial Services,Capital Markets,17230469120.0,367.55,28.186348,1.7710435,,58.31,0.002,0.134,0.14894,,ok,
3IINFOLTD.NS,3I INFOTECH LIMITED,Technology,Information Technology Services,5483228160.0,25.79,14.407822,1.4466821,,16.298,-0.152,0.043,0.04895,,ok,
3PLAND.NS,3P LAND HOLDINGS LIMITED,,,,,,,,,,,,,ok,
A2ZINFRA.NS,A2Z INFRA ENGINEERING LTD,Industrials,Engineering & Construction,3087113472.0,17.39,69.56,6.2062807,0.17871,301.806,0.496,0.018,0.01132,,ok,
63MOONS.NS,63 MOONS TECHNOLOGIES LTD,Technology,Software - Application,39523864576.0,857.75,,1.1133307,-0.0152,0.149,1.046,5.195,-0.10602,0.14,ok,
AAREYDRUGS.NS,AAREY DRUGS & PHARM LTD,Healthcare,Drug Manufacturers - Specialty & Generic,2310025216.0,81.47,58.61151,1.5410953,0.02747,40.385,2.313,0.753,0.0084,,ok,
AARON.NS,AARON INDUSTRIES LIMITED,Industrials,Specialty Industrial Machinery,2811855360.0,134.24,41.432102,5.7842126,0.14835,57.079,-0.157,0.133,0.07388,0.37,ok,
AADHARHFC.NS,AADHAR HOUSING FINANCE L,Financial Services,Mortgage Finance,221467508736.0,506.4,19.66602,2.925916,,255.574,0.19,0.196,0.48151,,ok,
AARTECH.NS,AARTECH SOLONICS LIMITED,Industrials,Electrical Equipment & Parts,1493207680.0,47.0,37.6,4.816067,0.11931,16.02,,0.655,0.099020004,0.26,ok,
AARNAV.NS,AARNAV FASHIONS LIMITED,,,,30.82,,0.6581392,,55.533,-0.11,-0.109,0.02023,,ok,
AARTIDRUGS.NS,AARTI DRUGS LTD.,Healthcare,Drug Manufacturers - Specialty & Generic,37986574336.0,416.2,19.866348,2.4512923,,37.221,-0.069,0.191,0.07139,0.49,ok,
AAATECH.NS,AAA TECHNOLOGIES LIMITED,Technology,Information Technology Services,1179424256.0,91.95,57.111797,3.8418148,0.06677,,,-0.681,0.10123,1.61,ok,
AAKASH.NS,AAKASH EXPLORATION SER L,Energy,Oil & Gas Equipment & Services,910237504.0,8.99,25.685715,1.3925031,0.056339998,41.927,5.757,0.267,0.03112,,ok,
AARTIPHARM.NS,AARTI PHARMALABS LIMITED,Healthcare,Drug Manufacturers - Specialty & Generic,62192750592.0,685.85,35.135757,2.9275424,0.08492,37.359,-0.308,0.033,0.096020006,0.58,ok,
AARTIIND.NS,AARTI INDUSTRIES LTD,Basic Materials,Specialty Chemicals,182125068288.0,502.1,34.296448,3.0478146,,83.392,2.605,0.425,0.05901,0.2,ok,
AARTISURF.NS,AARTI SURFACTANTS LIMITED,Basic Materials,Specialty Chemicals,4539981824.0,535.95,24.675415,1.8502537,,42.536,2.058,0.264,0.020079998,0.18,ok,
AARVI.NS,AARVI ENCON LIMITED,Industrials,Staffing & Employment Services,2276552704.0,153.71,13.048388,1.6001625,0.1318,18.792,0.557,0.192,0.02711,1.28,ok,
AASTHA.NS,AASTHA SPINTEX LIMITED,Consumer Cyclical,Textile Manufacturing,,74.6,14.3737955,1.8943626,0.16809,66.539,-0.162,0.361,0.05362,,ok,
ABANSENT.NS,ABANS ENTERPRISES LTD.,,,,25.99,,0.83746856,0.018760001,74.518,,2.298,0.00029,,ok,
ABAN.NS,ABAN OFFSHORE LTD.,Energy,Oil & Gas Drilling,1166722816.0,19.99,,-0.004340767,,,,-0.241,-1.85485,,ok,
AAVAS.NS,AAVAS FINANCIERS LIMITED,Financial Services,Mortgage Finance,108746268672.0,1371.5,15.899606,2.1503875,,310.553,0.23,0.169,0.42543998,,ok,
ABCAPITAL.NS,ADITYA BIRLA CAPITAL LTD.,Financial Services,Financial Conglomerates,1116490432512.0,408.05,26.376858,3.1052613,,495.936,0.407,0.314,0.119449995,,ok,
ABB.NS,ABB INDIA LIMITED,Industrials,Specialty Industrial Machinery,1610503553024.0,7600.0,102.34312,17.251123,0.19131,1.547,0.03,0.121,0.21349001,0.51,ok,
ABBOTINDIA.NS,ABBOTT INDIA LIMITED,Healthcare,Drug Manufacturers - Specialty & Generic,591474327552.0,27835.0,38.140587,12.389001,0.34460998,3.602,0.076,0.065,0.22399001,1.88,ok,
ABCOTS.NS,A B COTSPIN INDIA LIMITED,Consumer Cyclical,Textile Manufacturing,4364390912.0,198.71,33.28476,2.8498697,0.09871,95.828,-0.075,0.225,0.04359,,ok,
ABDL.NS,ALLIED BLEND N DISTILS L,Consumer Defensive,Beverages - Wineries & Distilleries,167616299008.0,599.25,75.66288,10.081256,,68.251,-0.13,0.061,0.05554,0.89,ok,
ABLBL.NS,ADITYA BIRLA LIFES BRAN L,Consumer Cyclical,Apparel Retail,114005942272.0,93.86,64.73103,8.11236,,213.719,0.206,0.111,0.02046,0.53,ok,
ABINFRA.NS,A B INFRABUILD LIMITED,Industrials,Engineering & Construction,6362342400.0,9.96,33.199997,3.9028213,0.13832,68.314,-0.113,0.17,0.07549,0.05,ok,
ABFRL.NS,ADITYA BIRLA FASHION & RT,Consumer Cyclical,Apparel Manufacturing,77058506752.0,63.33,,1.3192927,-0.12693,98.822,,0.157,-0.094890006,,ok,
ABMINTLLTD.NS,ABM INTERNATIONAL LTD,Basic Materials,Specialty Chemicals,391466880.0,41.61,,3.2133756,-0.17186001,72.831,,-0.187,-0.03946,,ok,
ABMKNO.NS,A B M KNOWLEDGEWARE LTD.,,,,186.21,,1.2640432,0.04177,,-0.521,0.047,0.09132,,ok,
ABREL.NS,ADITYA BIRLA REAL EST LTD,Real Estate,Real Estate Services,152907038720.0,1382.8,,4.1329923,-0.08911,152.371,,,-0.24914,0.18,ok,
ABSLAMC.NS,ADIT BIRL SUN LIF AMC LTD,Financial Services,Asset Management,296582119424.0,1025.3,29.479588,7.3265023,,1.577,0.117,0.106,0.47594002,2.49,ok,
ACC.NS,ACC LIMITED,Basic Materials,Building Materials,255916490752.0,1362.8,13.451782,1.2453032,,2.085,-0.608,-0.038,0.07563,0.54,ok,
ACCELYA.NS,ACCELYA SOLN INDIA LTD,Technology,Information Technology Services,17069671424.0,1143.6,17.910728,6.8245697,0.36141,6.276,-0.103,-0.035,0.17919001,7.03,ok,
ACCURACY.NS,ACCURACY SHIPPING LIMITED,Industrials,Integrated Freight & Logistics,710643200.0,4.72,18.153847,0.5550329,0.03194,124.622,1.663,-0.32,0.0058399998,,ok,
ACE.NS,ACTION CONST EQUIP LTD,Industrials,Farm & Heavy Construction Machinery,130252226560.0,1094.3,30.422575,6.475608,,0.393,0.223,0.205,0.12796,0.18,ok,
ACI.NS,ARCHEAN CHEMICAL IND LTD,Basic Materials,Chemicals,62550192128.0,506.65,64.45928,3.2335782,,24.128,-0.237,0.119,0.08724,0.48,ok,
ACEINTEG.NS,ACE INTEGRATED SOLU. LTD.,Industrials,Staffing & Employment Services,192575984.0,18.88,,1.6025803,-0.05551,0.479,,-0.938,-1.17284,,ok,
ACL.NS,ANDHRA CEMENTS LIMITED,Basic Materials,Building Materials,4419654144.0,47.95,,5.4737444,,1395.925,,0.428,-0.15141,,ok,
ACMESOLAR.NS,ACME SOLAR HOLDINGS LTD,Utilities,Utilities - Renewable,260339040256.0,368.6,38.8,4.411149,,393.194,0.799,0.468,0.21146,0.05,ok,
ACSTECH.NS,A C S TECHNOLOGIES LTD.,,,,46.0,,2.0179863,0.07288,34.749,0.096,1.962,0.03012,,ok,
ACUTAAS.NS,ACUTAAS CHEMICALS LIMITED,Basic Materials,Specialty Chemicals,270002765824.0,3297.9,94.52278,16.3323,,2.081,0.677,0.591,0.26421,0.05,ok,
ADANIENSOL.NS,ADANI ENERGY SOLUTION LTD,Utilities,Utilities - Independent Power Producers,1993538142208.0,1630.1,67.082306,7.7011385,,194.5,1.242,0.424,0.095769994,,ok,
ADANIENT.NS,ADANI ENTERPRISES LIMITED,Energy,Thermal Coal,4297379807232.0,3020.0,52.530872,4.8240423,,119.56,,0.499,0.06546,0.04,ok,
ADANIPORTS.NS,ADANI PORT & SEZ LTD,Industrials,Marine Shipping,3901754703872.0,1693.5,28.958618,4.0660753,,64.051,0.092,0.186,0.32431,0.44,ok,
ADANIPOWER.NS,ADANI POWER LTD,Utilities,Utilities - Independent Power Producers,4030501224448.0,209.0,28.281462,6.2067533,,82.332,0.42,0.34,0.24148001,,ok,
ADANIGREEN.NS,ADANI GREEN ENERGY LTD,Utilities,Utilities - Renewable,2260584628224.0,1372.4,131.70825,11.718897,,346.548,0.185,0.166,0.13095,,ok,
ADFFOODS.NS,ADF FOODS LIMITED,Consumer Defensive,Packaged Foods,28531576832.0,259.7,31.064596,4.988667,,9.628,0.134,0.259,0.12815,0.46,ok,
ADL.NS,ARCHIDPLY DECOR LIMITED,Consumer Cyclical,"Furnishings, Fixtures & Appliances",393867872.0,70.76,Infinity,0.6855526,4.0000003e-05,37.408,,-0.173,4.0000003e-05,,ok,
ADOR.NS,ADOR WELDING LTD,Industrials,Specialty Industrial Machinery,25815336960.0,1483.4,22.768995,4.6560245,,0.4,0.734,0.052,0.05824,2.24,ok,
ADROITINFO.NS,ADROIT INFOTECH LIMITED,Technology,Information Technology Services,541914944.0,9.92,11.951808,0.6929794,,34.111,-0.254,0.602,0.0572,,ok,
ADSL.NS,ALLIED DIGITAL SERV. LTD,Technology,Information Technology Services,6479659008.0,114.39,18.3024,1.0563887,0.05392,20.27,,0.31,0.02977,2.56,ok,
ADVANIHOTR.NS,ADVANI HOT.& RES.(I) LTD,Consumer Cyclical,Lodging,4639488000.0,50.19,19.45349,0.8983836,0.08,0.558,0.021,0.06,0.22364001,5.32,ok,
ADVANCE.NS,ADVANCE AGROLIFE LIMITED,Basic Materials,Agricultural Inputs,8175857664.0,127.18,19.566154,2.9159691,,31.588,1.522,0.961,0.061139997,,ok,
ADVAIT.NS,ADVAIT ENRGY TRANSITION L,Industrials,Specialty Industrial Machinery,23987634176.0,2193.3,46.25264,8.627193,0.22072001,44.021,0.553,0.172,0.07239,,ok,
ADVENTHTL.NS,ADVENT HOTELS INTERNATI L,Consumer Cyclical,Lodging,7965746176.0,147.67,12.610589,0.88078105,0.06509,78.145,-0.879,0.068,0.16302,,ok,
ADVENZYMES.NS,ADVANCED ENZYME TECH LTD,Basic Materials,Specialty Chemicals,36319465472.0,324.35,21.710175,2.2245312,0.11016,1.902,0.622,0.216,0.22624001,0.77,ok,
AEGISLOG.NS,AEGIS LOGISTICS LIMITED,Energy,Oil & Gas Refining & Marketing,481220984832.0,1371.0,53.51288,7.947458,,47.243,2.689,0.433,0.13881,0.96,ok,
AEGISVOPAK.NS,AEGIS VOPAK TERMINALS LTD,Energy,Oil & Gas Equipment & Services,316109979648.0,285.3,98.71972,7.3675237,,84.438,0.385,0.452,0.32368,0.07,ok,
AEPL.NS,ARTEMIS ELECTRICALS & P L,Industrials,Electrical Equipment & Parts,4300261888.0,17.13,48.942856,4.6122775,0.09644,1.803,-0.205,0.087,0.108109996,,ok,
AEROFLEX.NS,AEROFLEX INDUSTRIES LTD,Industrials,Metal Fabrication,56386142208.0,426.1,83.060425,12.606509,,1.988,1.622,0.724,0.13351,0.09,ok,
AEQUS.NS,AEQUS LIMITED,Industrials,Aerospace & Defense,162606825472.0,248.31,,10.082835,,47.183,,0.548,-0.12412,,ok,
AEROENTER.NS,AEROFLEX ENTERPRISES LTD,Basic Materials,Steel,14302823424.0,126.39,22.25176,1.7326279,0.09559,4.218,1.163,0.16,0.08845,0.23,ok,
AERONEU.NS,AEROFLEX NEU LIMITED,Consumer Cyclical,Packaging & Containers,2191370240.0,84.95,303.39285,2.1086729,,22.955,-0.914,-0.049,0.00745,,ok,
AEROPLANE.NS,AMIR CHAND JAG KUM (E) L,Consumer Defensive,Farm Products,20127313920.0,194.37,33.16894,1.7787721,,82.032,1.276,0.551,0.04908,,ok,
AETHER.NS,AETHER INDUSTRIES LIMITED,Basic Materials,Specialty Chemicals,211225329664.0,1591.6,89.41573,8.598641,,18.646,0.335,0.275,0.1912,,ok,
AFCONS.NS,AFCONS INFRASTRUCTURE LTD,Industrials,Engineering & Construction,100864933888.0,274.25,40.153732,1.8508021,0.04681,66.542,,-0.189,0.02105,0.72,ok,
AFFLE.NS,AFFLE 3I LIMITED,Communication Services,Advertising Agencies,231544946688.0,1645.6,51.026356,6.327868,0.13786,0.405,0.16,0.203,0.16788,,ok,
AFFORDABLE.NS,AFFORD ROBO & AUTO LTD,Industrials,Specialty Industrial Machinery,2323409152.0,196.05,31.62097,2.0000408,0.06605,67.073,1.083,-0.397,0.05924,,ok,
AFIL.NS,AKME FINTRADE (INDIA) LTD,Financial Services,Credit Services,4010519552.0,9.12,9.029703,0.9181516,,118.754,0.204,0.23,0.48816,,ok,
AFSL.NS,ABANS FINANCIAL SRVCS LTD,Financial Services,Capital Markets,10220824576.0,201.04,9.674686,0.81476825,0.083579995,55.763,,7.189,0.00403,,ok,
AGARIND.NS,AGARWAL INDS CORP LTD.,Basic Materials,Specialty Chemicals,7696529920.0,514.55,17.621574,1.1168606,0.066199996,49.544,-0.484,-0.508,0.02637,0.63,ok,
AGARWALEYE.NS,DR AGARWALS HEALTH CARE L,Healthcare,Medical Instruments & Supplies,173175554048.0,546.25,117.98056,8.544101,,50.3,0.505,0.26,0.06724,,ok,
AGI.NS,AGI GREENPAC LIMITED,Consumer Cyclical,Packaging & Containers,45922197504.0,709.8,12.677263,1.9079875,,10.126,0.118,0.142,0.13108,0.99,ok,
AGIIL.NS,AGI INFRA LIMITED,Real Estate,Real Estate - Development,37867962368.0,302.95,39.039948,8.16775,0.24336,38.289,0.696,0.028,0.26908,0.03,ok,
AGL.NS,ALLCARGO GLOBAL LIMITED,Industrials,Integrated Freight & Logistics,13601703936.0,13.84,,,,,,,0.0,,ok,
AGRITECH.NS,AGRI-TECH (INDIA) LIMITED,Consumer Defensive,Farm Products,661716032.0,111.4,,,,,,,0.0,,ok,
AGROPHOS.NS,AGRO PHOS INDIA LIMITED,Basic Materials,Agricultural Inputs,575784896.0,28.4,8.137536,0.82467043,0.10389,42.354,,-0.226,0.04772,3.51,ok,
AGSTRA.NS,AGS TRANSACT TECH LTD,Technology,Software - Infrastructure,261336240.0,2.04,,0.04630891,,199.958,,-0.439,-0.13553001,,ok,
AHCL.NS,ANLON HEALTHCARE LIMITED,Healthcare,Drug Manufacturers - Specialty & Generic,7733543424.0,14.55,21.086956,2.847358,,17.133,0.878,1.63,0.13981,,ok,
AHLADA.NS,AHLADA ENGINEERS LIMITED,Industrials,Building Products & Equipment,493582208.0,38.2,272.85715,0.36013955,0.0012899999,27.946,,-0.331,0.00177,4.26,ok,
AHLEAST.NS,ASIAN HOTELS (EAST) LTD,Consumer Cyclical,Lodging,2476689664.0,143.23,,1.3516089,-0.27479,234.184,-0.255,-0.018,-0.47952998,0.7,ok,
AHLUCONT.NS,AHLUWALIA CONT IND LTD,Industrials,Engineering & Construction,55083868160.0,822.3,20.702415,2.6763222,0.13785,3.552,-0.016,0.088,0.05824,0.07,ok,
AHLWEST.NS,ASIAN HOTELS (WEST) LTD,Consumer Cyclical,Lodging,6291653632.0,540.0,9.682625,-46.830284,,,,0.059,0.14924,,ok,
AIIL.NS,AUTHUM INVEST & INFRA LTD,Financial Services,Capital Markets,506647904256.0,596.6,29.874811,3.1433418,,24.59,0.178,0.141,0.82054,0.04,ok,
AIAENG.NS,AIA ENGINEERING LIMITED,Industrials,Specialty Industrial Machinery,445698080768.0,4776.0,35.068653,5.5526295,0.16951999,0.128,0.379,0.094,0.28737,0.33,ok,
AIROLAM.NS,AIRO LAM LIMITED,Consumer Cyclical,"Furnishings, Fixtures & Appliances",1339228544.0,89.27,49.594444,2.1224947,0.07005,106.303,-0.886,0.045,0.022669999,,ok,
AIRAN.NS,AIRAN LIMITED,Technology,Information Technology Services,1886551808.0,15.09,16.225807,1.4063375,0.0769,0.621,,0.134,0.107939996,,ok,
AJANTPHARM.NS,AJANTA PHARMA LIMITED,Healthcare,Drug Manufacturers - Specialty & Generic,435925385216.0,3489.2,38.376595,9.627902,,5.747,0.309,0.248,0.19648,1.84,ok,
AJAXENGG.NS,AJAX ENGINEERING LIMITED,Industrials,Farm & Heavy Construction Machinery,64685608960.0,565.4,30.913067,4.6464996,,0.132,0.052,0.056,0.10767999,,ok,
AJMERA.NS,AJMERA REALTY & INF I LTD,Real Estate,Real Estate - Development,24333783040.0,123.65,16.248358,1.7371209,0.11054,46.832,1.2,1.848,0.13738,0.69,ok,
AJOONI.NS,AJOONI BIOTECH LIMITED,Consumer Defensive,Packaged Foods,664860288.0,3.86,15.44,0.80182797,0.04822,19.479,-0.386,1.033,0.02339,,ok,
AKG.NS,AKG EXIM LIMITED,Industrials,Industrial Distribution,276456192.0,8.7,79.090904,0.563508,0.0068300003,10.82,-0.787,-0.434,0.00418,,ok,
AKASH.NS,AKASH INFRA-PROJECTS LTD,Industrials,Engineering & Construction,443821888.0,26.32,69.26316,0.5254017,0.00765,108.169,-0.729,0.858,0.00794,,ok,
AKCAPIT.NS,A K CAPITAL SERVICES LTD.,,,,1720.7,,1.0853056,0.10644,272.89,0.25,0.137,0.19295,,ok,
AKSHAR.NS,AKSHAR SPINTEX LIMITED,Consumer Cyclical,Textile Manufacturing,322862080.0,0.41,,0.39499035,-0.08741,6.226,,0.125,-0.06301,,ok,
AKI.NS,AKI INDIA LIMITED,Consumer Cyclical,Footwear & Accessories,462362656.0,4.48,23.578947,0.58083755,0.029089998,21.381,5.815,0.523,0.02224,,ok,
AKSHARCHEM.NS,AKSHARCHEM INDIA LIMITED,Basic Materials,Specialty Chemicals,2235049216.0,278.23,,0.8544439,-0.0016699999,41.473,2.486,0.166,-0.00118,0.27,ok,
AKSHOPTFBR.NS,AKSH OPTIFIBRE  LTD,Technology,Communication Equipment,1104719232.0,6.79,,-8.434782,,,,0.238,-0.102749996,,ok,
AKUMS.NS,AKUMS DRUGS AND PHARMA L,Healthcare,Drug Manufacturers - Specialty & Generic,106781032448.0,697.45,42.116547,3.2227583,0.08019,5.756,-0.427,0.096,0.058509998,0.15,ok,
ALBERTDAVD.NS,ALBERT DAVID LIMITED,Healthcare,Drug Manufacturers - Specialty & Generic,4696138240.0,822.85,,1.1994128,,7.555,3.031,0.832,0.060939997,0.68,ok,
ALANKIT.NS,ALANKIT LIMITED,Technology,Information Technology Services,2190957568.0,8.08,11.542857,0.6811667,0.063260004,6.351,-0.493,-0.501,0.078099996,,ok,
ALEMBICLTD.NS,ALEMBIC LIMITED,Real Estate,Real Estate - Development,21762258944.0,84.75,6.8567963,0.8900441,0.13269,0.435,-0.019,-0.004,1.32247,2.77,ok,
ALIVUS.NS,ALIVUS LIFE SCIENCES LTD,Healthcare,Drug Manufacturers - Specialty & Generic,163261480960.0,1329.8,27.122171,4.9066854,,1.704,0.317,0.064,0.23279,0.38,ok,
ALGOQUANT.NS,ALGOQUANT FINTECH LIMITED,Financial Services,Capital Markets,18892464128.0,67.21,56.47899,13.993338,0.28374,25.483,26.329,,0.14182,,ok,
ALICON.NS,ALICON CASTALLOY LIMITED,Industrials,Metal Fabrication,12134188032.0,742.75,34.354763,1.9312724,0.05638,56.406,-0.158,0.166,0.01939,0.68,ok,
ALKALI.NS,ALKALI METALS LTD,Basic Materials,Specialty Chemicals,684569920.0,67.23,64.02858,1.5331464,,40.789,,-0.148,0.01184,1.46,ok,
ALKEM.NS,ALKEM LABORATORIES LTD.,Healthcare,Drug Manufacturers - Specialty & Generic,671955288064.0,5620.0,29.704018,4.8621597,0.17557,14.267,-0.227,0.146,0.15645,0.36,ok,
ALLCARGO.NS,ALLCARGO LOGISTICS LTD,Industrials,Integrated Freight & Logistics,13869428736.0,9.26,231.50002,2.4819083,,120.732,,-0.853,0.01461,,ok,
ALKYLAMINE.NS,ALKYL AMINES CHEM. LTD,Basic Materials,Specialty Chemicals,96865746944.0,1893.9,43.013855,6.3169165,,,-0.034,-0.046,0.11769,0.76,ok,
ALLDIGI.NS,ALLDIGI TECH LIMITED,Industrials,Specialty Business Services,12348377088.0,810.35,14.457627,4.920068,,68.009,0.217,0.044,0.14124,7.42,ok,
ALLTIME.NS,ALL TIME PLASTICS LIMITED,Consumer Defensive,Household & Personal Products,14384851968.0,219.59,37.925735,2.3390498,0.08208,14.078,-0.035,-0.017,0.058000002,,ok,
ALOKINDS.NS,ALOK INDUSTRIES LIMITED,Consumer Cyclical,Textile Manufacturing,59433926656.0,11.97,,-0.27608,,,,0.065,-0.18827,,ok,
ALMONDZ.NS,ALMONDZ GLOBAL SEC LTD,Financial Services,Capital Markets,2530799616.0,14.47,7.5759163,0.96005845,,16.822,0.816,0.427,0.1667,,ok,
ALPA.NS,ALPA LABORATORIES LTD,Healthcare,Drug Manufacturers - Specialty & Generic,1432654336.0,68.09,9.536414,2.1057026,0.08392,1.346,,-0.214,0.14186,,ok,
ALPINETEX.NS,ALPINE TEXWORLD LIMITED,Consumer Cyclical,Textile Manufacturing,2419887616.0,63.27,11.278074,2.2763906,0.3385,,,,0.06261,,ok,
ALPHAGEO.NS,ALPHAGEO (INDIA) LIMITED,Energy,Oil & Gas Equipment & Services,1467969920.0,230.64,,0.5792472,-0.053260002,,,-0.301,-0.123859994,3.43,ok,
AMAGI.NS,AMAGI MEDIA LABS LIMITED,Technology,Software - Application,139960483840.0,646.95,195.45319,8.193182,0.06325,1.763,,0.285,0.0476,,ok,
AMANTA.NS,AMANTA HEALTHCARE LIMITED,Healthcare,Drug Manufacturers - Specialty & Generic,6451496448.0,166.15,38.371822,2.592286,,111.004,-0.056,0.063,0.05047,,ok,
AMBER.NS,AMBER ENTERPRISES (I) LTD,Consumer Cyclical,"Furnishings, Fixtures & Appliances",262215860224.0,7435.0,147.25688,5.9849825,0.05583,46.566,0.153,0.105,0.014579999,,ok,
AMBALALSA.NS,AMBALAL SARABHAI ENT L,Healthcare,Drug Manufacturers - Specialty & Generic,3581073920.0,46.73,19.800848,2.261421,0.11935,35.696,,-0.003,0.0879,,ok,
AMBICAAGAR.NS,AMBICA AGAR & AROMAINDLTD,Consumer Defensive,Household & Personal Products,427545472.0,24.89,12.383084,0.5776416,0.031059999,84.996,,-0.283,0.02444,,ok,
AMBIKCO.NS,AMBIKA COTTON MILL LTD.,Consumer Cyclical,Textile Manufacturing,10902117376.0,1904.3,15.224656,1.1424085,0.077010006,,0.547,0.578,0.091630004,2.03,ok,
AMBUJACEM.NS,AMBUJA CEMENTS LTD,Basic Materials,Building Materials,1078410674176.0,434.0,24.313725,1.8076178,,1.205,-0.268,-0.077,0.11128,0.46,ok,
AMDIND.NS,AMD INDUSTRIES LIMITED,Consumer Cyclical,Packaging & Containers,898345472.0,46.87,,0.5857286,-0.02799,51.225,28.463,0.2,-0.015369999,,ok,
AMJLAND.NS,AMJ LAND HOLDINGS LIMITED,Real Estate,Real Estate - Development,1613760000.0,39.36,10.903048,0.7579288,,,-0.062,0.025,0.23468,0.51,ok,
AMNPLST.NS,AMINES & PLASTICIZERS LTD,Basic Materials,Chemicals,10712393728.0,194.7,29.322289,3.6658382,0.13262,9.312,0.199,-0.064,0.06397,0.26,ok,
ANANDRATHI.NS,ANAND RATHI WEALTH LTD,Financial Services,Asset Management,348935716864.0,2101.5,76.3904,34.957996,,8.25,0.738,0.521,0.33193,0.34,ok,
AMRUTANJAN.NS,AMRUTAJAN HEALTH LTD,Healthcare,Drug Manufacturers - Specialty & Generic,15068502016.0,521.4,26.043957,4.072197,0.16623,0.48,0.067,0.105,0.11525,1.08,ok,
ANANTRAJ.NS,ANANT RAJ LIMITED,Real Estate,Real Estate - Development,221648207872.0,615.9,38.956356,3.8289857,0.11175,11.703,0.251,0.196,0.22178,0.16,ok,
ANDHRAPAP.NS,ANDHRA PAPER LIMITED,Basic Materials,Paper & Paper Products,11901184000.0,59.85,63.67021,0.61366993,0.0095999995,11.971,-0.016,0.294,0.0109399995,0.81,ok,
ANDHRSUGAR.NS,ANDHRA SUGARS LTD,Basic Materials,Chemicals,11924404224.0,87.98,14.494234,0.7063944,0.049689997,0.032,-0.201,0.274,0.03375,0.92,ok,
ANIKINDS.NS,ANIK INDUSTRIES LTD,Consumer Defensive,Food Distribution,1193399936.0,43.0,,0.37473747,0.07674,3.695,-0.985,-0.133,-0.04542,,ok,
ANGELONE.NS,ANGEL ONE LIMITED,Financial Services,Capital Markets,266796728320.0,292.0,26.569609,4.347502,,129.314,1.022,0.23,0.20698,1.7,ok,
ANKITMETAL.NS,ANKIT MET & POW LTD,Basic Materials,Steel,224365696.0,1.59,,-0.02173705,,,,-0.255,-0.31393,,ok,
ANMOL.NS,ANMOL INDIA LIMITED,Energy,Thermal Coal,587923200.0,10.33,5.1909547,0.4953486,0.09981,165.862,0.571,-0.018,0.00798,,ok,
ANSALAPI.NS,ANSAL PROP & INFRA LTD,Real Estate,Real Estate - Development,558787328.0,3.55,,-0.03224693,,,,-0.033,-1.5915401,,ok,
ANTELOPUS.NS,ANTELOPUS SELAN ENRGY LTD,Energy,Oil & Gas E&P,28110548992.0,799.45,21.312984,4.288642,0.14705,0.542,1.576,0.653,0.32132,,ok,
ANTGRAPHIC.NS,ANTARCTICA LTD,Consumer Cyclical,Packaging & Containers,114707104.0,0.74,,0.576324,,65.28,-0.635,0.259,0.051220004,,ok,
ANTHEM.NS,ANTHEM BIOSCIENCES LTD,Healthcare,Biotechnology,472401346560.0,841.0,82.77559,15.526631,,1.772,-0.117,-0.226,0.28691998,0.24,ok,
ANUP.NS,THE ANUP ENGINEERING LTD,Industrials,Specialty Industrial Machinery,37979660288.0,1896.0,34.460197,5.4962735,,17.66,-0.978,-0.282,0.10993,0.6,ok,
ANUHPHR.NS,ANUH PHARMA LIMITED,Healthcare,Drug Manufacturers - Specialty & Generic,7949767680.0,79.32,19.346342,2.2569997,0.12104,0.017,-0.062,0.02,0.053189997,1.89,ok,
ANURAS.NS,ANUPAM RASAYAN INDIA LTD,Basic Materials,Specialty Chemicals,138280157184.0,1214.6,78.81895,4.1436954,0.05763,41.317,-0.043,0.275,0.07192,0.12,ok,
APARINDS.NS,APAR INDUSTRIES LTD.,Industrials,Electrical Equipment & Parts,668295430144.0,16631.0,56.66633,12.386799,,17.716,0.778,0.291,0.04844,0.38,ok,
APCOTEXIND.NS,APCOTEX INDUSTRIES LIMITE,Basic Materials,Specialty Chemicals,31874281472.0,614.8,19.768488,5.132829,,15.522,3.12,0.399,0.101289995,1.29,ok,
APCL.NS,ANJANI PORTLAND CEM LTD,Basic Materials,Building Materials,3000338432.0,102.14,,0.8210875,-0.079629995,62.349,,-0.107,-0.06322,,ok,
APLAPOLLO.NS,APL APOLLO TUBES LTD,Basic Materials,Steel,546987048960.0,1970.0,44.62061,10.328954,,9.396,0.109,0.085,0.052259997,0.3,ok,
APEX.NS,APEX FROZEN FOODS LIMITED,Consumer Defensive,Farm Products,11773437952.0,376.75,30.309734,2.2314157,,7.972,,0.145,0.03447,0.52,ok,
APLLTD.NS,ALEMBIC PHARMA LTD,Healthcare,Drug Manufacturers - Specialty & Generic,163167043584.0,830.1,23.083982,2.875283,0.12356,25.224,0.292,0.044,0.09187,1.49,ok,
APOLLO.NS,APOLLO MICRO SYSTEMS LTD,Industrials,Aerospace & Defense,150070460416.0,403.85,128.20634,10.614782,0.1121,41.527,1.686,0.813,0.12487,0.06,ok,
APOLLOHOSP.NS,APOLLO HOSPITALS ENTER. L,Healthcare,Medical Care Facilities,1286153699328.0,8945.0,66.4463,13.566885,0.21503,85.146,0.359,0.181,0.07696,0.22,ok,
APOLLOPIPE.NS,APOLLO PIPES LIMITED,Industrials,Building Products & Equipment,22721677312.0,517.35,,2.7820048,,13.871,,0.074,-0.00819,0.13,ok,
APOLLOTYRE.NS,APOLLO TYRES LTD,Consumer Cyclical,Auto Parts,281498681344.0,445.0,20.535303,1.6840942,,21.987,26.091,0.136,0.05821,2.45,ok,
APOLSINHOT.NS,APOLLO SINDOORI HOTEL LTD,Industrials,Specialty Business Services,3144403456.0,1209.2,28.942078,2.0011287,0.06931,57.786,0.255,0.301,0.01663,0.36,ok,
APTECHT.NS,APTECH LIMITED,Consumer Defensive,Education & Training Services,5583930880.0,96.27,23.711823,2.2255356,,5.06,0.136,0.142,0.04739,4.64,ok,
APTUS.NS,APTUS VALUE HSG FIN I LTD,Financial Services,Mortgage Finance,130538135552.0,260.65,13.257884,2.5793905,,156.2,0.19,0.168,0.61761004,1.92,ok,
ARCHIDPLY.NS,ARCHIDPLY IND. LTD,Basic Materials,Lumber & Wood Production,1790065536.0,89.49,22.261194,1.584006,0.07393,163.098,,0.107,0.01189,,ok,
AQYLON.NS,AQYLON NEXUS LIMITED,Communication Services,Broadcasting,6832964096.0,26.93,117.08695,-118.63436,,,,1.802,0.43607,,ok,
ARCHIES.NS,ARCHIES LTD,Consumer Cyclical,Specialty Retail,474946816.0,14.06,,0.3806997,-0.03365,34.565,,-0.456,-0.07779,,ok,
ARE&M.NS,AMARA RAJA ENERGY MOB LTD,Industrials,Electrical Equipment & Parts,170524737536.0,931.7,19.025934,2.1055129,0.11567,5.015,0.945,0.155,0.06485,1.14,ok,
ARENTERP.NS,RAJDARSHAN INDUSTRIES LTD,Basic Materials,Other Industrial Metals & Mining,122594912.0,37.91,,0.56699723,-0.00833,,,0.569,-0.3076,,ok,
ARFIN.NS,ARFIN INDIA LIMITED,Basic Materials,Aluminum,14852639744.0,88.03,95.68478,8.816224,0.094469994,75.884,11.811,0.26,0.025,0.25,ok,
ARIES.NS,ARIES AGRO LTD.,Basic Materials,Agricultural Inputs,4411722240.0,339.25,10.292779,1.3186946,0.13418001,16.482,,0.411,0.05791,0.35,ok,
ARIHANT.NS,ARIHANT FOUN & HOU LTD,Real Estate,Real Estate - Development,12215963648.0,1124.6,18.990206,3.017837,0.17285,129.752,-0.626,1.2,0.14029,,ok,
ARIS.NS,ARISINFRA SOLUTIONS LTD,Industrials,Engineering & Construction,10831140864.0,132.42,19.359648,1.4647744,0.12219,9.356,,0.553,0.04937,,ok,
ARIHANTCAP.NS,ARIHANT CAPITAL MKTS LTD,Financial Services,Capital Markets,8272448000.0,75.47,20.905819,1.7056139,,55.35,0.692,0.504,0.19363001,0.65,ok,
ARIHANTSUP.NS,ARIHANT SUPERSTRUCT LTD,Real Estate,Real Estate - Development,11482872832.0,265.5,24.953007,3.1649342,0.111269996,194.333,-0.439,0.185,0.08357,0.56,ok,
ARKADE.NS,ARKADE DEVELOPERS LIMITED,Real Estate,Real Estate - Development,25996619776.0,140.02,482.8276,2.944504,0.006,11.23,,0.495,0.00659,1.42,ok,
ARMANFIN.NS,ARMAN FIN SERV LTD,Financial Services,Credit Services,21365993472.0,2032.0,37.88924,2.2860203,0.06263,190.256,2.213,0.368,0.19372,,ok,
AROGRANITE.NS,ARO GRANITE IND. LTD.,Industrials,Building Products & Equipment,387548992.0,25.33,,0.22162919,-0.065689996,87.15,,-0.57,-0.16075,,ok,
ARROWGREEN.NS,ARROW GREENTECH LIMITED,Consumer Cyclical,Packaging & Containers,11789715456.0,781.4,24.877428,5.034664,0.22236,0.957,-0.354,-0.271,0.23615,0.54,ok,
ARSHIYA.NS,ARSHIYA LIMITED,Industrials,Integrated Freight & Logistics,252936880.0,0.96,,-0.007962378,,,,0.028,0.0,,ok,
ARSSBL.NS,ANAND RATHI SH N STK BR L,Financial Services,Financial Conglomerates,31785465856.0,504.0,21.538462,2.344993,,63.43,0.024,0.27,0.16182,0.98,ok,
ARTEMISMED.NS,ARTEMIS MED SERVICE LTD,,,,316.3,138.12227,5.356931,,27.805,0.471,0.127,0.102060005,,ok,
ARVEE.NS,ARVEE LABORATORIES I LTD,Basic Materials,Specialty Chemicals,1724850432.0,156.52,83.255325,5.1272645,0.07767,3.296,6.527,0.675,0.08016,,ok,
ARTNIRMAN.NS,ART NIRMAN LIMITED,Real Estate,Real Estate - Development,1060380480.0,42.49,83.31373,2.5472095,0.01395,195.929,-0.885,1.519,0.01564,,ok,
ARVIND.NS,ARVIND LIMITED,Consumer Cyclical,Textile Manufacturing,146942377984.0,560.55,35.52281,3.6289775,0.10657,40.071,0.057,0.15,0.04449,0.71,ok,
ARVSMART.NS,ARVIND SMARTSPACES LTD,Real Estate,Real Estate - Development,29847937024.0,650.75,31.091734,4.4050255,0.121350005,65.077,1.21,-0.047,0.17097999,0.99,ok,
ARVINDFASN.NS,ARVIND FASHIONS LIMITED,Consumer Cyclical,Apparel Retail,61326413824.0,458.8,50.752213,6.4877396,,115.111,-0.239,0.155,0.02199,0.35,ok,
ASAHIINDIA.NS,ASAHI INDIA GLASS LIMITED,Consumer Cyclical,Auto Parts,229103075328.0,898.7,65.076035,5.8228965,,55.868,1.654,0.155,0.08465,0.22,ok,
ASAHISONG.NS,ASAHI SONGWON COLOR LTD,Basic Materials,Specialty Chemicals,4308244480.0,365.5,12.364682,1.587867,,48.076,5.08,0.26,0.06064,0.4,ok,
ASAL.NS,AUTOMOTIVE STAMPINGS & AS,Consumer Cyclical,Auto Parts,8026591744.0,505.95,26.940895,22.19663,,343.962,0.846,0.464,0.030720001,,ok,
ASHAPURMIN.NS,ASHAPURA MINECHEM LTD,Basic Materials,Other Industrial Metals & Mining,70531694592.0,738.35,17.579762,4.276497,0.29049,87.774,0.28,2.546,0.07665,0.14,ok,
ASALCBR.NS,ASSO ALCOHOLS & BREW LTD,Consumer Defensive,Beverages - Wineries & Distilleries,14716046336.0,732.9,17.27723,2.0113342,,9.922,-0.246,0.053,0.07995,0.24,ok,
ASHIKAG.NS,ASHIKA GLOBAL SEC LTD,,,,454.4,,1.7384118,,22.575,1.01,1.293,0.29818,,ok,
ASHIANA.NS,ASHIANA HOUSING LTD,Real Estate,Real Estate - Development,37782265856.0,375.85,31.663858,4.1703653,0.14524001,37.597,0.032,0.468,0.10312,0.65,ok,
ASHIMASYN.NS,ASHIMA LTD,Real Estate,Real Estate - Development,3486296832.0,18.19,,1.2589978,,59.301,,2.011,-0.90102,,ok,
ASHOKA.NS,ASHOKA BUILDCON LTD,Industrials,Engineering & Construction,33217980416.0,118.33,4.6660094,0.5047993,0.47987998,24.459,-0.669,-0.275,0.3391,,ok,
ASIANHOTNR.NS,ASIAN HOTELS (NORTH) LTD,Consumer Cyclical,Lodging,13331410944.0,312.7,,1.2219809,-0.17289,36.252,-0.82,0.125,-0.2998,,ok,
ASHOKLEY.NS,ASHOK LEYLAND LTD,Industrials,Farm & Heavy Construction Machinery,1042609143808.0,177.5,29.932547,7.320795,0.21639,344.737,0.142,0.174,0.06158,1.97,ok,
ASIANENE.NS,ASIAN ENERGY SERVICES LTD,Energy,Oil & Gas Equipment & Services,19852005376.0,408.55,35.96391,3.700567,0.116000004,32.051,0.419,0.57,0.06467,0.26,ok,
ASHOKAMET.NS,ASHOKA METCAST LIMITED,Basic Materials,Steel,355693056.0,14.23,2.352066,0.20826013,0.08558,43.157,,0.236,0.38985002,,ok,
ASIANPAINT.NS,ASIAN PAINTS LIMITED,Basic Materials,Specialty Chemicals,2621892198400.0,2735.0,55.15225,12.275197,,17.847,0.4,0.179,0.12813,1.0,ok,
ASIANTILES.NS,ASIAN GRANITO IND. LTD.,Industrials,Building Products & Equipment,16338753536.0,55.11,78.72858,1.0730976,0.01283,28.468,,0.141,0.01123,,ok,
ASKAUTOLTD.NS,ASK AUTOMOTIVE LIMITED,Consumer Cyclical,Auto Parts,125175693312.0,634.95,42.13338,9.547403,,51.789,0.288,0.527,0.06815,0.27,ok,
ASMS.NS,AVIO SMART MRKT STACK LTD,Technology,Information Technology Services,2208181248.0,7.25,38.157894,6.315331,0.19015,25.615,1.239,2.861,0.05709,,ok,
ASPINWALL.NS,ASPINWALL & CO LTD,Consumer Defensive,Farm Products,1871776384.0,239.41,14.233651,0.93169415,,39.552,,0.275,0.03568,2.69,ok,
ASTEC.NS,ASTEC LIFESCIENCES LTD,Basic Materials,Agricultural Inputs,13826128896.0,620.5,,3.5396667,,114.84,,-0.083,-0.15114,,ok,
ASTERDM.NS,ASTER DM QUALITY CARE LTD,Healthcare,Medical Care Facilities,758093512704.0,869.7,116.11482,9.794471,,45.921,-0.812,0.25,0.0653,0.47,ok,
ASTAR.NS,ASIAN STAR CO. LTD.,,,,593.05,,0.5668339,0.025139999,29.759,,-0.127,0.01403,,ok,
ASTRAL.NS,ASTRAL LIMITED,Industrials,Building Products & Equipment,387930849280.0,1444.0,72.56281,9.559875,0.13798,6.168,0.188,0.242,0.08169,0.28,ok,
ASTRAMICRO.NS,ASTRA MICROWAVE LTD,Technology,Communication Equipment,174698807296.0,1840.0,91.17938,13.291821,0.15994,21.883,0.442,0.197,0.16595,0.12,ok,
ASTRAZEN.NS,ASTRAZENECA PHARMA IND LT,Healthcare,Drug Manufacturers - Specialty & Generic,204774998016.0,8191.0,109.06791,23.462116,0.22825001,12.679,-0.23,0.204,0.08241,0.45,ok,
ASTRON.NS,ASTRON PAPER BORD MIL LTD,Basic Materials,Paper & Paper Products,176760992.0,3.74,,0.25619948,-0.26573,113.06,,-0.924,0.0,,ok,
ATALREAL.NS,ATAL REALTECH LIMITED,Industrials,Engineering & Construction,4373537280.0,35.3,35.656563,2.3607302,0.079569995,14.083,5.117,0.378,0.05407,,ok,
ATGL.NS,ADANI TOTAL GAS LIMITED,Utilities,Utilities - Regulated Gas,723180060672.0,657.55,114.55575,14.865597,,58.65,-0.142,0.272,0.100839995,0.04,ok,
ATAM.NS,ATAM VALVES LIMITED,Industrials,Specialty Industrial Machinery,741541504.0,64.69,30.65877,1.9412435,0.06482,39.253,-0.598,-0.109,0.051069997,1.32,ok,
ATL.NS,ALLCARGO TERMINALS LTD,Industrials,Integrated Freight & Logistics,7316913152.0,25.07,14.575581,2.0397038,0.14028,218.109,,0.119,0.05386,,ok,
ATHERENERG.NS,ATHER ENERGY LIMITED,Consumer Cyclical,Auto Manufacturers,583896662016.0,1481.5,,22.03695,,25.819,,0.888,-0.0919,,ok,
ATLANTAA.NS,ATLANTAA LIMITED,Industrials,Infrastructure Operations,3270595072.0,40.13,,1.5397307,-0.00802,148.258,-0.007,-0.189,-0.023139998,,ok,
ATLANTAELE.NS,ATLANTA ELECTRICALS LTD,Industrials,Electrical Equipment & Parts,123603632128.0,1607.4,54.935066,13.301447,,5.461,0.504,0.48,0.10858,,ok,
ATLASCYCLE.NS,ATLAS CYCLE (HARYANA) LTD,Consumer Cyclical,Leisure,648562752.0,99.72,,0.1708936,-0.02095,2.371,,-0.836,-1.16391,,ok,
ATUL.NS,ATUL LTD,Basic Materials,Specialty Chemicals,199438450688.0,6774.0,25.042515,3.2053952,,2.907,0.92,0.25,0.119729996,0.44,ok,
ATULAUTO.NS,ATUL AUTO LIMITED,Consumer Cyclical,Auto Manufacturers,16009713664.0,576.9,37.854332,6.9947624,,,0.559,0.253,0.08078,,ok,
AUBANK.NS,AU SMALL FINANCE BANK LTD,Financial Services,Banks - Regional,798822760448.0,1067.0,28.272388,3.9927256,,,0.37,0.298,0.21372999,0.09,ok,
AURIONPRO.NS,AURIONPRO SOLN LTD,Technology,Software - Application,40154038272.0,727.25,19.455591,2.252322,,3.478,-0.106,0.063,0.14232999,0.82,ok,
AUROPHARMA.NS,AUROBINDO PHARMA LTD,Healthcare,Drug Manufacturers - Specialty & Generic,953976619008.0,1658.0,27.903065,2.5414207,,21.31,0.252,0.163,0.10627,0.25,ok,
AURUM.NS,AURUM PROPTECH LIMITED,Real Estate,Real Estate Services,17343145984.0,226.01,29.895502,2.7513878,,44.065,,0.635,0.10419,,ok,
AURUS.NS,AURUS GEM CORP LIMITED,Consumer Cyclical,Luxury Goods,141818032.0,4.81,8.152543,0.7645843,0.09988,78.961,,-0.725,0.108500004,,ok,
AUSOMENT.NS,AUSOM ENTERPRISE LIMITED,Financial Services,Capital Markets,1919286016.0,140.88,9.851748,1.1891919,0.12807,5.493,-0.925,-0.055,0.00931,0.72,ok,
AUTOAXLES.NS,AUTOMOTIVE AXLES LIMITED,Consumer Cyclical,Auto Parts,27621668864.0,1827.8,16.811995,2.5138705,,1.28,0.276,0.077,0.07898,1.73,ok,
AUTOIND.NS,AUTOLINE INDUSTRIES LTD,Consumer Cyclical,Auto Parts,4257573888.0,93.83,10.923166,2.1604881,0.21987,164.641,3.664,0.484,0.046719998,,ok,
AVADHSUGAR.NS,AVADH SUG & ENERGY LTD,Consumer Defensive,Confectioners,12032070656.0,601.05,20.993713,1.0700303,,125.143,,0.087,0.023929998,1.66,ok,
AVALON.NS,AVALON TECHNOLOGIES LTD,Technology,Electronic Components,131305144320.0,1965.3,116.565834,18.191496,,29.503,1.453,0.507,0.07445,,ok,
AVANTEL.NS,AVANTEL LIMITED,Technology,Communication Equipment,43425120256.0,163.43,380.06973,12.839186,,10.164,0.672,0.357,0.071100004,0.12,ok,
AVANTIFEED.NS,AVANTI FEEDS LIMITED,Consumer Defensive,Packaged Foods,123513479168.0,906.55,20.575352,3.7587173,0.19055,0.357,-0.176,0.06,0.09991,1.12,ok,
AVG.NS,AVG LOGISTICS LIMITED,Industrials,Integrated Freight & Logistics,3717668864.0,198.72,11.786476,1.104,0.10145,81.0,1.049,0.051,0.047119997,0.58,ok,
AVONMORE.NS,AVONMORE CAP&MGT SERV LTD,Financial Services,Capital Markets,3084279296.0,10.93,20.24074,0.7476572,,4.926,1.966,0.36,0.14456001,,ok,
AVL.NS,ADITYA VISION LIMITED,Consumer Cyclical,Specialty Retail,79865430016.0,618.45,57.423397,11.551177,,83.205,0.4,0.269,0.04753,0.17,ok,
AVROIND.NS,AVRO INDIA LIMITED,Consumer Cyclical,"Furnishings, Fixtures & Appliances",1220959744.0,9.1,303.33334,1.3667768,0.05268,19.736,0.904,0.393,0.04858,,ok,
AWFIS.NS,AWFIS SPACE SOLUTIONS LTD,Industrials,Rental & Leasing Services,19440138240.0,271.65,27.384071,3.5174153,0.14007,271.732,1.07,0.207,0.04744,,ok,
AVTNPL.NS,AVT NATURAL PRODUCTS LTD,Basic Materials,Specialty Chemicals,10943128576.0,71.86,16.868544,1.9564922,0.12162,20.311,0.534,0.419,0.09086,1.26,ok,
AWHCL.NS,ANTONY WASTE HDG CELL LTD,Industrials,Waste Management,11795525632.0,415.75,15.635577,1.5964105,0.1058,50.103,-0.187,0.178,0.07164,0.12,ok,
AWL.NS,AWL AGRI BUSINESS LIMITED,Consumer Defensive,Packaged Foods,255133974528.0,197.5,21.703297,2.4465477,,10.621,0.482,0.175,0.01487,0.51,ok,
AXISBANK.NS,AXIS BANK LIMITED,Financial Services,Banks - Regional,3852222070784.0,1238.0,13.902302,1.7253225,0.13352999,,0.222,0.14,0.36031,0.08,ok,
AXISCADES.NS,AXISCADES TECH LTD,Industrials,Engineering & Construction,67989782528.0,1598.5,94.810196,9.359721,0.10366999,52.834,-0.986,0.015,0.06205,,ok,
AXITA.NS,AXITA COTTON LIMITED,Consumer Cyclical,Textile Manufacturing,2793516800.0,7.3,146.0,4.037611,,34.066,,-0.608,0.00494,,ok,
AYMSYNTEX.NS,AYM SYNTEX LIMITED,Consumer Cyclical,Textile Manufacturing,14563118080.0,247.95,223.37837,2.4693508,0.01123,31.914,3.45,0.014,0.0047999998,,ok,
AYE.NS,AYE FINANCE LIMITED,Financial Services,Credit Services,41688977408.0,170.47,17.556128,1.4864712,,199.987,1.435,0.367,0.22211,,ok,
AZAD.NS,AZAD ENGINEERING LIMITED,Industrials,Specialty Industrial Machinery,160743964672.0,2489.0,120.64954,10.5175085,0.09142,31.025,0.424,0.273,0.22037001,,ok,
BAFNAPH.NS,BAFNA PHARMACEUTICALS LTD,Healthcare,Drug Manufacturers - Specialty & Generic,6742055936.0,285.0,60.76759,7.024722,0.12267999,38.932,1.097,0.081,0.073699996,,ok,
BAGFILMS.NS,B.A.G FILMS AND MEDIA LTD,Communication Services,Broadcasting,941406208.0,4.32,24.0,0.34911916,0.02234,50.258,-0.703,0.025,0.02493,,ok,
BAIDFIN.NS,BAID FINSERV LIMITED,Financial Services,Credit Services,1553527680.0,10.03,8.721739,0.667332,0.07272,,0.278,0.597,0.26012,0.98,ok,
BAJAJ-AUTO.NS,BAJAJ AUTO LIMITED,Consumer Cyclical,Auto Manufacturers,3204762304512.0,11662.0,27.724419,8.393866,,56.352,0.459,0.64,0.16251,1.29,ok,
BAJAJCON.NS,BAJAJ CONSUMER CARE LTD,Consumer Defensive,Household & Personal Products,70200819712.0,537.45,31.934048,9.530946,,2.092,0.865,0.281,0.18059,,ok,
BAJAJELEC.NS,BAJAJ ELECT.LTD,Consumer Cyclical,"Furnishings, Fixtures & Appliances",42828025856.0,371.15,,2.6864753,,84.783,,-0.185,0.00795,0.87,ok,
BAJAJFINSV.NS,BAJAJ FINSERV LTD.,Financial Services,Financial Conglomerates,3214731640832.0,2008.9,31.781364,4.122072,,256.404,0.123,0.193,0.06471,0.06,ok,
BAJAJHCARE.NS,BAJAJ HEALTHCARE LIMITED,Healthcare,Drug Manufacturers - Specialty & Generic,11101944832.0,329.8,47.047073,1.9747201,,46.734,0.158,0.113,0.028080001,0.3,ok,
BAJAJHFL.NS,BAJAJ HOUSING FINANCE LTD,Financial Services,Mortgage Finance,714515939328.0,85.79,26.560371,3.1723552,0.12679,460.74,0.226,0.192,0.63176996,,ok,
BAJAJHIND.NS,BAJAJ HINDUSTHAN SUGAR LT,Consumer Defensive,Confectioners,41426300928.0,17.57,20.430231,4.1684456,0.06358,92.996,,0.076,0.02321,,ok,
BAJAJINDEF.NS,INDEF MANUFACTURING LTD,Industrials,Farm & Heavy Construction Machinery,7442240000.0,232.57,31.47091,2.7587721,0.08966,1.818,-0.326,0.284,0.11376,0.84,ok,
BAJAJHLDNG.NS,BAJAJ HOLDINGS & INVS LTD,Financial Services,Asset Management,1253498814464.0,11263.0,14.158034,1.713587,0.11598,0.012,-0.224,0.242,7.34641,1.41,ok,
BAJAJST.NS,BAJAJ STEEL INDS. LTD.,,,,390.4,,1.5249404,0.09097,14.745,-0.872,-0.239,0.0704,,ok,
BAJEL.NS,BAJEL PROJECTS LIMITED,Utilities,Utilities - Regulated Electric,22188357632.0,191.78,103.66486,2.9680874,0.02868,49.067,1.932,0.257,0.0072600003,0.31,ok,
BAJFINANCE.NS,BAJAJ FINANCE LIMITED,Financial Services,Credit Services,6706144215040.0,1078.0,33.509483,5.879754,,314.833,0.274,0.261,0.43495,0.47,ok,
BALAJEE.NS,SHREE TIRUPATI BALAJEE L,Consumer Cyclical,Packaging & Containers,2216280064.0,27.17,20.125925,0.7256363,0.03599,66.475,-0.353,-0.021,0.01919,,ok,
BALAJITELE.NS,BALAJI TELEFILMS LIMITED.,Communication Services,Entertainment,10449464320.0,85.72,,1.6513515,-0.07782,3.047,,-0.281,-0.23290001,,ok,
BALAMINES.NS,BALAJI AMINES LIMITED,Basic Materials,Specialty Chemicals,65761067008.0,2029.6,32.205647,3.327224,,6.194,0.972,0.272,0.13407,0.52,ok,
BALAXI.NS,BALAXI PHARMA LTD,Healthcare,Drug Manufacturers - Specialty & Generic,1342646400.0,24.32,93.53847,0.5439499,0.0058899997,23.145,-0.929,-0.073,0.00524,,ok,
BALKRISHNA.NS,BALKRISHNA PAPER MILLS L,Consumer Cyclical,Packaging & Containers,568996928.0,17.66,,-0.3227457,,,,-0.467,-1.37701,,ok,
BALMLAWRIE.NS,BALMER LAWRIE & CO LTD,Industrials,Conglomerates,29958162432.0,175.19,10.834261,1.445808,,10.544,0.036,0.1,0.100200005,9.62,ok,
BALPHARMA.NS,BAL PHARMA LTD.,Healthcare,Drug Manufacturers - Specialty & Generic,1420619520.0,89.23,23.116581,1.7254516,0.079169996,201.197,-0.466,0.027,0.02016,1.38,ok,
BALKRISIND.NS,BALKRISHNA IND. LTD,Consumer Cyclical,Auto Parts,476778168320.0,2466.3,33.905693,4.352038,,35.269,-0.15,0.069,0.1233,0.75,ok,
BALRAMCHIN.NS,BALRAMPUR CHINI MILLS LTD,Consumer Defensive,Confectioners,133953847296.0,633.45,34.35195,3.0919306,0.095410004,76.606,-0.304,0.067,0.060349997,1.11,ok,
BALUFORGE.NS,BALU FORGE INDUSTRIES LTD,Industrials,Metal Fabrication,53936951296.0,469.05,19.633738,3.0452454,0.19556,9.524,0.049,-0.023,0.23379,0.03,ok,
BANARISUG.NS,BANNARI AMMAN SUGARS LTD,Consumer Defensive,Confectioners,43776094208.0,3491.0,29.63246,2.288205,0.08012,0.484,0.182,-0.428,0.07717,0.36,ok,
BANARBEADS.NS,BANARAS BEADS LTD,Consumer Cyclical,Footwear & Accessories,751193856.0,113.86,40.09155,1.3031038,,35.612,0.18,0.459,0.0665,,ok,
BANCOINDIA.NS,BANCO PRODUCTS (I) LTD,Consumer Cyclical,Auto Parts,98259468288.0,686.95,21.34711,5.8321376,0.3225,36.44,-0.04,0.256,0.12362,2.35,ok,
BANDHANBNK.NS,BANDHAN BANK LIMITED,Financial Services,Banks - Regional,283581972480.0,176.02,20.491268,1.1072947,,,0.349,0.216,0.13617,0.86,ok,
BANG.NS,BANG OVERSEAS LTD.,Consumer Cyclical,Apparel Manufacturing,406935616.0,30.01,6.8359914,0.43495274,,44.214,0.457,0.203,0.28488,,ok,
BANKA.NS,BANKA BIOLOO LIMITED,Industrials,Pollution & Treatment Controls,938552768.0,86.31,269.71875,2.413928,0.0106,95.839,,0.191,0.0068900003,,ok,
BANKBARODA.NS,BANK OF BARODA,Financial Services,Banks - Regional,1296460546048.0,250.7,6.985233,0.7690585,0.113170005,,-0.486,0.18,0.27392,3.39,ok,
BANKINDIA.NS,BANK OF INDIA,Financial Services,Banks - Regional,660136787968.0,145.0,5.368382,0.72592556,0.13697,,0.805,0.185,0.34992,3.26,ok,
BANSALWIRE.NS,BANSAL WIRE INDUSTRIES L,Basic Materials,Steel,52007890944.0,332.2,36.626244,3.6344543,,38.769,-0.479,0.244,0.03238,,ok,
BASML.NS,BANNARI AM SPIN MILL LTD.,Consumer Cyclical,Textile Manufacturing,2161074176.0,27.04,14.083334,0.4562866,0.03375,83.809,-0.253,-0.021,0.015800001,0.92,ok,
BANSWRAS.NS,BANSWARA SYNTEX LIMITED,Consumer Cyclical,Textile Manufacturing,4240670464.0,123.88,11.406999,0.72502106,,89.715,0.38,0.003,0.01922,0.99,ok,
BASF.NS,BASF INDIA LTD,Basic Materials,Specialty Chemicals,177081548800.0,4091.0,28.66251,4.474628,,3.35,1.622,0.245,0.040120002,0.61,ok,
BATAINDIA.NS,BATA INDIA LTD,Consumer Cyclical,Footwear & Accessories,92604088320.0,720.5,69.01341,5.8036976,0.08465999,86.9,-0.952,0.05,0.03817,1.24,ok,
BATLIBOI.NS,BATLIBOI LTD.,Industrials,Specialty Industrial Machinery,4303326208.0,91.13,67.00735,1.8628373,0.02866,37.078,-0.171,-0.345,0.01289,0.58,ok,
BAYERCROP.NS,BAYER CROPSCIENCE LTD,Basic Materials,Agricultural Inputs,187732115456.0,4177.2,27.22722,6.330108,,2.758,0.154,0.005,0.12922,3.56,ok,
BBL.NS,BHARAT BIJLEE LTD,Industrials,Electrical Equipment & Parts,26329487360.0,2329.4,23.53167,1.2978308,,15.116,-0.296,0.2,0.047459997,1.49,ok,
BBOX.NS,BLACK BOX LIMITED,Technology,Software - Application,132213727232.0,744.45,58.710567,10.26771,0.21267,89.594,0.071,0.095,0.03441,0.13,ok,
BBTC.NS,BOMBAY BURMAH TRADING COR,Consumer Defensive,Packaged Foods,104943919104.0,1504.1,8.466171,1.4902614,0.28709,16.57,0.438,0.075,0.06264,2.27,ok,
BBTCL.NS,B&B TRIPLEWALL CONT LTD,Consumer Cyclical,Packaging & Containers,4621182464.0,225.3,22.373386,3.498882,0.16374001,192.896,,0.142,0.03342,,ok,
BCG.NS,BRIGHTCOM GROUP LIMITED,Communication Services,Advertising Agencies,18772252672.0,9.3,1.9496856,0.17758599,0.09993,,0.722,0.617,0.1389,,ok,
BCLIND.NS,BCL INDUSTRIES LIMITED,Consumer Defensive,Beverages - Wineries & Distilleries,10909236224.0,36.96,9.476923,1.1983659,0.14187,59.845,-0.086,-0.195,0.04119,0.71,ok,
BCONCEPTS.NS,BRAND CONCEPTS LIMITED,Consumer Cyclical,Footwear & Accessories,2169600000.0,173.82,204.49413,2.6174166,0.01337,219.532,,0.062,0.00312,,ok,
BCPL.NS,BCPL RAILWAY INFRA LTD,Industrials,Infrastructure Operations,1166808192.0,69.77,18.122078,1.1993742,0.06757,71.382,-0.536,-0.255,0.03066,1.43,ok,
BDL.NS,BHARAT DYNAMICS LIMITED,Industrials,Aerospace & Defense,474331873280.0,1294.0,113.210846,11.17608,0.1019,0.007,-0.585,-0.73,0.17214,0.4,ok,
BEARDSELL.NS,BEARDSELL LIMITED,Industrials,Building Products & Equipment,1074263808.0,27.24,9.393103,1.1685972,0.13226,24.168,1.343,-0.048,0.04163,0.37,ok,
BECTORFOOD.NS,MRS BECTORS FOOD SPE LTD,Consumer Defensive,Packaged Foods,68888690688.0,224.4,48.888885,5.435783,0.11563,15.011,0.033,0.089,0.06894,0.57,ok,
BEEKAY.NS,BEEKAY STEEL INDS. LTD.,,,,394.0,,0.6978713,0.03458,,,,0.030299999,,ok,
BEL.NS,BHARAT ELECTRONICS LTD,Industrials,Aerospace & Defense,2931221331968.0,401.0,47.852028,12.219276,,0.273,0.087,0.249,0.21403,0.63,ok,
BEDMUTHA.NS,BEDMUTHA INDUST LTD,Basic Materials,Steel,3646141696.0,113.01,56.22388,2.3999746,0.043759998,136.977,6.074,0.546,0.0044299997,,ok,
BELLACASA.NS,BELLA CASA FASH AND RET L,Consumer Cyclical,Textile Manufacturing,3237766912.0,241.85,15.995371,1.887934,0.12714,47.054,0.052,0.271,0.04834,0.83,ok,
BELRISE.NS,BELRISE INDUSTRIES LTD,Consumer Cyclical,Auto Parts,240056795136.0,248.21,42.647766,4.0423107,0.12516,29.1,0.184,0.121,0.052249998,0.22,ok,
BEML.NS,BEML LIMITED,Industrials,Conglomerates,148904083456.0,1787.8,101.579544,5.0754304,0.04858,10.568,-0.375,0.086,0.03249,0.75,ok,
BENGALASM.NS,BENGAL & ASSAM CO. LTD.,,,,6178.5,,0.6592753,0.08084,5.85,-0.09,0.251,0.32996,,ok,
BEPL.NS,BHANSALI ENG. POLYMERS LT,Basic Materials,Chemicals,30751440896.0,123.57,15.369403,2.8388624,,,0.429,0.533,0.13877,3.27,ok,
BERGEPAINT.NS,BERGER PAINTS (I) LTD,Basic Materials,Specialty Chemicals,618622812160.0,530.55,54.80888,8.944617,,9.165,0.285,0.132,0.09912,0.74,ok,
BESTAGRO.NS,BEST AGROLIFE LIMITED,Basic Materials,Agricultural Inputs,7121795584.0,20.08,23.904762,0.92637014,,57.549,1.041,0.039,0.02328,0.99,ok,
BETA.NS,BETA DRUGS LIMITED,Healthcare,Drug Manufacturers - Specialty & Generic,23961440256.0,2373.7,53.849815,9.826788,,60.386,0.351,0.253,0.111140005,,ok,
BFINVEST.NS,BF INVESTMENT LIMITED,Financial Services,Asset Management,17686835200.0,469.55,6.3315797,0.20713864,0.036530003,0.001,,0.415,3.69471,2.11,ok,
BGRENERGY.NS,BGR ENERGY SYSTEMS LTD,Industrials,Engineering & Construction,19245488128.0,266.7,,-0.67274415,,,,-0.822,0.0,,ok,
BFUTILITIE.NS,BF UTILITIES LIMITED,Industrials,Infrastructure Operations,21041135616.0,558.6,13.296834,6.991326,,68.46,0.2,0.12,0.17851,,ok,
BHAGCHEM.NS,BHAGIRADHA CHEM & INDS L,Basic Materials,Agricultural Inputs,37033488384.0,285.6,204.00002,5.3032274,,33.579,2.35,0.576,0.04533,0.05,ok,
BHAGERIA.NS,BHAGERIA INDUSTRIES LTD,Basic Materials,Specialty Chemicals,9053112320.0,207.43,13.111883,1.5158689,,18.402,2.031,0.819,0.06876,1.21,ok,
BHAGYANGR.NS,BHAGYANAGAR INDIA LIMITED,Basic Materials,Copper,12580433920.0,393.2,20.102251,4.881077,,100.527,1.674,0.452,0.0242,,ok,
BHANDARI.NS,BHANDARI HOSIERY EXP LTD,Consumer Cyclical,Apparel Manufacturing,952255424.0,2.86,13.0,0.4903137,0.04617,57.828,-0.274,0.01,0.02767,0.61,ok,
BHARATCOAL.NS,BHARAT COKING COAL LTD,Basic Materials,Coking Coal,,34.07,,2.7455878,,38.792,,-0.036,-0.00863,,ok,
BHARATFORG.NS,BHARAT FORGE LTD,Consumer Cyclical,Auto Parts,1082966343680.0,2265.2,99.52548,11.304634,0.11603,76.475,-0.175,0.175,0.06422,0.38,ok,
BHARATGEAR.NS,BHARAT GEARS LTD,Consumer Cyclical,Auto Parts,1631474944.0,106.25,9.883721,1.2436064,0.13524,55.563,1.967,0.203,0.02105,0.81,ok,
BHARATRAS.NS,BHARAT RASAYAN LTD,Basic Materials,Agricultural Inputs,22574739456.0,1358.2,3.8728254,1.7709291,0.121190004,0.096,0.518,0.005,0.11734,0.03,ok,
BHARATSE.NS,BHARAT SEATS LIMITED,Consumer Cyclical,Auto Parts,15127891968.0,240.89,35.79346,6.5870934,0.1991,47.94,0.164,0.462,0.02165,0.67,ok,
BHARATWIRE.NS,BHARAT WIRE ROPES LTD.,Basic Materials,Steel,13804870656.0,201.17,25.990957,1.7019746,0.09365,9.237,-0.203,-0.177,0.12269,,ok,
BHARTIHEXA.NS,BHARTI HEXACOM LIMITED,Communication Services,Telecom Services,769400045568.0,1538.8,42.158905,10.738011,0.26466998,85.654,-0.046,0.054,0.18529,1.16,ok,
BHEL.NS,BHEL,Industrials,Specialty Industrial Machinery,1410932146176.0,405.2,58.72464,5.3962636,,31.312,,0.403,0.06758,0.34,ok,
BHARTIARTL.NS,BHARTI AIRTEL LIMITED,Communication Services,Telecom Services,12227145891840.0,1959.9,40.899418,7.3933663,0.20151,100.415,0.373,0.184,0.1314,1.23,ok,
BI.NS,BILCARE LTD.,,,,62.92,,0.7528387,-0.05209,836.849,15.954,-0.033,0.00234,,ok,
BIGBLOC.NS,BIGBLOC CONSTRUCTION LTD,Industrials,Building Products & Equipment,6632823296.0,46.85,,4.822439,-0.05742,137.729,-0.156,0.346,-0.00621,,ok,
BIKAJI.NS,BIKAJI FOODS INTERN LTD,Consumer Defensive,Packaged Foods,156334145536.0,623.5,63.2353,9.728354,,17.531,0.004,0.145,0.08397,0.2,ok,
BIL.NS,BHARTIYA INTERNATIONAL,Consumer Cyclical,Footwear & Accessories,11135334400.0,830.35,82.05039,2.2556565,0.02873,111.216,,0.297,0.0099,,ok,
BILVYAPAR.NS,BIL VYAPAR LIMITED,Basic Materials,Specialty Chemicals,127973992.0,4.08,,-0.06853687,,,,,-0.01923,,ok,
BIMETAL.NS,BIMETAL BEARINGS LTD.,Consumer Cyclical,Auto Parts,2545346304.0,665.45,21.725433,1.1109275,0.05156,1.604,0.44,0.471,0.03946,2.04,ok,
BIOCON.NS,BIOCON LIMITED.,Healthcare,Biotechnology,694223044608.0,426.35,150.12325,2.0289145,,42.145,3.494,0.114,0.02864,0.11,ok,
BIOFILCHEM.NS,BIOFIL CHEM & PHARMA LTD,Healthcare,Drug Manufacturers - Specialty & Generic,527108384.0,32.39,18.941519,2.4517446,0.13811,14.005,0.063,-0.093,0.08851,,ok,
BIRLACABLE.NS,BIRLA CABLE LIMITED,Technology,Communication Equipment,7626300416.0,254.21,45.233097,2.7149327,,47.195,21.535,0.511,0.05368,0.5,ok,
BIRLACORPN.NS,BIRLA CORPORATION LTD,Basic Materials,Building Materials,70409830400.0,914.35,12.7151985,0.95604503,,46.04,-0.032,0.078,0.05623,1.37,ok,
BIRLAMONEY.NS,ADITYA BIRLA MONEY LTD,Financial Services,Capital Markets,7476167168.0,132.3,13.78125,2.489978,,734.586,-0.276,0.08,0.15797,,ok,
BIRLANU.NS,BIRLANU LIMITED,Industrials,Building Products & Equipment,12378385408.0,1641.5,,1.1147875,,100.118,,0.122,-0.028350001,0.97,ok,
BIRLAPREC.NS,BIRLA PRECISION TECH L,,,,35.05,,1.3548511,0.06795,30.412,-0.392,0.222,0.04561,,ok,
BLACKROSE.NS,BLACK ROSE INDS. LTD.,,,,112.93,,3.39231,0.1396,0.848,0.619,0.255,0.06942,,ok,
BLAL.NS,BEML LAND ASSETS LIMITED,Financial Services,Shell Companies,7138284032.0,171.41,311.65454,641.98505,,1062.5,,,1.16142,,ok,
BLACKBUCK.NS,BLACKBUCK LIMITED,Technology,Software - Application,105218981888.0,577.65,62.38121,7.4179425,,4.164,0.251,0.421,0.23692,,ok,
BLBLIMITED.NS,BLB LIMITED,Financial Services,Capital Markets,843200832.0,15.95,2.531746,0.64700633,0.29271,1.655,,0.214,0.04467,,ok,
BLIL.NS,BALMER LAWRIE INVSTS. L,,,,70.75,,1.0897526,,9.788,0.122,0.24,0.92758006,,ok,
BLKASHYAP.NS,B.L.KASHYAP & SON LTD,Industrials,Engineering & Construction,12622504960.0,55.98,799.7143,2.3760612,0.0029499999,56.784,,0.236,0.00112,,ok,
BLISSGVS.NS,BLISS GVS PHARMA LTD,Healthcare,Drug Manufacturers - Specialty & Generic,50647146496.0,477.55,39.795834,4.235026,0.115959994,1.766,1.289,0.298,0.13928,0.41,ok,
BLS.NS,BLS INTL SERVS LTD,Industrials,Specialty Business Services,104662450176.0,254.33,15.284255,4.249031,0.30143,15.468,0.316,0.176,0.22904,1.18,ok,
BLUECHIP.NS,BLUE CHIP INDIA LIMITED,Financial Services,Capital Markets,91805200.0,1.66,,-10.709677,,,,4.98,-1.13519,,ok,
BLSE.NS,BLS E-SERVICES LIMITED,Industrials,Specialty Business Services,28152623104.0,310.55,49.137653,5.408017,0.12732,1.076,0.117,0.352,0.05144,0.47,ok,
BLUECOAST.NS,BLUE COAST HOTELS LIMITED,Consumer Cyclical,Lodging,493169664.0,25.06,,-1.5894964,,,,20.456,-1.02694,,ok,
BLUEDART.NS,BLUE DART EXPRESS LTD,Industrials,Integrated Freight & Logistics,120763318272.0,5089.5,41.985645,6.7957497,,,1.891,0.08,0.04516,0.49,ok,
BLUEJET.NS,BLUE JET HEALTHCARE LTD,Healthcare,Biotechnology,103021117440.0,593.9,43.927517,7.5741925,,3.102,-0.142,-0.174,0.26523,0.2,ok,
BLUESTARCO.NS,BLUE STAR LIMITED,Industrials,Building Products & Equipment,311267262464.0,1514.0,62.587845,9.071137,,23.588,-0.153,0.14,0.03978,0.54,ok,
BLUESTONE.NS,BLUESTONE JEWEL LFSTL LTD,Consumer Cyclical,Luxury Goods,124414394368.0,814.5,214.90765,6.8857946,,110.033,,0.496,0.02101,,ok,
BLUSPRING.NS,BLUSPRING ENTERPRISES LTD,Industrials,Specialty Business Services,16771761152.0,112.23,,2.47268,,18.377,,0.191,-0.0031299999,,ok,
BNAGROCHEM.NS,BN AGROCHEM LTD.,,,,265.05,,5.5895314,0.0801,10.853,-0.829,0.22,0.03935,,ok,
BNALTD.NS,B & A LTD.,,,,390.0,,0.88150334,-0.01186,68.133,,0.016,-0.01392,,ok,
BMWVENTLTD.NS,BMW VENTURES LIMITED,Basic Materials,Steel,5142199296.0,59.3,12.835498,1.1646404,,58.379,0.318,0.257,0.01666,4.94,ok,
BODALCHEM.NS,BODAL CHEMICALS LTD,Basic Materials,Specialty Chemicals,8687622144.0,68.98,18.152632,0.7492207,,70.251,2.187,0.575,0.03026,,ok,
BOHRAIND.NS,BOHRA INDUSTRIES LIMITED,Basic Materials,Agricultural Inputs,142615552.0,13.85,,0.39620104,-0.0468,1.6,,,0.0,,ok,
BOMDYEING.NS,BOMBAY DYEING & MFG. CO L,Consumer Cyclical,Textile Manufacturing,24831690752.0,120.23,92.48462,1.0868641,0.01169,0.139,0.823,0.103,0.01843,0.33,ok,
BONLON.NS,BONLON INDUSTRIES LIMITED,Basic Materials,Other Industrial Metals & Mining,691377728.0,42.2,23.444445,0.6042383,0.028959999,38.201,0.938,-0.311,0.00403,,ok,
BORANA.NS,BORANA WEAVES LIMITED,Consumer Cyclical,Textile Manufacturing,9048742912.0,339.6,13.9408865,3.217585,0.35007998,25.149,0.579,0.28,0.16627,,ok,
BORORENEW.NS,BOROSIL RENEWABLES LTD,Technology,Solar,77823188992.0,548.65,19.435,5.0888095,,10.74,,0.171,0.23685,,ok,
BOROSCI.NS,BOROSIL SCIENTIFIC LTD,Consumer Cyclical,Packaging & Containers,12617139200.0,141.85,36.55928,2.858208,,1.955,,0.14,0.09029,,ok,
BOROLTD.NS,BOROSIL LIMITED,Consumer Cyclical,"Furnishings, Fixtures & Appliances",29204496384.0,244.21,39.0736,3.2760518,0.088120006,16.696,-0.05,0.052,0.06243,,ok,
BOSCH-HCIL.NS,BOSCH HOME COMFRT IND LTD,Consumer Cyclical,"Furnishings, Fixtures & Appliances",45745942528.0,1682.4,,9.15861,-0.00501,16.319,-0.271,0.035,-0.00106,3.81,ok,
BOSCHLTD.NS,BOSCH LIMITED,Consumer Cyclical,Auto Parts,1266857541632.0,42950.0,46.694935,8.533074,0.19353001,0.8,0.03,0.132,0.14001,0.64,ok,
BPCL.NS,BHARAT PETROLEUM CORP  LT,Energy,Oil & Gas Refining & Marketing,1371499790336.0,321.0,8.069382,1.3696117,,54.332,,0.344,0.034679998,6.18,ok,
BRIGADE.NS,BRIGADE ENTER. LTD,Real Estate,Real Estate - Development,189810196480.0,581.95,29.495693,27.827188,0.10786,84.316,-0.411,-0.002,0.11311,0.35,ok,
BPL.NS,BPL LTD,Technology,Consumer Electronics,2623141376.0,53.56,,1.0936415,-0.02252,82.571,,0.047,-0.10776,,ok,
BRIGHOTEL.NS,BRIGADE HOTEL VENTURE LTD,Consumer Cyclical,Lodging,22896908288.0,60.28,35.88095,2.3911147,,31.381,1.568,0.054,0.1286,,ok,
BRNL.NS,BHARAT ROAD NETWORK LTD,Industrials,Infrastructure Operations,1493470592.0,17.79,,0.21213423,-0.12433,81.271,,0.035,-0.19212,,ok,
BRITANNIA.NS,BRITANNIA INDUSTRIES LTD,Consumer Defensive,Packaged Foods,1327184216064.0,5510.0,52.286964,25.98983,,26.875,0.136,0.095,0.13373,1.67,ok,
BROOKS.NS,BROOKS LAB LIMITED,Healthcare,Drug Manufacturers - Specialty & Generic,1767729408.0,60.01,7.1868258,1.4329376,0.22272,6.944,,-0.133,0.28673,,ok,
BSHSL.NS,BOMBAY SUPER HYBRID SEEDS,Basic Materials,Agricultural Inputs,9549292544.0,91.0,35.82677,7.295174,0.22619,82.638,0.046,0.447,0.077470005,,ok,
BSE.NS,BSE LIMITED,Financial Services,Financial Data & Stock Exchanges,1404028846080.0,3457.1,58.854275,17.804592,,0.0,0.62,0.64,0.48918,0.29,ok,
BSL.NS,BSL LTD,Consumer Cyclical,Textile Manufacturing,1271391488.0,123.53,54.418503,1.0602888,0.01987,366.348,,-0.049,0.0036199999,0.65,ok,
BSOFT.NS,BIRLASOFT LIMITED,Technology,Information Technology Services,89046097920.0,318.5,15.861554,2.1643846,,3.422,0.513,0.074,0.10601,2.04,ok,
BTML.NS,BODHI TREE MULTIMEDIA LTD,Communication Services,Entertainment,1455399168.0,8.01,18.204546,1.5583658,0.13237001,41.589,-0.156,-0.13,0.05524,,ok,
BTTL.NS,BHILWARA TECHNICAL TEXT L,Consumer Cyclical,Textile Manufacturing,2580100096.0,44.2,,1.603192,-0.06722,,,4.145,-0.41695,,ok,
BUILDPRO.NS,SHANKARA BUILDPRO LIMITED,Consumer Cyclical,Home Improvement Retail,32401948672.0,1336.2,25.292446,5.9383497,0.25518999,11.14,0.414,0.279,0.01871,0.37,ok,
BUTTERFLY.NS,BTRFLY GANDHI APPL LTD,Consumer Cyclical,"Furnishings, Fixtures & Appliances",12189384704.0,681.75,26.672535,3.2744484,,2.054,0.381,0.141,0.0496,,ok,
BVCL.NS,BARAK VALLEY CEM. LTD.,Basic Materials,Building Materials,916759168.0,41.37,318.23077,0.72654146,0.00234,23.443,0.228,0.029,0.0013799999,,ok,
BYKE.NS,THE BYKE HOSPITALITY LTD,Consumer Cyclical,Lodging,1757629952.0,33.62,26.265625,0.76094335,0.0294,45.444,1.181,0.039,0.06284,,ok,
CALSOFT.NS,CALIFORNIA SOFTWARE CO LT,Technology,Software - Application,1360843648.0,22.01,9.286921,3.2968843,,3.905,20.708,3.288,0.59122,,ok,
CAMLINFINE.NS,CAMLIN FINE SCIENCES LTD,Basic Materials,Specialty Chemicals,24314957824.0,126.58,,2.3359847,-0.03362,71.951,,-0.029,0.01603,,ok,
CAMS.NS,COMPUTER AGE MNGT SER LTD,Technology,Information Technology Services,195534323712.0,787.5,39.55299,14.78429,,4.863,0.173,0.115,0.31785,1.6,ok,
CAMPUS.NS,CAMPUS ACTIVEWEAR LIMITED,Consumer Cyclical,Footwear & Accessories,68585357312.0,224.37,45.696537,7.5660086,,26.059,0.177,0.146,0.08473,0.68,ok,
CANFINHOME.NS,CAN FIN HOMES LTD,Financial Services,Mortgage Finance,108028321792.0,811.3,9.559325,1.8063651,,636.585,0.196,0.225,0.66733,1.98,ok,
CANBK.NS,CANARA BANK,Financial Services,Banks - Regional,1196872433664.0,131.95,6.025114,1.016846,,,0.622,-0.129,0.43126,3.19,ok,
CANHLIFE.NS,CANARA HSBC LIFE INS CO L,Financial Services,Insurance - Life,144197730304.0,152.19,109.48921,8.738516,0.08276,15.304,0.202,0.204,0.01054,0.27,ok,
CANTABIL.NS,CANTABIL RETAIL LTD,Consumer Cyclical,Apparel Manufacturing,19043545088.0,227.69,19.88559,3.9785774,,113.826,0.113,0.146,0.111540005,0.66,ok,
CAPACITE.NS,CAPACITE INFRAPROJECT LTD,Industrials,Engineering & Construction,17985972224.0,212.59,9.3900175,0.9422438,0.10633001,25.274,-0.111,0.06,0.07303,,ok,
CAPILLARY.NS,CAPILLARY TECHNO INDIA L,Technology,Software - Infrastructure,44548018176.0,560.55,81.832115,4.34899,,5.238,,0.427,0.051880002,,ok,
CAPTRUST.NS,CAPITAL TRUST LIMITED,Financial Services,Credit Services,655829440.0,19.36,,1.070323,-0.63528,65.243,,-0.35,-2.58779,,ok,
CARBORUNIV.NS,CARBORUNDUM UNIVERSAL LTD,Industrials,Conglomerates,208976855040.0,1097.0,106.71207,5.35846,0.043670002,10.292,,0.149,0.0374,0.37,ok,
CAPITALSFB.NS,CAPITAL SMALL FIN BANK L,Financial Services,Banks - Regional,13466787840.0,296.2,8.945938,0.9042204,0.10521,,0.29,0.214,0.29315,1.69,ok,
CARERATING.NS,CARE RATINGS LIMITED,Financial Services,Financial Data & Stock Exchanges,52628434944.0,1749.2,30.822906,5.636598,0.19754,2.776,0.24,0.192,0.36183998,1.27,ok,
CARTRADE.NS,CARTRADE TECH LIMITED,Consumer Cyclical,Auto & Truck Dealerships,134976012288.0,2793.0,61.075882,5.382333,,5.363,0.195,0.163,0.28656,,ok,
CAPLIPOINT.NS,CAPLIN POINT LAB LTD.,Healthcare,Drug Manufacturers - Specialty & Generic,195661709312.0,2574.1,30.629463,5.571356,0.19939,0.127,0.193,0.19,0.29318002,0.31,ok,
CARRARO.NS,CARRARO INDIA LIMITED,Consumer Cyclical,Auto Parts,28542312448.0,502.05,21.894897,5.0553823,0.25534,27.433,0.757,0.366,0.05788,0.85,ok,
CARYSIL.NS,CARYSIL LIMITED,Consumer Cyclical,"Furnishings, Fixtures & Appliances",33673201664.0,1183.9,34.276203,5.539154,0.17277001,45.99,0.486,0.145,0.10627,0.2,ok,
CCCL.NS,CONS. CONST. CONSORT LTD,Industrials,Engineering & Construction,6857757696.0,15.35,,2.4599361,,0.108,,1.344,-0.01212,,ok,
CASTROLIND.NS,CASTROL INDIA LIMITED,Energy,Oil & Gas Refining & Marketing,189990633472.0,192.08,17.884544,9.967826,0.56996,2.784,0.425,0.25,0.17066,6.44,ok,
CCAVENUE.NS,AVENUESAI LIMITED,Technology,Software - Infrastructure,59769106432.0,17.17,18.663044,1.0255644,0.06686,8.63,0.616,1.145,0.03438,,ok,
CCHHL.NS,COUNTRY CLUB HOSP HOL LTD,Consumer Cyclical,Lodging,2074367488.0,12.69,,0.69568557,-0.05742,7.896,,0.513,-0.15172,,ok,
CCL.NS,CCL PRODUCTS (I) LTD,Consumer Defensive,Packaged Foods,150664183808.0,1130.0,35.049625,6.418704,,56.487,0.613,0.138,0.0938,0.51,ok,
CDSL.NS,CENTRAL DEPO SER (I) LTD,Financial Services,Capital Markets,277552005120.0,1328.0,59.048466,14.162463,0.23913,0.11,-0.2,0.042,0.36923,0.96,ok,
CEATLTD.NS,CEAT LIMITED,Consumer Cyclical,Auto Parts,150599745536.0,3723.1,25.484976,2.5596814,,64.742,-0.964,0.223,0.03583,0.93,ok,
CEIGALL.NS,CEIGALL INDIA LIMITED,Industrials,Engineering & Construction,58071191552.0,333.35,18.801468,2.663774,0.15484,61.085,0.709,0.371,0.07754,,ok,
CEINSYS.NS,CEINSYS TECH LIMITED,Industrials,Engineering & Construction,17632651264.0,842.15,12.607036,2.2921696,0.24595,8.43,0.7,0.199,0.20194,,ok,
CELLO.NS,CELLO WORLD LIMITED,Consumer Cyclical,"Furnishings, Fixtures & Appliances",82423250944.0,373.15,25.367096,3.0516527,0.12976,1.411,-0.042,0.088,0.14265999,0.4,ok,
CELEBRITY.NS,CELEBRITY FASHIONS LTD,Consumer Cyclical,Apparel Manufacturing,451192896.0,6.99,,3.7968495,,605.198,,-0.35,-0.07199,,ok,
CEMPRO.NS,CEMINDIA PROJECTS LIMITED,Industrials,Engineering & Construction,207536570368.0,1208.1,34.507286,8.648807,,37.711,0.026,0.07,0.058920003,0.24,ok,
CENTEXT.NS,CENTURY EXTRUSIONS LTD,Basic Materials,Aluminum,1840000000.0,23.0,16.78832,2.2194345,0.13227001,82.304,0.105,0.187,0.022920001,,ok,
CENTENKA.NS,CENTURY ENKA LTD,Consumer Cyclical,Textile Manufacturing,13334321152.0,610.25,9.064914,0.8914212,,1.482,3.012,0.38,0.0792,1.83,ok,
CENTRALBK.NS,CENTRAL BANK OF INDIA,Financial Services,Banks - Regional,283851948032.0,31.36,6.1732287,0.6930234,0.115600005,,0.032,-0.029,0.27839002,4.4,ok,
CENTRUM.NS,CENTRUM CAPITAL LIMITED,Financial Services,Financial Conglomerates,11924372480.0,25.13,,3.9253356,-0.19118,1218.677,,0.629,-0.13824001,,ok,
CENTUM.NS,CENTUM ELECTRONICS LTD,Technology,Electronic Components,56779317248.0,3851.8,56.469727,16.543684,0.28000998,37.984,-0.937,-0.077,-0.04897,0.13,ok,
CESC.NS,CESC LTD,Utilities,Utilities - Regulated Electric,217314017280.0,163.94,14.096303,1.7352923,0.12547,164.311,0.177,0.056,0.08304,3.69,ok,
CENTURYPLY.NS,CENTURY PLYBOARDS (I) LTD,Basic Materials,Lumber & Wood Production,173728169984.0,781.95,59.73644,6.6644793,,67.105,0.549,0.335,0.05029,0.13,ok,
CEREBRAINT.NS,CEREBRA INT TECH LTD,Industrials,Waste Management,340534016.0,2.81,,0.3379841,-0.56466997,48.431,,-0.547,0.0,,ok,
CEWATER.NS,CONCORD ENVIRO SYSTEMS L,Utilities,Utilities - Regulated Water,5711125504.0,275.95,25.06358,0.9991166,0.04125,29.281,-0.7,-0.005,0.03542,,ok,
CGCL.NS,CAPRI GLOBAL CAPITAL LTD,Financial Services,Credit Services,221535961088.0,230.25,19.381313,3.0815866,,334.728,1.02,0.858,0.34958,0.08,ok,
CERA.NS,CERA SANITARYWARE LTD,Industrials,Building Products & Equipment,78169341952.0,6062.0,38.340397,5.310254,0.14467,3.172,-0.097,0.128,0.09952,1.19,ok,
CGPOWER.NS,CG POWER AND IND SOL LTD,Industrials,Electrical Equipment & Parts,1384628879360.0,879.0,110.28858,17.368452,,1.446,0.163,0.14,0.0975,0.15,ok,
CHALET.NS,CHALET HOTELS LIMITED,Consumer Cyclical,Lodging,188269248512.0,859.7,35.701828,5.0874643,,64.041,-0.576,-0.427,0.2212,0.23,ok,
CHAMBLFERT.NS,CHAMBAL FERTILIZERS LTD,Basic Materials,Agricultural Inputs,180573995008.0,450.7,9.368114,1.7327485,,10.274,-0.046,-0.118,0.09581,2.61,ok,
CHEMBOND.NS,CHEMBOND MATERIALTECH LTD,Basic Materials,Specialty Chemicals,2381153792.0,177.06,16.394444,1.4263388,,2.49,0.435,0.256,0.05523,1.12,ok,
CHEMBONDCH.NS,CHEMBOND CHEMICAL LIMITED,Basic Materials,Specialty Chemicals,6385784832.0,237.42,16.707952,3.0850995,0.19914,,0.521,0.323,0.11007,0.54,ok,
CHEMCON.NS,CHEMCON SPECIAL CHEM LTD,Basic Materials,Specialty Chemicals,6961664512.0,190.05,29.556767,1.4403728,,10.998,0.716,0.312,0.111379996,6.75,ok,
CHEMFAB.NS,CHEMFAB ALKALIS LIMITED,Basic Materials,Specialty Chemicals,5303896064.0,369.0,,1.4009696,,33.498,1.249,-0.201,-0.00083,0.34,ok,
CHEMPLASTS.NS,CHEMPLAST SANMAR LIMITED,Basic Materials,Chemicals,29030498304.0,183.61,,1.6545019,-0.14641,111.239,,0.091,-0.06626,,ok,
CHENNPETRO.NS,CHENNAI PETROLEUM CORP LT,Energy,Oil & Gas Refining & Marketing,189921591296.0,1275.4,4.550125,1.70964,,17.68,,0.848,0.054780003,4.8,ok,
CHEVIOT.NS,CHEVIOT COMPANY LIMITED,Consumer Cyclical,Textile Manufacturing,6809289216.0,1165.6,13.6503105,0.96469223,,1.216,0.578,0.728,0.11073,2.12,ok,
CHOICEIN.NS,CHOICE INTERNATIONAL LTD,Financial Services,Capital Markets,187388461056.0,841.15,74.76889,9.950316,0.16240999,49.768,0.127,0.218,0.20622998,,ok,
CHOLAHLDNG.NS,CHOLAMANDALAM FIN HOL LTD,Financial Services,Credit Services,305701683200.0,1628.0,12.18107,1.9781216,0.18035,623.156,0.12,0.168,0.115030006,0.08,ok,
CHOLAFIN.NS,CHOLAMANDALAM IN & FIN CO,Financial Services,Credit Services,1593759105024.0,1866.2,27.561659,5.2204757,,695.283,0.456,0.346,0.40549,0.07,ok,
CIEINDIA.NS,CIE AUTOMOTIVE INDIA LTD,Consumer Cyclical,Auto Parts,155728248832.0,410.5,17.5803,2.011259,,6.63,0.158,0.106,0.05728,1.71,ok,
CIFL.NS,CAPITAL INDIA FINANCE LTD,Financial Services,Credit Services,8556311040.0,21.88,21.88,1.2710583,0.04757,139.224,,-0.07,0.07361,0.09,ok,
CINELINE.NS,CINELINE INDIA LIMITED,Communication Services,Entertainment,3112420096.0,90.83,25.160666,2.004502,,77.936,,0.309,0.04932,,ok,
CINEVISTA.NS,CINEVISTA LIMITED,Communication Services,Entertainment,844316160.0,14.7,13.867925,1.4911747,0.113859996,27.129,,-0.364,0.25441998,,ok,
CIPLA.NS,CIPLA LTD,Healthcare,Drug Manufacturers - Specialty & Generic,1182535516160.0,1463.8,34.654354,3.4341109,,1.778,-0.392,0.035,0.12009,0.88,ok,
CLCIND.NS,CLC INDUSTRIES LIMITED,Consumer Cyclical,Textile Manufacturing,5865729.0,56.43,,47.660473,-1.55704,5595.876,,-0.134,-0.02214,,ok,
CLEAN.NS,CLEAN SCIENCE & TECH LTD,Basic Materials,Specialty Chemicals,84510547968.0,795.15,36.29165,5.3386917,,0.135,0.047,0.105,0.23719,0.78,ok,
CLEANMAX.NS,CLEAN MAX ENVIRO EN SOL L,Utilities,Utilities - Renewable,155243577344.0,1323.8,98.49703,2.978781,,229.641,,1.092,0.06695,,ok,
CLEDUCATE.NS,CL EDUCATE LIMITED,Consumer Defensive,Education & Training Services,3182946560.0,58.7,,1.2435651,,108.961,,-0.093,-0.04442,,ok,
CMLL.NS,CALIBER MINING AND LOG L,Energy,Thermal Coal,39189516288.0,599.45,23.978,4.9604044,,252.749,,,0.093669996,,ok,
CLSEL.NS,CHAMAN LAL SETIA EXP LTD,Consumer Defensive,Packaged Foods,13828695040.0,278.1,12.044175,1.6487817,0.14608,9.87,0.559,0.165,0.079730004,0.85,ok,
CMPDI.NS,CENTRAL MINE P N D INST L,Basic Materials,Other Industrial Metals & Mining,,250.14,27.248365,7.823721,,0.064,0.539,0.176,0.27375,0.43,ok,
CMRGREEN.NS,CMR GREEN TECHNOLOGIES L,Basic Materials,Aluminum,,225.6,33.975906,3.2223969,0.14072,82.682,1.419,0.454,0.02458,,ok,
CNL.NS,CREATIVE NEWTECH LIMITED,Technology,Electronics & Computer Distribution,16771373056.0,1116.85,28.238937,5.087367,,83.725,0.39,0.208,0.02647,0.05,ok,
CMSINFO.NS,CMS INFO SYSTEMS LIMITED,Industrials,Specialty Business Services,43721318400.0,273.15,14.756887,1.8458201,0.12913,9.102,-0.19,0.022,0.12198,2.01,ok,
COALINDIA.NS,COAL INDIA LTD,Energy,Thermal Coal,2559073058816.0,415.25,8.209766,2.1484375,,11.629,0.014,0.451,0.18138,5.05,ok,
COASTCORP.NS,COASTAL CORPORATION LTD,Consumer Defensive,Packaged Foods,2902123520.0,43.33,11.493369,1.0214763,,169.519,1.011,0.382,0.0312,0.62,ok,
COCHINSHIP.NS,COCHIN SHIPYARD LIMITED,Industrials,Aerospace & Defense,399803842560.0,1519.7,53.39775,6.807441,0.12517,28.466,-0.037,-0.156,0.14272,0.89,ok,
COCKERILL.NS,JOHN COCKERILL INDIA LTD.,Industrials,Metal Fabrication,,9635.5,231.45567,22.451475,,2.531,,3.508,0.042779997,0.07,ok,
COFFEEDAY.NS,COFFEE DAY ENTERPRISE LTD,Consumer Cyclical,Restaurants,6844555776.0,32.4,3.3714883,0.28989658,0.06887,208.431,,-0.143,0.18200001,,ok,
COHANCE.NS,COHANCE LIFESCIENCES LTD,Healthcare,Drug Manufacturers - Specialty & Generic,170542759936.0,445.75,95.24573,4.368642,,9.928,,-0.209,0.049650002,,ok,
COLPAL.NS,COLGATE PALMOLIVE LTD.,Consumer Defensive,Household & Personal Products,552130838528.0,2030.0,41.018387,34.854572,,2.993,0.07,0.118,0.21722999,2.37,ok,
COFORGE.NS,COFORGE LIMITED,Technology,Information Technology Services,786218876928.0,1776.0,36.43077,6.254336,,7.518,0.634,0.499,0.0964,0.9,ok,
COMPINFO.NS,COMPUAGE INFOCOM LTD,Technology,Electronics & Computer Distribution,97796256.0,1.12,,-0.032438383,,292.783,,-0.698,0.0,,ok,
COMFINTE.NS,COMFORT INTECH LTD.,,,,6.61,,1.1588359,-0.01569,10.439,,-0.193,-0.021879999,,ok,
COMPUSOFT.NS,COMPUCOM SOFTWARE LTD,Consumer Defensive,Education & Training Services,1039704960.0,13.14,36.5,0.7171315,,34.173,0.019,-0.081,0.08683,1.91,ok,
COMSYN.NS,COMMERCIAL SYN BAGS LTD,Consumer Cyclical,Packaging & Containers,9069462528.0,224.83,35.858055,5.0525866,0.16072,72.4,-0.214,0.028,0.06802,0.19,ok,
CONCOR.NS,CONTAINER CORP OF IND LTD,Industrials,Railroads,384769392640.0,505.2,30.842493,2.9729538,,7.39,0.001,0.003,0.13670999,1.25,ok,
CONCORDBIO.NS,CONCORD BIOTECH LIMITED,Healthcare,Biotechnology,142801125376.0,1365.0,46.92334,7.079655,,0.115,0.328,0.262,0.24844,0.55,ok,
CONFIPET.NS,CONFIDENCE PETRO IND LTD.,Energy,Oil & Gas Refining & Marketing,27004553216.0,81.28,29.028572,1.9110316,0.06458,49.394,0.374,0.315,0.01974,0.13,ok,
CONSOFINVT.NS,CONSO. FIN. & HOLD. LTD.,Financial Services,Capital Markets,9576685568.0,296.25,15.137966,0.8259567,0.04948,,-0.4,-0.352,0.86767995,0.39,ok,
CONTROLPR.NS,CONTROL PRINT LIMITED,Industrials,Business Equipment & Supplies,9263847424.0,579.2,23.75718,2.0456672,,1.51,-0.542,0.038,0.08011,1.78,ok,
CORDELIA.NS,WATERWAYS LEISURE TOUR L,Industrials,Marine Shipping,60894670848.0,841.15,114.28669,68.33063,,146.839,-0.345,0.078,0.06764,,ok,
CORALFINAC.NS,CORAL INDIA FIN & HOUS LT,Real Estate,Real Estate Services,1322718976.0,32.82,8.942779,0.63634247,0.0691,,0.147,-0.007,0.96037,1.19,ok,
CORDSCABLE.NS,CORDS CABLE INDUS LTD.,Industrials,Electrical Equipment & Parts,2826400512.0,218.63,13.7676325,1.4045266,0.10746,55.403,0.844,0.144,0.02164,0.45,ok,
COROMANDEL.NS,COROMANDEL INTERNTL. LTD,Basic Materials,Agricultural Inputs,609401896960.0,2069.3,33.284546,4.852716,,11.469,-0.246,0.159,0.05619,0.53,ok,
CORONA.NS,CORONA REMEDIES LIMITED,Healthcare,Drug Manufacturers - General,,2058.8,63.308735,16.85938,,22.072,0.301,0.219,0.13456,0.49,ok,
COUNCODOS.NS,COUNTRY CONDO S LIMITED,Real Estate,Real Estate - Development,480327264.0,6.19,77.375,2.1582985,0.02339,,1.02,0.405,0.03398,,ok,
COSMOFIRST.NS,COSMO FIRST LIMITED,Consumer Cyclical,Packaging & Containers,23167653888.0,892.5,14.947246,1.4491884,0.10119,103.944,0.362,0.368,0.04287,0.44,ok,
CPCAP.NS,CP CAPITAL LIMITED,Financial Services,Credit Services,2113450496.0,116.13,4.9628205,0.36895362,0.07613,13.476,,,0.55662996,5.25,ok,
CPEDU.NS,CAREER POINT EDUTECH LTD,Consumer Defensive,Education & Training Services,3858540544.0,212.09,16.805864,,,,,,0.0,2.35,ok,
CPL.NS,CAPTAIN POLYPLAST LIMITED,Industrials,Farm & Heavy Construction Machinery,,71.3,15.333334,2.2172465,0.16303,46.569,0.908,0.803,0.06657,,ok,
CPPLUS.NS,ADITYA INFOTECH LIMITED,Industrials,Building Products & Equipment,437072101376.0,3708.7,112.69219,23.277138,0.25425,9.604,2.077,0.455,0.08718,0.04,ok,
CRAFTSMAN.NS,CRAFTSMAN AUTOMATION LTD,Consumer Cyclical,Auto Parts,274176917504.0,10483.0,54.147724,7.6615663,,111.011,1.163,0.363,0.053340003,0.11,ok,
CRAMC.NS,CANARA ROBECO AMC LIMITED,Financial Services,Asset Management,52267307008.0,262.1,23.914234,7.0080214,,2.358,0.24,0.202,0.45586,1.52,ok,
CREDITACC.NS,CREDITACCESS GRAMEEN LTD,Financial Services,Credit Services,244074676224.0,1523.6,20.22299,3.1123033,0.16364999,302.872,7.197,1.495,0.39812002,,ok,
CREATIVEYE.NS,CREATIVE EYE LIMITED,Communication Services,Entertainment,125765224.0,6.27,,0.83156496,-0.2983,45.361,,-0.648,0.0,,ok,
CREST.NS,CREST VENTURES LIMITED,Financial Services,Financial Conglomerates,10656574464.0,377.0,22.917933,0.8153255,0.03751,15.374,-0.109,-0.343,0.29413,0.26,ok,
CRISIL.NS,CRISIL LTD,Financial Services,Financial Data & Stock Exchanges,336909991936.0,4607.0,38.05865,10.298539,0.29052,10.23,0.262,0.276,0.21434,0.88,ok,
CROMPTON.NS,CROMPT GREA CON ELEC LTD,Consumer Cyclical,"Furnishings, Fixtures & Appliances",160946520064.0,249.95,,5.4257927,,5.797,0.149,0.129,-0.026889998,1.11,ok,
CRIZAC.NS,CRIZAC LIMITED,Consumer Defensive,Education & Training Services,32893208576.0,187.98,15.026379,5.6266274,,0.31,0.029,-0.04,0.21324,8.64,ok,
CSBBANK.NS,CSB BANK LIMITED,Financial Services,Banks - Regional,53715922944.0,316.95,8.271138,1.1234223,,,0.265,0.169,0.241,,ok,
CROWN.NS,CROWN LIFTERS LIMITED,Industrials,Rental & Leasing Services,1254882048.0,111.81,16.1342,1.6586559,,74.87,0.045,0.293,0.21088,,ok,
CSLFINANCE.NS,CSL FINANCE LIMITED,Financial Services,Credit Services,4874612224.0,216.77,5.7805333,0.7947484,0.14805001,137.666,0.023,0.221,0.33503,1.41,ok,
CTE.NS,CAMBRIDGE TECH ENTER LTD,Technology,Information Technology Services,724984064.0,37.66,156.91667,0.9182678,0.00643,100.611,,-0.211,0.00263,,ok,
CSM.NS,CSM TECHNOLOGIES LIMITED,Technology,Information Technology Services,5269746688.0,102.12,37.406593,3.8490822,0.26656,69.943,0.782,0.013,0.10438,,ok,
CUB.NS,CITY UNION BANK LTD,Financial Services,Banks - Regional,210046894080.0,212.0,14.982332,1.988053,,,0.251,0.233,0.37791002,0.96,ok,
CUBEXTUB.NS,CUBEX TUBINGS LTD,Basic Materials,Copper,1146520320.0,80.07,15.368522,1.3762461,0.093660004,52.119,-0.405,0.061,0.025880001,,ok,
CUMMINSIND.NS,CUMMINS INDIA LTD,Industrials,Specialty Industrial Machinery,1504087244800.0,5426.0,63.978306,17.746988,,0.431,0.009,0.179,0.18694,1.22,ok,
CUPID.NS,CUPID LIMITED,Consumer Defensive,Household & Personal Products,352475938816.0,262.13,331.81012,78.084595,0.27297002,12.506,2.139,1.124,0.2894,,ok,
CURAA.NS,CURA TECHNOLOGIES LIMITED,Technology,Software - Application,721907968.0,72.92,,11.310687,,95.089,,-0.658,-2.3615801,,ok,
CYBERMEDIA.NS,CYBER MEDIA (INDIA) LTD.,Communication Services,Publishing,333483808.0,16.01,6.455645,-3.414374,,216.303,0.46,0.95,0.03453,,ok,
CYBERTECH.NS,CYBERTECH SYSTEMS & SOFTW,Technology,Information Technology Services,4185989120.0,138.24,13.579568,2.0273066,,3.889,0.16,0.176,0.12827,2.91,ok,
CYIENT.NS,CYIENT LIMITED,Industrials,Conglomerates,89257566208.0,857.5,25.460213,1.667263,,7.528,-0.323,0.213,0.04955,3.74,ok,
CYIENTDLM.NS,CYIENT DLM LIMITED,Industrials,Aerospace & Defense,54408261632.0,685.55,66.36495,5.3757243,,17.021,1.182,0.343,0.060510002,,ok,
DABUR.NS,DABUR INDIA LTD,Consumer Defensive,Household & Personal Products,727320494080.0,410.0,37.205082,6.36814,,10.907,0.15,0.106,0.14551,2.01,ok,
DALBHARAT.NS,DALMIA BHARAT LIMITED,Basic Materials,Building Materials,343055597568.0,1827.4,36.59191,1.906435,,40.987,-0.522,0.07,0.062030002,0.55,ok,
DAICHI.NS,DAI-ICHI KARKARIA LTD.,,,,323.8,,1.306778,-0.00397,7.041,-0.985,-0.412,-0.00457,,ok,
DAMODARIND.NS,DAMODAR INDUSTRIES LTD,Consumer Cyclical,Textile Manufacturing,663817024.0,28.49,12.333334,0.44890177,0.03682,113.3,-0.8,0.309,0.01249,,ok,
DAMCAPITAL.NS,DAM CAPITAL ADVISORS LTD,Financial Services,Capital Markets,10745686016.0,152.02,14.787938,2.862577,0.24398,25.432,-0.971,-0.245,0.31858,0.68,ok,
DALMIASUG.NS,DALMIA BHARAT SUG IN LTD,Consumer Defensive,Confectioners,32731854848.0,404.4,13.882595,1.0187398,0.07285,55.74,-0.494,-0.027,0.06542,1.52,ok,
DANGEE.NS,DANGEE DUMS LIMITED,Consumer Cyclical,Restaurants,454226272.0,2.95,,3.101998,-0.092259996,157.724,,0.083,-0.048189998,,ok,
DATAMATICS.NS,DATAMATICS GLOBAL SER LTD,Technology,Information Technology Services,51135893504.0,865.15,26.33638,3.3119466,,14.384,0.435,0.138,0.10599,0.59,ok,
DATAPATTNS.NS,DATA PATTERNS INDIA LTD,Industrials,Aerospace & Defense,245248983040.0,4380.7,91.49332,14.127508,,0.304,-0.135,0.168,0.28459,0.23,ok,
DAVANGERE.NS,DAVANGERE SUGAR COMPANY L,Consumer Defensive,Confectioners,4447271424.0,3.11,62.199997,1.201236,0.01991,60.22,10.098,0.473,0.03563,,ok,
DBCORP.NS,D.B.CORP LTD,Communication Services,Publishing,37506568192.0,210.41,10.659068,1.5437723,,10.796,0.246,0.079,0.14663,3.32,ok,
DBEIL.NS,DEEPAK BUILDERS & ENG I L,Industrials,Engineering & Construction,3381770496.0,7.26,8.541177,0.760528,0.09224,39.766,0.296,0.053,0.07154,1.38,ok,
DBL.NS,DILIP BUILDCON LIMITED,Industrials,Engineering & Construction,72929607680.0,448.95,5.214892,0.86082596,0.22893,115.513,-0.637,-0.257,0.14497,0.22,ok,
DBREALTY.NS,VALOR ESTATE LIMITED,Real Estate,Real Estate - Development,63635165184.0,117.32,234.64,1.2600826,0.00598,18.413,,-0.866,0.01599,,ok,
DBOL.NS,DHAMPUR BIO ORGANICS LTD,Consumer Defensive,Farm Products,7480162816.0,113.7,29.764399,0.7352418,,103.294,,-0.023,0.03906,1.35,ok,
DBSTOCKBRO.NS,DB (INT) STOCK BROKERS,Financial Services,Capital Markets,1133649920.0,32.39,36.393257,1.4756937,,3.583,-0.138,-0.287,0.14595,,ok,
DCAL.NS,DISHMAN CARBO AMCIS LTD,Healthcare,Biotechnology,30265405440.0,193.04,31.185781,0.45218596,0.015579999,46.07,-0.495,0.189,0.033239998,,ok,
DCBBANK.NS,DCB BANK LIMITED,Financial Services,Banks - Regional,62038556672.0,192.62,7.6497216,0.94881094,,,0.356,0.174,0.25283,0.74,ok,
DCM.NS,DCM LIMITED,Industrials,Metal Fabrication,1540727424.0,82.49,53.219357,3.2970943,0.06454,2.23,,0.135,0.040260002,,ok,
DCI.NS,DC INFOTECH AND COMUN LTD,Technology,Electronics & Computer Distribution,5806419968.0,354.05,26.264837,5.284486,0.23565,80.889,0.524,0.386,0.02878,,ok,
DCMFINSERV.NS,DCM FINANCIAL SERVICES LT,Financial Services,Credit Services,117041536.0,5.29,,-0.21774027,,,,,0.0,,ok,
DCMNVL.NS,DCM NOUVELLE LIMITED,Consumer Cyclical,Textile Manufacturing,2930912256.0,156.92,81.3057,0.89171755,0.00493,98.359,-0.199,-0.065,0.0035100002,,ok,
DCMSHRIRAM.NS,DCM SHRIRAM LIMITED,Industrials,Conglomerates,157456367616.0,1016.8,11.062996,2.107471,,37.802,5.11,0.093,0.103520006,1.44,ok,
DCMSIL.NS,DCM SHRIRAM INTERNATNL L,Industrials,Industrial Distribution,7214261760.0,82.93,,1.9326497,-0.03619,19.869,,-0.032,-0.03053,0.47,ok,
DCMSRIND.NS,DCM SHRIRAM IND LTD,Consumer Defensive,Confectioners,3746753280.0,43.07,16.376425,1.0271147,0.11901,116.59,-0.329,-0.424,0.03587,0.94,ok,
DCW.NS,DCW LTD,Basic Materials,Chemicals,13680434176.0,46.35,28.435581,1.2781975,0.04571,26.985,0.589,0.132,0.02247,0.43,ok,
DCXINDIA.NS,DCX SYSTEMS LIMITED,Industrials,Aerospace & Defense,19875792896.0,178.44,,1.1872256,-0.0053399997,0.193,,-0.623,-0.010369999,,ok,
DDEVPLSTIK.NS,DDEV PLASTIKS IND LTD,Basic Materials,Specialty Chemicals,29821976576.0,288.2,14.771913,2.9422274,0.21841,5.608,0.054,0.036,0.06846,0.56,ok,
DECCANCE.NS,DECCAN CEMENTS LIMITED,Basic Materials,Building Materials,8115244544.0,579.35,28.413437,1.0808184,0.0388,100.269,-0.405,0.799,0.04496,0.1,ok,
DECNGOLD.NS,DECCAN GOLD MINES LTD.,,,,216.22,,7.5021687,-0.17496,10.288,-0.472,7.441,0.0,,ok,
DEEDEV.NS,DEE DEVELOPMENT ENG LTD,Industrials,Metal Fabrication,47378276352.0,629.7,56.52603,4.95199,,86.608,0.223,0.316,0.06622,,ok,
DEEPAKFERT.NS,DEEPAK FERTILIZERS & PETR,Basic Materials,Chemicals,194324611072.0,1537.8,19.728033,2.83672,,75.969,1.015,0.225,0.08131,0.64,ok,
DEEPAKNTR.NS,DEEPAK NITRITE LTD,Basic Materials,Chemicals,245030092800.0,1796.5,44.589226,4.197999,0.09751,27.903,0.086,-0.027,0.0698,0.44,ok,
DEEPINDS.NS,DEEP INDUSTRIES LIMITED,Energy,Oil & Gas E&P,40889602048.0,638.9,19.786312,2.0485904,,9.61,0.451,0.398,0.21283,0.4,ok,
DELHIVERY.NS,DELHIVERY LIMITED,Industrials,Integrated Freight & Logistics,354527543296.0,473.3,237.83919,3.646688,0.01596,15.098,-0.002,0.3,0.014529999,,ok,
DELTACORP.NS,DELTA CORP LIMITED,Consumer Cyclical,Resorts & Casinos,16957944832.0,63.33,19.852665,0.75847036,0.0347,2.175,-0.9,-0.117,0.12389,1.97,ok,
DELPHIFX.NS,DELPHI WORLD MONEY LTD,Financial Services,Capital Markets,1660462848.0,6.77,42.3125,0.56275976,0.01635,134.635,,-0.077,0.0030500002,,ok,
DELTAMAGNT.NS,DELTA MANUFACTURING LTD,Consumer Cyclical,Textile Manufacturing,635767104.0,58.59,,27.50704,-0.12564999,1732.804,,0.172,-0.20056,,ok,
DEN.NS,DEN NETWORKS LTD,Communication Services,Entertainment,13025245184.0,27.32,8.784566,0.34219295,,0.524,-0.323,0.006,0.15194,,ok,
DENORA.NS,DE NORA INDIA LIMITED,Industrials,Electrical Equipment & Parts,4713005056.0,887.8,38.566463,3.6465049,,,0.967,-0.16,0.106120005,0.46,ok,
DENTA.NS,DENTA WATER N INFRA SOL L,Industrials,Engineering & Construction,8913795072.0,333.85,14.642545,1.9431801,0.14036,2.636,-0.336,0.003,0.24323,0.75,ok,
DEVIT.NS,DEV INFO TECHNOLOGY LTD,Technology,Information Technology Services,1516747520.0,26.91,2.0309434,1.4064705,0.84907997,28.008,6.419,0.045,0.39988998,0.74,ok,
DEVX.NS,DEV ACCELERATOR LIMITED,Real Estate,Real Estate Services,3217486336.0,34.0,30.63063,1.9860973,0.07354,199.506,10.899,0.191,0.03897,,ok,
DEVYANI.NS,DEVYANI INTERNATIONAL LTD,Consumer Cyclical,Restaurants,166113968128.0,134.73,,10.77409,,203.327,2.972,0.165,-0.0047400002,,ok,
DHAMPURSUG.NS,DHAMPUR SUGAR MILLS LTD.,Consumer Defensive,Confectioners,9703208960.0,150.89,13.830431,0.8103826,0.055560004,75.024,-0.069,-0.208,0.03309,2.68,ok,
DHANBANK.NS,DHANLAXMI BANK LIMITED,Financial Services,Banks - Regional,12946121728.0,32.8,11.232876,0.85704577,0.07915,,1.045,0.25,0.14882,,ok,
DGCONTENT.NS,DIGICONTENT LIMITED,Communication Services,Internet Content & Information,1498138880.0,25.82,198.61539,4.1949635,0.025209999,265.556,-0.855,0.033,0.00166,,ok,
DHANUKA.NS,DHANUKA AGRITECH LTD,Basic Materials,Agricultural Inputs,45496635392.0,1020.6,16.822153,2.7353275,,1.822,-0.346,-0.126,0.13721,0.19,ok,
DHARAN.NS,DHARAN INFRA-EPC LIMITED,Real Estate,Real Estate - Development,784313792.0,0.15,7.5000005,0.082872935,-0.03818,7.227,,-0.557,0.0,,ok,
DHARMAJ.NS,DHARMAJ CROP GUARD LTD,Basic Materials,Agricultural Inputs,8974871552.0,265.55,16.412237,2.0056038,0.12958,29.375,,0.114,0.04802,,ok,
DHRUV.NS,DHRUV CONSULTANCY SER LTD,Industrials,Engineering & Construction,457663264.0,24.13,,0.6806194,-0.32422,38.855,,-0.698,-0.66391,1.41,ok,
DHUNINV.NS,DHUNSERI INVESTMENTS LTD,Financial Services,Capital Markets,5661229568.0,928.5,31.231081,0.20642814,0.01348,27.145,,1.221,0.043909997,0.33,ok,
DIACABS.NS,DIAMOND POWER INFRA LTD,Industrials,Specialty Industrial Machinery,191843811328.0,364.05,121.35,-31.750393,,,6.909,1.085,0.08281,,ok,
DIAMINESQ.NS,DIAMINES & CHEMICALS LTD,Basic Materials,Chemicals,2621824256.0,260.79,,1.666656,,5.197,,0.215,-0.25677,0.37,ok,
DIAMONDYD.NS,PRATAAP SNACKS LIMITED,Consumer Defensive,Packaged Foods,29339213824.0,1227.4,300.83334,4.155691,0.01398,6.454,,0.049,0.00563,0.04,ok,
DIFFNKG.NS,DIFFUSION ENGINEERS LTD,Industrials,Specialty Industrial Machinery,16372680704.0,441.0,31.05634,4.0567765,0.13011,7.057,0.227,0.382,0.12376001,0.34,ok,
DICIND.NS,DIC INDIA LIMITED,Basic Materials,Specialty Chemicals,4766183936.0,519.25,25.024096,1.1119106,,0.954,0.638,0.146,0.02053,0.57,ok,
DIGIDRIVE.NS,DIGIDRIVE DISTRIBUTORS L,Consumer Cyclical,Internet Retail,678978112.0,17.65,12.607142,0.25331897,0.01969,0.32,,-0.073,0.11658,,ok,
DIGISPICE.NS,DIGISPICE TECHNOLOGIES LT,Financial Services,Financial Conglomerates,3660987136.0,17.55,18.870966,1.7518467,,35.372,-0.054,-0.08,0.04142,,ok,
DIGITIDE.NS,DIGITIDE SOLUTIONS LTD,Industrials,Specialty Business Services,15453843456.0,103.64,,1.8470203,,57.944,,0.053,-0.0076800003,,ok,
DIGJAMLMTD.NS,DIGJAM LTD,Consumer Cyclical,Textile Manufacturing,956200000.0,47.81,41.21552,21.881008,0.47396,1361.379,,0.327,-0.02999,,ok,
DISAQ.NS,DISA INDIA LTD.,,,,11880.0,,5.661648,0.18755,,0.036,-0.162,0.12614,,ok,
DISHTV.NS,DISH TV INDIA LTD.,Communication Services,Entertainment,5321230336.0,2.89,,-0.13752736,,,,-0.293,-0.69444,,ok,
DIVGIITTS.NS,DIVGI TORQTRANSFER SYST L,Consumer Cyclical,Auto Parts,32027971584.0,1047.25,69.21679,5.042128,0.07616,0.279,1.892,0.849,0.13298,0.26,ok,
DIVISLAB.NS,DIVI S LABORATORIES LTD,Healthcare,Drug Manufacturers - Specialty & Generic,2196752433152.0,8275.0,86.188934,13.106336,,0.042,0.655,0.278,0.26046,0.36,ok,
DIXON.NS,DIXON TECHNO (INDIA) LTD,Technology,Consumer Electronics,863386861568.0,14200.0,41.666668,15.817762,,18.457,1.949,0.211,0.03639,0.06,ok,
DJML.NS,DJ MEDIAPRINT & LOG LTD,Industrials,Specialty Business Services,4055693312.0,112.88,35.60883,4.2975707,0.13528,42.847,1.107,0.906,0.07908,0.14,ok,
DLF.NS,DLF LIMITED,Real Estate,Real Estate - Development,1589150089216.0,642.0,35.70634,3.4946766,0.10102,0.673,0.041,-0.529,0.65791,1.25,ok,
DLINKINDIA.NS,D-LINK INDIA LTD,Technology,Communication Equipment,15797882880.0,444.95,15.300895,3.1240566,,2.928,0.133,0.305,0.06415,9.25,ok,
DMART.NS,AVENUE SUPERMARTS LIMITED,Consumer Defensive,Discount Stores,2543759130624.0,3900.0,83.368965,10.37383,,9.913,0.113,0.149,0.042919997,,ok,
DNAMEDIA.NS,DILIGENT MEDIA CORP LTD.,Communication Services,Publishing,323697056.0,2.75,,-0.1285888,,,,-0.718,-1.3636,,ok,
DODLA.NS,DODLA DAIRY LIMITED,Consumer Defensive,Food Distribution,62837444608.0,1041.6,25.674143,3.7535539,,3.405,-0.354,0.19,0.05671,0.48,ok,
DMCC.NS,DMCC SPECIALITY CHEMICALS,Basic Materials,Chemicals,6924572160.0,277.65,25.356165,2.789275,0.114879996,28.623,0.098,-0.467,0.04699,0.9,ok,
DOLATALGO.NS,DOLAT ALGOTECH LIMITED,Financial Services,Capital Markets,12497760256.0,71.01,9.70082,1.1074548,0.12114,25.082,0.178,-0.034,0.35776,0.15,ok,
DOLLAR.NS,DOLLAR INDUSTRIES LIMITED,Consumer Cyclical,Apparel Manufacturing,15852155904.0,279.5,14.757128,1.6710011,0.11806,30.541,0.114,0.132,0.05711,1.06,ok,
DOLPHIN.NS,DOLPHIN OFF ENT (IND) L,Energy,Oil & Gas Equipment & Services,16443882496.0,411.05,22.810764,4.6533084,,57.496,0.307,1.606,0.50425,,ok,
DOMS.NS,DOMS INDUSTRIES LIMITED,Industrials,Business Equipment & Supplies,137192054784.0,2260.6,63.57143,11.246151,,10.849,-0.223,0.192,0.08929,0.14,ok,
DONEAR.NS,DONEAR IND. LIMITED,Consumer Cyclical,Textile Manufacturing,4392960000.0,84.48,10.117365,1.5837427,0.1698,154.25,2.193,-0.073,0.0476,0.24,ok,
DPABHUSHAN.NS,D. P. ABHUSHAN LIMITED,Consumer Cyclical,Luxury Goods,32949819392.0,1443.4,13.761084,5.198313,,48.027,0.769,0.58,0.0548,,ok,
DPSCLTD.NS,DPSC LIMITED,Utilities,Utilities - Regulated Electric,7196305408.0,7.39,92.375,1.1437858,0.014479999,14.229,,0.214,0.018760001,0.67,ok,
DRAGARWQ.NS,DR. AGARWAL'S EYE HOSP L,,,,5285.5,,7.377007,,94.176,0.355,0.223,0.15338,,ok,
DPWIRES.NS,D P WIRES LIMITED,Industrials,Metal Fabrication,2589170944.0,167.03,14.742277,0.97297704,0.068330005,0.929,1.326,-0.062,0.03656,,ok,
DRCSYSTEMS.NS,DRC SYSTEMS INDIA LIMITED,Technology,Information Technology Services,1919163264.0,13.32,9.514286,1.7052875,,0.371,0.278,0.341,0.20131999,,ok,
DREAMFOLKS.NS,DREAMFOLKS SERVICES LTD,Industrials,Airports & Air Services,3734750208.0,70.11,32.458332,1.1886678,0.03748,3.865,,-0.832,0.0175,,ok,
DREDGECORP.NS,DREDGING CORP OF INDIA,Industrials,Engineering & Construction,29996400640.0,1071.3,208.42413,2.1857557,0.0038800002,88.388,3.062,0.034,0.00393,,ok,
DRREDDY.NS,DR. REDDY S LABORATORIES,Healthcare,Drug Manufacturers - Specialty & Generic,976276094976.0,1172.0,29.52141,2.5461323,0.088369995,18.605,-0.687,-0.056,0.09996,0.68,ok,
DSSL.NS,DYNACONS SYS & SOLN LTD,Technology,Information Technology Services,15637312512.0,1227.7,18.411818,4.941039,0.31044,75.024,0.039,0.224,0.05949,0.04,ok,
DSFCL.NS,DCM SHRIRAM FINE CHEM LTD,Basic Materials,Specialty Chemicals,2182633984.0,25.09,,1.034426,-0.01661,6.031,,-0.17,-0.0091699995,1.56,ok,
DUCON.NS,DUCON INFRATECHNOLOGIES L,Industrials,Specialty Industrial Machinery,1026764928.0,3.16,9.294118,0.42393348,0.10106,139.323,1.445,5.902,0.011670001,,ok,
DSKULKARNI.NS,"DSKULKARNI.NS,0P0000CEX2,0",Real Estate,Real Estate - Development,109600000.0,10.96,,-0.08499419,,,,-0.816,-0.00649,,ok,
DTIL.NS,DHUNSERI TEA & IND. LTD.,Consumer Defensive,Packaged Foods,1396542208.0,132.91,,0.26375377,-0.00477,47.787,,-0.357,-0.0053100004,1.5,ok,
DVL.NS,DHUNSERI VENTURES LIMITED,Financial Services,Capital Markets,9388734464.0,268.06,10.662689,0.28558218,0.027190002,28.952,,9.468,0.2166,1.83,ok,
DWARKESH.NS,DWARIKESH SUGAR IND LTD,Consumer Defensive,Confectioners,7573271040.0,40.87,52.397438,0.9138679,,40.6,,-0.117,0.0107,0.25,ok,
DYCL.NS,DYNAMIC CABLES LIMITED,Industrials,Electrical Equipment & Parts,19475527680.0,401.9,21.354942,4.259355,,9.424,0.37,0.332,0.07097,0.12,ok,
DYNPRO.NS,DYNEMIC PRODUCTS LIMITED,Basic Materials,Specialty Chemicals,3240080640.0,260.7,16.242992,1.3239685,0.084910005,29.637,0.544,0.108,0.052670002,,ok,
DYNAMATECH.NS,DYNAMATIC TECHNOLOGIES,Consumer Cyclical,Auto Parts,77429243904.0,11401.0,232.53111,9.754457,0.0429,80.387,-0.219,0.138,0.019989999,0.09,ok,
E2E.NS,E2E NETWORKS LIMITED,Technology,Software - Infrastructure,118230745088.0,575.45,210.78755,6.8466835,,9.441,,3.341,0.085080005,,ok,
EASEMYTRIP.NS,EASY TRIP PLANNERS LTD,Consumer Cyclical,Travel Services,23930494976.0,6.58,,2.7881358,-0.061139997,4.35,,0.089,-0.07362,,ok,
EASTSILK.NS,EASTERN SILK INDUSTRIES L,Consumer Cyclical,Textile Manufacturing,315000000.0,63.0,,0.8794338,-0.27733,213.184,,0.158,-0.57378,,ok,
EBGNG.NS,GNG ELECTRONICS LIMITED,Technology,Computer Hardware,59930157056.0,525.65,42.32287,7.901778,,58.541,0.562,0.321,0.07153,,ok,
ECLERX.NS,ECLERX SERVICES LTD,Technology,Information Technology Services,162801909760.0,1769.1,22.933626,6.389295,,15.012,0.16,0.252,0.16785999,0.05,ok,
ECOSMOBLTY.NS,ECOS (INDIA) MOB & HOSP L,Industrials,Rental & Leasing Services,7767600640.0,129.46,13.641729,2.9238658,0.23653999,2.935,-0.129,0.167,0.07124,1.82,ok,
EICHERMOT.NS,EICHER MOTORS LTD,Consumer Cyclical,Auto Manufacturers,2201664094208.0,8020.0,38.128746,8.764883,,2.048,0.213,0.315,0.23211999,1.03,ok,
EFCIL.NS,EFC (I) LIMITED,Real Estate,Real Estate Services,27517984768.0,186.0,10.1473,3.160202,,172.783,1.005,0.288,0.23377001,,ok,
EDELWEISS.NS,EDELWEISS FIN SERV LTD,Financial Services,Financial Conglomerates,112201859072.0,118.54,16.579021,2.42696,,319.986,0.83,0.292,0.0838,1.24,ok,
EIDPARRY.NS,EID PARRY INDIA LTD,Basic Materials,Agricultural Inputs,143272132608.0,805.1,25.623806,1.6288503,0.099130005,23.647,,0.156,0.014780001,,ok,
EIEL.NS,ENVIRO INFRA ENGINEERS L,Industrials,Engineering & Construction,37415976960.0,213.16,20.735409,3.0333128,0.16886,34.127,-0.291,0.067,0.15969,,ok,
EIFFL.NS,EURO (I) FRESH FOODS LTD,Consumer Defensive,Packaged Foods,6678639616.0,269.3,134.65,8.689899,0.0665,76.862,0.809,0.716,0.03269,,ok,
EIHAHOTELS.NS,EIH ASSOCIATED HOTELS LTD,Consumer Cyclical,Lodging,18436276224.0,302.55,21.127792,3.0604193,,0.712,0.116,-0.04,0.23070998,1.13,ok,
EIMCOELECO.NS,EIMCO ELECON (INDIA) LTD,Industrials,Farm & Heavy Construction Machinery,10665743360.0,1849.0,26.961212,2.2814093,,0.93,0.062,0.147,0.16303,0.22,ok,
EKC.NS,EVEREST KANTO CYLINDERLTD,Industrials,Specialty Industrial Machinery,12643561472.0,112.68,8.608098,0.90331167,0.11256,19.067,2.449,-0.151,0.09986,0.63,ok,
ELANTAS.NS,ELANTAS BECK INDIA LTD.,Basic Materials,Specialty Chemicals,97605623808.0,12312.0,54.961834,9.681117,,,-0.054,0.078,0.16763,0.08,ok,
EIHOTEL.NS,EIH LIMITED,Consumer Cyclical,Lodging,191705382912.0,306.55,30.472164,3.6430292,,4.666,2.46,0.217,0.231,0.46,ok,
ELCIDIN.NS,ELCID INVESTMENTS LTD.,,,,112260.0,,0.25885895,0.012159999,,,,0.81004,,ok,
ELDEHSG.NS,ELDECO HSG & IND LTD.,Real Estate,Real Estate Services,7469146624.0,759.6,30.715729,1.8687679,0.06196,38.581,0.498,0.637,0.14723,1.25,ok,
ELECON.NS,ELECON ENG. CO. LTD,Industrials,Specialty Industrial Machinery,98253512704.0,437.85,40.169727,4.261065,,11.824,-0.599,0.061,0.09852,0.44,ok,
ELECTHERM.NS,ELECTROTHERM (I) LTD.,Basic Materials,Steel,12682923008.0,995.3,,-8.23917,,,-0.927,-0.018,-0.00424,,ok,
ELGIEQUIP.NS,ELGI EQUIPMENTS LTD,Industrials,Specialty Industrial Machinery,185503842304.0,588.45,43.23659,8.31144,0.20998,23.885,0.254,0.121,0.10889,0.46,ok,
ELECTCAST.NS,ELECTROSTEEL CASTINGS LTD,Industrials,Building Products & Equipment,44496928768.0,71.98,27.473286,0.7512159,0.027590001,26.35,-0.905,-0.124,0.02728,1.25,ok,
ELGIRUBCO.NS,ELGI RUBBER CO. LTD,Consumer Cyclical,Auto Parts,3154150912.0,63.02,,4.1668873,-1.8858099,413.219,,-0.112,-0.65549004,,ok,
ELIN.NS,ELIN ELECTRONICS LIMITED,Industrials,Electrical Equipment & Parts,4796442624.0,96.49,20.79526,0.8268421,,2.969,,0.236,-0.00606,,ok,
ELITECON.NS,ELITECON INTERNATIONAL L,,,,18.06,,7.2910776,,70.969,6.763,17.5,0.061160002,,ok,
ELPROINTL.NS,ELPRO INTERNATIONAL LTD,,,30516412416.0,180.06,34.895348,1.5019895,,,,,,,ok,
ELLEN.NS,ELLENBARRIE INDUS GASES L,Basic Materials,Chemicals,41202524160.0,292.35,38.773212,4.2166677,0.14199,18.873,0.254,0.06,0.30563998,,ok,
EMAMILTD.NS,EMAMI LIMITED,Consumer Defensive,Household & Personal Products,180078067712.0,412.55,23.682549,6.1586576,,5.541,-0.164,0.149,0.19117,2.93,ok,
EMAMIPAP.NS,EMAMI PAPER MILLS LIMITED,Basic Materials,Paper & Paper Products,6708739584.0,110.89,8.159677,1.3980433,,142.073,5.119,0.218,0.04666,2.86,ok,
EMAMIREAL.NS,EMAMI REALTY LIMITED,Real Estate,Real Estate - Development,3888492544.0,74.73,,-1.3208315,,,,4.351,-2.0339,,ok,
EMBDL.NS,EMBASSY DEVELOPMENTS LTD,Real Estate,Real Estate - Diversified,87627710464.0,63.04,,0.8877373,-0.090459995,53.414,,-0.73,-0.50389,,ok,
EMCURE.NS,EMCURE PHARMACEUTICALS L,Healthcare,Drug Manufacturers - Specialty & Generic,375263199232.0,1978.4,41.028618,7.5764775,,30.567,0.421,0.229,0.10446,0.19,ok,
EMIL.NS,ELECTRONICS MART IND LTD,Consumer Cyclical,Specialty Retail,63802888192.0,165.83,58.804966,3.9340024,0.06787,122.806,0.263,0.113,0.01491,,ok,
EMKAY.NS,EMKAY GLOBAL FIN SERV LTD,Financial Services,Capital Markets,6574759936.0,238.86,35.33432,1.6432872,,26.355,0.904,0.226,0.04882,0.62,ok,
EMMBI.NS,EMMBI INDUSTRIES LIMITED,Consumer Cyclical,Packaging & Containers,1612717696.0,83.82,20.443903,0.81074023,0.04093,88.654,0.654,0.088,0.01731,0.35,ok,
EMMVEE.NS,EMMVEE PHOTOVOLTAIC PWR L,Technology,Solar,220788817920.0,318.9,17.331522,5.972693,,9.745,1.026,0.513,0.22844,,ok,
EMPOWER.NS,EMPOWER INDIA LTD.,,,,2.43,,0.8756757,0.05747,11.197,,2.745,0.10586,,ok,
EMSLIMITED.NS,EMS LIMITED,Industrials,Engineering & Construction,22456657920.0,404.4,24.840294,2.1277716,0.08956,14.575,-0.879,-0.571,0.12355,0.37,ok,
EMUDHRA.NS,EMUDHRA LIMITED,Technology,Software - Application,44209152000.0,538.85,38.794094,4.8521,,3.153,0.292,0.295,0.15444,0.23,ok,
ENDURANCE.NS,ENDURANCE TECHNO. LTD.,Consumer Cyclical,Auto Parts,408555257856.0,2904.5,42.896175,5.972319,0.15156999,19.393,0.128,0.379,0.0652,0.4,ok,
ENERGYDEV.NS,ENERGY DEVE. CO.LTD,Utilities,Utilities - Regulated Electric,783750016.0,16.5,,20.024271,,,,0.478,-0.00524,,ok,
ENGINERSIN.NS,ENGINEERS INDIA LTD,Industrials,Engineering & Construction,135227400192.0,240.6,19.576893,4.309897,0.23786,0.534,-0.301,-0.083,0.17606,1.24,ok,
ENRIN.NS,SIEMENS ENERGY INDIA LTD,Utilities,Utilities - Renewable,1299412549632.0,3648.8,99.28708,27.004744,,4.483,0.678,0.425,0.15630001,0.12,ok,
ENIL.NS,ENTERTAIN NET. IND. LTD.,Communication Services,Broadcasting,4866195968.0,102.08,,0.6421135,-0.00962,22.502,-0.316,-0.115,-0.01356,1.82,ok,
EPACK.NS,EPACK DURABLE LIMITED,Consumer Cyclical,"Furnishings, Fixtures & Appliances",22082510848.0,229.48,674.94116,1.9276096,0.00341,76.95,-0.999,-0.081,0.0017200001,,ok,
ENTERO.NS,ENTERO HEALTHCARE SOLU L,Healthcare,Medical Distribution,54086119424.0,1242.7,47.17919,3.2021005,0.0828,38.638,0.09,0.426,0.01745,,ok,
EPACKPEB.NS,EPACK PREFAB TECHN LTD,Industrials,Engineering & Construction,24785418240.0,246.3,25.496895,3.3683434,,15.606,0.134,0.239,0.0594,,ok,
EPL.NS,EPL LIMITED,Consumer Cyclical,Packaging & Containers,71977287680.0,224.72,18.510708,2.5129437,0.15077,33.579,-0.1,0.177,0.08165,2.18,ok,
EPIGRAL.NS,EPIGRAL LIMITED,Basic Materials,Chemicals,47507238912.0,1101.2,17.537823,2.1385887,,25.751,-0.379,0.163,0.10321,0.46,ok,
EQUIPPP.NS,EQUIPPP SOC IMP TECH LTD,Technology,Information Technology Services,2395932928.0,23.24,129.1111,23.909464,0.12761,74.065,-0.383,1.176,0.04032,,ok,
EQUITASBNK.NS,EQUITAS SMALL FIN BNK LTD,Financial Services,Banks - Regional,86043885568.0,75.22,16.86547,1.4043014,,94.248,,0.192,0.10925999,,ok,
ESABINDIA.NS,ESAB INDIA LTD,Industrials,Tools & Accessories,86685794304.0,5631.5,42.073215,20.188566,0.52285,0.78,-0.082,0.076,0.13705,2.08,ok,
ERIS.NS,ERIS LIFESCIENCES LIMITED,Healthcare,Drug Manufacturers - Specialty & Generic,191577571328.0,1382.4,29.488054,4.84232,,60.545,0.207,0.126,0.20045,1.04,ok,
ESAFSFB.NS,ESAF SMALL FINANCE BANK L,Financial Services,Banks - Regional,20780050432.0,40.27,,1.1623611,,,,0.742,-0.0028,,ok,
ESCORTS.NS,ESCORTS KUBOTA LIMITED,Industrials,Farm & Heavy Construction Machinery,338884362240.0,3080.0,24.502785,2.7850015,,1.309,-0.724,0.283,0.11291,1.07,ok,
ESTER.NS,ESTER INDUSTRIES LTD,Basic Materials,Specialty Chemicals,9110171648.0,87.35,,1.0848237,-0.03533,93.137,3.015,0.077,-0.01998,0.68,ok,
ESSENTIA.NS,INTEGRA ESSENTIA LIMITED,Consumer Defensive,Food Distribution,2176551168.0,1.24,Infinity,0.9246831,0.00191,25.664,,0.342,0.00068999996,,ok,
ESSARSHPNG.NS,ESSAR SHIPPING LTD,Industrials,Marine Shipping,4128586752.0,19.86,,-0.19810869,,,,,0.0,,ok,
ETERNAL.NS,ETERNAL LIMITED,Consumer Cyclical,Internet Retail,2899699040256.0,315.0,670.21277,9.311538,,14.826,2.68,1.82,0.00642,,ok,
EUROBOND.NS,EURO PANEL PRODUCTS LTD,Industrials,Building Products & Equipment,4042255104.0,164.99,15.22048,2.524018,0.18114,100.859,0.365,0.2,0.052789997,,ok,
ETHOSLTD.NS,ETHOS LIMITED,Consumer Cyclical,Luxury Goods,74442579968.0,2782.1,71.64821,5.0031385,,19.366,0.479,0.333,0.06013,,ok,
EUROPRATIK.NS,EURO PRATIK SALES LIMITED,Basic Materials,Building Materials,32101019648.0,314.1,41.935917,10.3793545,0.27798998,7.636,0.46,0.281,0.23015,0.13,ok,
EUREKAFORB.NS,EUREKA FORBES LIMITED,Consumer Cyclical,"Furnishings, Fixtures & Appliances",87184490496.0,450.55,53.82915,1.8955122,0.0361,0.629,0.031,0.116,0.06003,,ok,
EUROTEXIND.NS,EUROTEX IND & EXPORTS LTD,Real Estate,Real Estate - Development,157182400.0,13.37,,-0.4348816,,,,-0.989,0.0,,ok,
EVEREADY.NS,EVEREADY INDS. IND.  LTD.,Industrials,Electrical Equipment & Parts,25934815232.0,356.8,15.105842,4.1632633,0.31645,32.395,12.597,0.094,0.11785,0.7,ok,
EVERESTIND.NS,EVEREST INDUSTRIES LTD,Industrials,Building Products & Equipment,7421285376.0,468.05,,1.5007374,,45.885,61.458,-0.129,-0.00091,0.21,ok,
EXCELINDUS.NS,EXCEL INDUSTRIES LTD,Basic Materials,Specialty Chemicals,12935241728.0,1029.0,17.084509,0.759469,0.04597,0.463,-0.01,0.135,0.06913,1.34,ok,
EXCELSOFT.NS,EXCELSOFT TECHNOLOGIES L,Technology,Software - Application,9626789888.0,83.65,20.303398,1.6646104,0.091359995,1.137,-0.189,0.161,0.15918,,ok,
EXICOM.NS,EXICOM TELE SYSTEMS LTD,Industrials,Electrical Equipment & Parts,22099775488.0,158.9,,3.288085,-0.43337002,109.474,,0.461,-0.23801,,ok,
EXIDEIND.NS,EXIDE INDUSTRIES LTD,Consumer Cyclical,Auto Parts,416499990528.0,490.0,44.667274,2.9953663,,11.308,0.284,0.177,0.04948,0.42,ok,
EXPLEOSOL.NS,EXPLEO SOLUTIONS LIMITED,Technology,Information Technology Services,12986141696.0,836.75,10.357099,1.6728007,0.17559,1.011,0.731,0.127,0.11139,13.4,ok,
EXXARO.NS,EXXARO TILES LIMITED,Industrials,Building Products & Equipment,2756049664.0,6.16,68.44444,1.0391363,,33.349,1.561,0.313,0.0125899995,,ok,
FABTECH.NS,FABTECH TECHNOLOGIES LTD,Healthcare,Health Information Services,6606721536.0,148.63,13.573517,1.3581579,,16.589,,0.103,0.116560005,0.4,ok,
FACT.NS,FACT LTD,Basic Materials,Agricultural Inputs,543152242688.0,839.4,,39.49746,,295.147,-0.955,0.409,0.07694,0.05,ok,
FAIRCHEMOR.NS,FAIRCHEM ORGANICS LIMITED,Basic Materials,Specialty Chemicals,9446296576.0,749.95,66.25,3.5911987,,31.852,7.533,0.344,0.02849,0.13,ok,
FCL.NS,FINEOTEX CHEMICAL LIMITED,Basic Materials,Specialty Chemicals,48489816064.0,41.64,94.63636,3.9249692,,0.872,0.548,1.748,0.12091,0.38,ok,
FAZE3Q.NS,FAZE THREE LIMITED,Consumer Cyclical,Textile Manufacturing,13815009280.0,569.2,41.276287,3.0602646,0.07697,60.909,0.125,0.316,0.03637,,ok,
FCSSOFT.NS,FCS SOFTWARE SOLN. LTD.,Technology,Information Technology Services,2513043200.0,1.47,73.5,0.6036961,,,0.467,1.201,0.04132,,ok,
FDC.NS,FDC LIMITED,Healthcare,Drug Manufacturers - Specialty & Generic,60207165440.0,369.8,21.400461,2.4229953,,0.622,0.092,0.03,0.13358,2.7,ok,
FEDDERSHOL.NS,FEDDERS HOLDING LTD.,,,,43.45,,1.2140942,0.13532,9.218,2.584,0.227,0.26485002,,ok,
FEDERALBNK.NS,FEDERAL BANK LTD,Financial Services,Banks - Regional,879168978944.0,356.25,19.050802,2.19305,,,0.368,0.214,0.30721,0.34,ok,
FEDFINA.NS,FEDBANK FINANCIAL SER L,Financial Services,Credit Services,56090374144.0,149.59,14.439189,1.9130379,,467.341,0.525,0.324,0.28992,,ok,
FEL.NS,FUTURE ENTERPRISES LTD,Consumer Cyclical,Department Stores,182892880.0,0.37,,0.006993403,-2.38273,,,-0.132,-1.31188,,ok,
FIBERWEB.NS,FIBERWEB INDIA LIMITED,Consumer Cyclical,Textile Manufacturing,856841280.0,29.76,8.551724,0.45839626,0.055219997,6.45,,-0.638,0.11843,,ok,
FELDVR.NS,FUTURE ENTERPRISES LTD,Consumer Cyclical,Department Stores,1117129472.0,2.26,,0.042716462,-2.38273,,,-0.132,-1.31188,,ok,
FERMENTA.NS,FERMENTA BIOTECH LTD.,,,,560.6,,3.95672,0.18511,28.294,-0.442,-0.131,0.13658,,ok,
FILATFASH.NS,FILATEX FASHIONS LIMITED,Consumer Cyclical,Apparel Manufacturing,1500133120.0,0.18,Infinity,0.060975615,0.00122,2.546,-0.818,-0.657,0.024530001,,ok,
FINCABLES.NS,FINOLEX CABLES LTD,Industrials,Electrical Equipment & Parts,156709306368.0,1024.65,21.95522,2.5757465,0.12326,0.314,0.171,0.224,0.11291,0.77,ok,
FILATEX.NS,FILATEX INDIA LTD,Consumer Cyclical,Textile Manufacturing,37003382784.0,83.33,19.37907,3.8462958,,9.979,0.166,-0.018,0.043309998,0.62,ok,
FIEMIND.NS,FIEM INDUSTRIES LIMITED,Consumer Cyclical,Auto Parts,67912617984.0,2580.3,26.546297,5.589469,0.22686,5.395,0.207,0.174,0.091529995,1.61,ok,
FINEORG.NS,FINE ORGANIC IND. LTD.,Basic Materials,Specialty Chemicals,158269865984.0,5162.1,37.900883,5.9398932,0.16818,3.464,0.21,0.024,0.17628999,0.22,ok,
FINKURVE.NS,FINKURVE FINANCIAL SERV L,Financial Services,Credit Services,8254480896.0,58.9,31.666668,2.3675537,0.09413,244.293,1.054,-0.121,0.18761,,ok,
FINPIPE.NS,FINOLEX INDUSTRIES LTD,Industrials,Building Products & Equipment,101669355520.0,164.43,16.542253,1.6340868,0.09731,7.171,0.587,0.121,0.14563,1.2,ok,
FINOPB.NS,FINO PAYMENTS BANK LTD,Financial Services,Banks - Regional,12895523840.0,154.96,24.635931,1.6075022,0.067600004,,-0.704,-0.311,0.0356,,ok,
FIVESTAR.NS,FIVE-STAR BUS FIN LTD,Financial Services,Credit Services,160360857600.0,543.25,14.375496,2.172774,,111.929,0.019,0.08,0.47797,0.36,ok,
FISCHER.NS,FISCHER MEDICAL VENTURE L,Healthcare,Medical Devices,24878131200.0,38.01,84.46667,6.382871,0.08625,27.698,,0.987,0.101239994,0.01,ok,
FIRSTCRY.NS,BRAINBEES SOLUTIONS LTD,Consumer Cyclical,Internet Retail,103963951104.0,214.2,,2.1349332,-0.0383,29.762,,0.12,-0.0164,,ok,
FLAIR.NS,FLAIR WRITING INDUST LTD,Industrials,Business Equipment & Supplies,26601791488.0,252.4,22.555853,2.3289075,0.13085,5.802,0.161,0.084,0.111820005,0.4,ok,
FLEXITUFF.NS,FLEXITUFF VENTURES INT L,Consumer Cyclical,Textile Manufacturing,121116160.0,3.69,,-0.09951994,,,,-0.996,0.0,,ok,
FLFL.NS,FUT LIFESTYLE FASH LTD,Consumer Cyclical,Apparel Manufacturing,240112112.0,1.19,,-0.012763721,,,,-0.787,-0.92297,,ok,
FMGOETZE.NS,FEDERAL-MOGUL GOETZE (IND,Consumer Cyclical,Auto Parts,27384915968.0,492.25,16.081347,1.9063646,0.12438,0.068,-0.173,0.02,0.087139994,,ok,
FLUOROCHEM.NS,GUJARAT FLUOROCHEM LTD,Basic Materials,Specialty Chemicals,496313303040.0,4518.1,86.586815,6.484973,0.07547,28.94,-0.414,0.117,0.11569,0.07,ok,
FMNL.NS,FUTURE MKT NETWORKS LTD,Real Estate,Real Estate Services,624233664.0,9.35,7.9237294,0.5052962,0.07251,130.24,,0.061,0.07944,,ok,
FOCUS.NS,FOCUS LIGHTG & FIXTRS LTD,Consumer Cyclical,"Furnishings, Fixtures & Appliances",4509760000.0,67.08,29.94643,3.0817292,0.03539,14.285,1.215,0.443,0.027,,ok,
FOODSIN.NS,FOODS & INNS LIMITED,Consumer Defensive,Packaged Foods,4038353152.0,54.92,14.490765,0.6980616,0.05011,76.257,-0.15,-0.246,0.0319,0.57,ok,
FORTIS.NS,FORTIS HEALTHCARE LTD,Healthcare,Medical Care Facilities,721098309632.0,955.15,69.21377,7.287105,,34.15,0.023,0.181,0.110240005,0.11,ok,
FORCEMOT.NS,FORCE MOTORS LIMITED,Consumer Cyclical,Auto Manufacturers,243760840704.0,18500.0,19.294952,5.9150467,,,0.228,0.062,0.13607,0.21,ok,
FRONTSP.NS,FRONTIER SPRINGS LTD.,,,,1401.2,,9.023466,0.39887002,5.888,0.422,0.178,0.19038,,ok,
FOSECOIND.NS,FOSECO INDIA LTD,Basic Materials,Chemicals,41664344064.0,5500.5,45.398643,4.000823,,,-0.011,0.012,0.12117,0.46,ok,
FRACTAL.NS,FRACTAL ANALYTICS LIMITED,Technology,Software - Infrastructure,140615876608.0,817.7,42.677456,4.2778373,,13.131,0.979,0.2,0.095290005,,ok,
FSL.NS,FIRSTSOURCE SOLU. LTD.,Technology,Information Technology Services,193246314496.0,279.85,29.303665,4.4063234,,67.135,-0.02,0.231,0.06668,1.87,ok,
FUSION.NS,FUSION FINANCE LIMITED,Financial Services,Credit Services,33150232576.0,204.99,199.01942,1.3497995,0.00676,227.507,,2.99,0.01958,,ok,
GABRIEL.NS,GABRIEL INDIA LTD,Consumer Cyclical,Auto Parts,265809592320.0,1499.8,85.11918,15.764137,,10.642,0.732,0.298,0.052360002,0.33,ok,
GAEL.NS,GUJARAT AMBUJA EXPORTS LT,Consumer Defensive,Packaged Foods,77616250880.0,169.22,18.677704,2.3558073,,13.384,1.719,0.235,0.06898,0.17,ok,
GAIL.NS,GAIL (INDIA) LTD,Utilities,Utilities - Regulated Gas,1141631090688.0,173.63,11.55223,1.2809391,,27.809,0.969,0.167,0.06698,3.12,ok,
GALAPREC.NS,GALA PRECISION ENG LTD,Industrials,Specialty Industrial Machinery,13282709504.0,1036.4,38.27179,4.528454,0.1292,13.04,0.223,0.256,0.11289,,ok,
GALAXYSURF.NS,GALAXY SURFACTANTS LTD,Basic Materials,Specialty Chemicals,73274335232.0,2066.7,27.402546,2.6695411,0.1047,8.579,-0.177,0.148,0.05095,1.1,ok,
GALLANTT.NS,GALLANTT ISPAT LIMITED,Basic Materials,Steel,146095603712.0,605.5,30.565372,4.406136,,,,,0.11146,0.14,ok,
GANDHAR.NS,GANDHAR OIL REFINE IND L,Energy,Oil & Gas Refining & Marketing,23756341248.0,242.71,7.5049477,1.7550037,,22.511,6.331,0.918,0.05945,1.34,ok,
GANDHITUBE.NS,GANDHI SPL. TUBES LTD,Industrials,Metal Fabrication,10811634688.0,889.7,15.819701,3.4219759,0.23506,0.032,-0.216,0.089,0.35649,1.68,ok,
GANESHBE.NS,GANESH BENZOPLAST LIMITED,Basic Materials,Specialty Chemicals,8668247040.0,120.41,11.816487,1.421824,0.12621,12.271,,0.115,0.17825001,,ok,
GANECOS.NS,GANESHA ECOSPHERE LIMITED,Consumer Cyclical,Textile Manufacturing,28483616768.0,1064.3,50.464676,2.231036,,38.851,1.7,0.257,0.03603,0.42,ok,
GANESHHOU.NS,GANESH HOUSING LIMITED,Real Estate,Real Estate - Development,63436726272.0,760.75,23.945545,2.7207735,,13.079,-0.549,0.856,0.41397,0.2,ok,
GANESHCP.NS,GANESH CONSUMER PRODUCT L,Consumer Defensive,Packaged Foods,6538814464.0,161.8,14.642534,1.7573776,,7.166,0.314,-0.062,0.05291,3.03,ok,
GANGESSECU.NS,GANGES SECURITIES LIMITED,Consumer Defensive,Packaged Foods,1180435072.0,118.0,43.703705,0.21865214,,,0.418,-0.135,0.046090003,,ok,
GANGAFORGE.NS,GANGA FORGING LIMITED,Industrials,Metal Fabrication,358067552.0,2.11,,1.1417748,,78.9,,,-0.06577,,ok,
GATECH.NS,GACM TECHNOLOGIES LIMITED,Financial Services,Asset Management,852989440.0,0.66,9.428572,0.73170733,0.10936,,-0.052,0.144,0.37476003,,ok,
GARFIBRES.NS,GARWARE TECH FIBRES LTD,Consumer Cyclical,Textile Manufacturing,79275802624.0,811.85,40.491272,5.9478803,,3.161,0.217,0.338,0.12813,1.13,ok,
GARUDA.NS,GARUDA CONSTRUCT N ENG L,Industrials,Engineering & Construction,16794035200.0,180.5,13.410104,3.6845758,0.31127,2.649,0.903,0.827,0.23080999,0.03,ok,
GATECHDVR.NS,GACM TECHNOLOGIES LIMITED,Financial Services,Asset Management,659128192.0,0.51,7.285714,0.5654102,0.10936,,-0.052,0.144,0.37476003,,ok,
GATEWAY.NS,GATEWAY DISTRIPARKS LTD,Industrials,Integrated Freight & Logistics,28229877760.0,56.5,11.035156,1.2237914,,25.362,-0.189,-0.001,0.11045,3.58,ok,
GAYAHWS.NS,GAYATRI HIGHWAYS LIMITED,Industrials,Infrastructure Operations,474510784.0,1.98,,-0.07263389,,,-0.995,11.332,1134.8969,,ok,
GAUDIUMIVF.NS,GAUDIUM IVF N WOMEN H L,Healthcare,Medical Care Facilities,9531442176.0,130.95,33.40561,5.3624077,0.24660999,16.133,0.295,0.127,0.2344,,ok,
GAYAPROJ.NS,GAYATRI PROJECTS LTD,Industrials,Engineering & Construction,9327767552.0,20.09,0.18415987,0.6196601,,51.304,,-0.328,2.07356,,ok,
GCSL.NS,GRETEX CORPORATE SERVICES,Financial Services,Capital Markets,11861886976.0,523.95,53.464287,7.456771,,6.793,11.181,0.682,0.18269,0.13,ok,
GEECEE.NS,GEECEE VENTURES LIMITED,Real Estate,Real Estate - Development,7600367616.0,363.45,18.046179,0.9102954,0.05198,,5.059,1.034,0.56249,0.56,ok,
GEEKAYWIRE.NS,GEEKAY WIRES LIMITED,Industrials,Electrical Equipment & Parts,2354835712.0,22.53,7.8229165,1.3636365,0.17416,88.865,-0.198,0.1,0.06481,1.44,ok,
GEMAROMA.NS,GEM AROMATICS LIMITED,Basic Materials,Chemicals,9687899136.0,185.46,686.8889,2.1531818,0.0038800002,33.749,-0.963,-0.454,0.00389,,ok,
GENCON.NS,GENERIC ENG CONS PROJ LTD,Industrials,Engineering & Construction,2249246208.0,39.47,26.313334,0.74894214,0.02945,21.937,-0.695,0.041,0.02785,,ok,
GENESYS.NS,GENESYS INTL CORPN LTD,Technology,Software - Application,13930876928.0,227.45,41.354546,1.3147627,0.051960003,24.515,-0.348,0.107,0.099379994,,ok,
GENSOL.NS,GENSOL ENGINEERING LTD,Technology,Solar,668582336.0,17.39,0.776686,0.11201793,,228.07,0.289,0.564,0.0678,,ok,
GENUSPAPER.NS,GENUS P&B LIMITED,Basic Materials,Paper & Paper Products,3178076416.0,12.36,33.405403,0.6309663,,84.844,4.307,0.115,0.00976,,ok,
GENUSPOWER.NS,GENUS POWER INFRASTRU LTD,Industrials,Electrical Equipment & Parts,84819009536.0,306.65,14.403475,3.8245673,0.28997,103.821,0.393,0.641,0.12467,0.79,ok,
GEOJITFSL.NS,GEOJIT FINANCIAL SER L,Financial Services,Capital Markets,21497985024.0,77.02,29.623077,1.7897476,,9.473,-0.285,0.049,0.10743,1.91,ok,
GESHIP.NS,THE GE SHPG.LTD,Industrials,Marine Shipping,191564988416.0,1341.8,5.122938,1.1293443,,6.409,1.594,0.669,0.60307,4.26,ok,
GFLLIMITED.NS,GFL LIMITED,Financial Services,Asset Management,5577084416.0,50.77,12.382927,0.21715605,0.01771,,,0.282,16.98868,,ok,
GHCL.NS,GHCL LIMITED,Basic Materials,Chemicals,39970254848.0,436.05,7.781049,1.1035161,,2.345,0.327,-0.027,0.17052999,2.74,ok,
GHCLTEXTIL.NS,GHCL TEXTILES LIMITED,Consumer Cyclical,Textile Manufacturing,11622275072.0,121.59,12.074479,0.7735323,,8.933,1.911,0.527,0.0659,0.5,ok,
GICHSGFIN.NS,GIC HOUSING FINANCE LTD,Financial Services,Mortgage Finance,8232751104.0,152.88,5.324974,0.3908445,0.07606,432.907,0.525,0.043,0.49408,3.0,ok,
GICL.NS,GLOBE INTL CARRIERS LTD,Industrials,Integrated Freight & Logistics,2229015808.0,19.91,68.655174,2.832954,0.124139994,46.429,-0.073,0.136,0.05632,,ok,
GICRE.NS,GENERAL INS CORP OF INDIA,Financial Services,Insurance - Reinsurance,626671681536.0,357.2,6.4851127,0.6806299,0.10686,,0.014,-0.013,0.18268,3.69,ok,
GILLETTE.NS,GILLETTE INDIA LTD,Consumer Defensive,Household & Personal Products,250368507904.0,7683.5,46.884914,26.453505,,0.002,0.094,0.108,0.21035999,1.56,ok,
GILLANDERS.NS,GILLANDERS ARBUTHNOT LTD,Consumer Defensive,Farm Products,1935537408.0,90.69,20.471785,0.75037855,0.03763,57.612,,-0.005,0.02197,,ok,
GINNIFILA.NS,GINNIFILAMENTS LTD.,Consumer Cyclical,Textile Manufacturing,3903073280.0,45.57,11.060679,1.6416297,,17.413,-0.147,0.013,0.09588,,ok,
GIPCL.NS,GUJ IND POW CO. LTD,Utilities,Utilities - Regulated Electric,24513251328.0,157.93,6.149922,0.63825315,,93.592,3.687,0.266,0.30135,2.57,ok,
GKENERGY.NS,GK ENERGY LIMITED,Utilities,Utilities - Renewable,27757570048.0,136.86,12.719331,3.128729,0.37255,23.151,0.322,0.352,0.1191,,ok,
GKSL.NS,GUJARAT KIDNEY N SUP SP L,Healthcare,Medical Care Facilities,10594956288.0,134.38,53.967873,3.3125446,0.11929,11.427,2.946,2.126,0.18896,,ok,
GKWLIMITED.NS,GKW LIMITED,Industrials,Specialty Business Services,9717638144.0,1628.7,,0.37087893,-0.00089,0.015,,,-0.07193,,ok,
GLAND.NS,GLAND PHARMA LIMITED,Healthcare,Drug Manufacturers - Specialty & Generic,429078282240.0,2601.0,40.704224,4.1372204,0.10532,2.738,0.966,0.223,0.15975,0.77,ok,
GLAXO.NS,GLAXOSMITHKLINE PHARMA LT,Healthcare,Drug Manufacturers - General,440404869120.0,2599.7,41.304417,19.423212,,1.467,0.157,0.166,0.27008,2.21,ok,
GLENMARK.NS,GLENMARK PHARMACEUTICALS,Healthcare,Drug Manufacturers - Specialty & Generic,643135045632.0,2279.1,35.728172,6.1188,,5.646,9.303,0.231,0.10137,0.33,ok,
GLFL.NS,GUJARAT LEASE FINANCING L,Financial Services,Shell Companies,141053984.0,5.2,520.0,-3.4969738,,,,,0.0,,ok,
GLOBAL.NS,GLOBAL EDUCATION LIMITED,Consumer Defensive,Education & Training Services,5183808512.0,101.84,19.547024,3.9423969,0.21982999,,0.936,0.465,0.28254,1.0,ok,
GLOBE.NS,GLOBE ENTERPRISE (I) LTD,Consumer Cyclical,Textile Manufacturing,900837568.0,2.0,12.5,0.60150373,0.06266,114.163,0.358,0.37,0.01424,,ok,
GLOBALE.NS,GLOBALE TESSILE LIMITED,Consumer Cyclical,Textile Manufacturing,111831496.0,10.53,,1.1665004,-0.13590999,107.499,,10.111,-0.09233,,ok,
GLOBECIVIL.NS,GLOBE CIVIL PROJECTS LTD,Industrials,Engineering & Construction,2377413376.0,39.81,9.523924,1.0143968,0.1354,64.329,-0.08,0.155,0.05743,,ok,
GLOBALVECT.NS,GLOBAL VEC HELICORP LTD,Industrials,Airports & Air Services,2226279936.0,159.02,,-27.483583,-4.90735,,,-0.055,-0.061929997,,ok,
GLOSTERLTD.NS,GLOSTER LIMITED,Consumer Cyclical,Textile Manufacturing,7632376832.0,697.45,42.065742,0.70108163,0.0167,88.108,,0.359,0.01271,2.94,ok,
GLOBUSSPR.NS,GLOBUS SPIRITS LTD,Consumer Defensive,Beverages - Wineries & Distilleries,26355511296.0,906.3,10.42443,2.375741,,48.422,0.503,0.127,0.03592,0.31,ok,
GLOTTIS.NS,GLOTTIS LIMITED,Industrials,Integrated Freight & Logistics,6381350912.0,69.06,15.803204,2.2812405,0.19894,18.802,,,0.05165,,ok,
GMBREW.NS,G M BREWERIES LTD,Consumer Defensive,Beverages - Wineries & Distilleries,20753002496.0,908.35,12.296601,1.9246701,,3.201,0.459,0.258,0.08878,0.99,ok,
GMDCLTD.NS,GUJARAT MINERAL DEV CORP,Energy,Thermal Coal,185330401280.0,582.8,18.81821,2.6218357,,4.475,-0.002,0.238,0.33823,1.69,ok,
GMMPFAUDLR.NS,GMM PFAUDLER LIMITED,Industrials,Specialty Industrial Machinery,44386267136.0,987.3,76.892525,3.6850417,,84.461,1.144,0.176,0.01931,0.2,ok,
GNA.NS,GNA AXLES LIMITED,Consumer Cyclical,Auto Parts,22633117696.0,527.2,17.111328,2.2540414,0.12285,,,,0.080790006,0.57,ok,
GMRAIRPORT.NS,GMR AIRPORTS LIMITED,Industrials,Airports & Air Services,1131922194432.0,107.2,824.6154,-45.0799,,,,0.375,0.011849999,,ok,
GNFC.NS,GUJ NAR VAL FER & CHEM L,Basic Materials,Chemicals,78686740480.0,535.5,9.659091,0.86357594,,0.066,2.759,0.461,0.12403,3.32,ok,
GMRP&UI.NS,GMR POW AND URBAN INFRA L,Energy,Thermal Coal,76141395968.0,97.49,12.45083,3.9994256,0.41511002,549.816,,0.154,0.081879996,,ok,
GNRL.NS,GUJARAT NATURAL RES L,,,,93.92,,6.7665706,0.05471,6.377,,1.585,0.32409,,ok,
GOACARBON.NS,GOA CARBON LIMITED,Basic Materials,Specialty Chemicals,3509428480.0,383.5,,2.0811174,,99.272,,-0.67,-0.08326,,ok,
GOCLCORP.NS,GOCL CORPORATION LIMITED,Basic Materials,Specialty Chemicals,21725143040.0,438.25,7.7690125,0.69123626,0.11849,0.02,2.25,-0.983,155.88768,2.52,ok,
GOCOLORS.NS,GO FASHION INDIA LTD,Consumer Cyclical,Apparel Retail,16938535936.0,322.05,32.204998,2.505095,,77.141,-0.259,0.0,0.06373,,ok,
GODIGIT.NS,GO DIGIT GENERAL INS LTD,Financial Services,Insurance - Property & Casualty,251694858240.0,272.25,51.17481,5.3713055,,7.469,-0.375,0.086,0.04828,,ok,
GODFRYPHLP.NS,GODFREY PHILLIPS INDIA LT,Consumer Defensive,Tobacco,356574298112.0,2286.0,26.479786,5.7394934,,3.757,-0.443,-0.189,0.22389999,2.18,ok,
GODAVARIB.NS,GODAVARI BIOREFINERIES L,Basic Materials,Chemicals,12637906944.0,246.95,357.89856,1.6038109,0.00449,67.331,-0.265,-0.027,0.00177,,ok,
GODREJAGRO.NS,GODREJ AGROVET LIMITED,Consumer Defensive,Packaged Foods,104422604800.0,542.85,22.924408,5.1379004,,72.751,-0.162,0.102,0.04265,1.94,ok,
GODREJCP.NS,GODREJ CONSUMER PRODUCTS,Consumer Defensive,Household & Personal Products,1074470191104.0,1050.0,57.345715,8.494527,0.15099,34.899,0.097,0.112,0.12264,1.86,ok,
GODREJIND.NS,GODREJ INDUSTRIES LTD,Industrials,Conglomerates,441780142080.0,1311.5,35.59989,3.9522178,0.10832,222.411,1.427,0.099,0.05234,,ok,
GODREJPROP.NS,GODREJ PROPERTIES LTD,Real Estate,Real Estate - Development,623537750016.0,2070.0,33.934425,3.254932,,82.119,-0.417,0.165,0.30754998,0.48,ok,
GOKEX.NS,GOKALDAS EXPORTS LTD.,Consumer Cyclical,Apparel Manufacturing,59021910016.0,805.5,61.254753,2.730805,0.047220003,58.934,-0.32,0.053,0.025109999,,ok,
GOLDENTOBC.NS,GOLDEN TOBACCO LIMITED,Consumer Defensive,Tobacco,434766688.0,24.59,13.814607,-0.20982839,,,,-0.184,0.21164,,ok,
GOKULAGRO.NS,GOKUL AGRO RESOURCES LTD,Consumer Defensive,Packaged Foods,67515842560.0,228.8,16.04488,4.7561636,,41.405,0.715,0.073,0.017239999,,ok,
GOLDIAM.NS,GOLDIAM INTERNATIONAL LTD,Consumer Cyclical,Luxury Goods,56142749696.0,372.9,31.682241,5.0760937,0.1838,6.931,0.612,0.175,0.17462999,0.75,ok,
GOKUL.NS,GOKUL REFOILS & SOLV LTD,Consumer Defensive,Packaged Foods,3928121600.0,39.68,21.219252,1.0823786,0.052199997,106.352,-0.119,0.228,0.00448,,ok,
GOODLUCK.NS,GOODLUCK INDIA LIMITED,Basic Materials,Steel,50150260736.0,1508.8,26.294876,3.0331602,,73.233,0.595,0.314,0.046409998,0.46,ok,
GOLDTECH.NS,AION-TECH SOLUTIONS LTD,Technology,Information Technology Services,2818204160.0,53.81,269.05,1.2238446,0.00494,30.784,-0.555,0.449,0.059359998,,ok,
GOODYEAR.NS,GOODYEAR INDIA LIMITED,Consumer Cyclical,Auto Parts,18520098816.0,802.9,30.12758,3.0551636,0.101730004,4.446,0.99,0.022,0.02484,3.25,ok,
GOPAL.NS,GOPAL SNACKS LIMITED,Consumer Defensive,Packaged Foods,34644905984.0,277.9,47.181664,7.2422595,0.16670999,32.169,,0.29,0.04883,0.37,ok,
GOYALALUM.NS,GOYAL ALUMINIUMS LIMITED,Basic Materials,Aluminum,917771776.0,6.43,29.227272,3.655486,0.12941,42.441,11.843,0.809,0.04081,,ok,
GPIL.NS,GODAWARI POW & ISP LTD,Basic Materials,Steel,156540256256.0,240.61,19.233414,2.544522,0.14866,7.582,0.266,0.097,0.14882,0.41,ok,
GPTHEALTH.NS,GPT HEALTHCARE LIMITED,Healthcare,Medical Care Facilities,13082821632.0,159.44,30.959223,4.8557944,,33.842,0.657,0.197,0.09606,1.82,ok,
GPPL.NS,GUJARAT PIPAVAV PORT LTD,Industrials,Marine Shipping,73332187136.0,151.63,14.224203,3.1129773,0.21802999,1.544,0.266,0.24,0.44472998,6.61,ok,
GRADIENTE.NS,GRADIENTE INFOTAINMENT L,Communication Services,Entertainment,860915968.0,2.59,,0.23430432,0.0095,3.255,,8.27,0.0994,,ok,
GPTINFRA.NS,GPT INFRAPROJECTS LTD,Industrials,Engineering & Construction,14631756800.0,115.79,14.940645,2.4284816,,49.76,0.049,-0.034,0.07697,3.39,ok,
GRANULES.NS,GRANULES INDIA LIMITED,Healthcare,Drug Manufacturers - Specialty & Generic,216537333760.0,873.85,32.460995,4.2583623,,29.735,0.598,0.22,0.1176,0.21,ok,
GRANDOAK.NS,GRAND OAK CANYONS DIST L,,,,41.1,,2.5523193,0.00011,311.972,-0.866,10.903,0.32664,,ok,
GRAPHITE.NS,GRAPHITE INDIA LTD,Industrials,Electrical Equipment & Parts,138706911232.0,709.95,65.13303,2.3673997,,6.295,0.284,0.412,0.07169,0.97,ok,
GRASIM.NS,GRASIM INDUSTRIES LTD,Basic Materials,Building Materials,2253833895936.0,3323.0,45.40858,2.1782508,0.06287,135.044,0.619,0.105,0.02831,0.31,ok,
GRAUWEIL.NS,GRAUER & WEIL IND LTD,Basic Materials,Specialty Chemicals,31725201408.0,69.97,19.32873,2.938311,,1.343,-0.087,0.179,0.12967,0.72,ok,
GRAVISSHO.NS,GRAVISS HOSPITALITY LTD.,,,,31.08,,1.1338928,-0.00343,4.916,,0.031,-0.0104600005,,ok,
GRAVITA.NS,GRAVITA INDIA LIMITED,Industrials,Metal Fabrication,126160814080.0,1732.1,32.189182,5.143746,,29.934,0.141,0.418,0.083380006,0.64,ok,
GREAVESCOT.NS,GREAVES COTTON LTD.,Industrials,Specialty Industrial Machinery,46322397184.0,198.85,45.712646,3.2370706,,12.328,0.225,0.166,0.03334,1.52,ok,
GREENLAM.NS,GREENLAM INDUSTRIES LTD.,Consumer Cyclical,"Furnishings, Fixtures & Appliances",69833924608.0,273.7,122.18751,5.9218073,0.04862,98.417,17.971,0.258,0.01847,0.15,ok,
GREENPANEL.NS,GREENPANEL INDUSTRIES LTD,Basic Materials,Lumber & Wood Production,23575115776.0,192.25,,1.7387333,-0.02125,27.299,-0.953,0.065,-0.018919999,0.25,ok,
GREENPOWER.NS,ORIENT GREEN POWER CO LTD,Utilities,Utilities - Independent Power Producers,11519170560.0,9.82,18.185184,0.9996946,,45.393,-0.19,-0.068,0.22264,,ok,
GREENPLY.NS,GREENPLY INDUSTRIES LTD,Basic Materials,Lumber & Wood Production,35765702656.0,286.35,36.155304,3.964584,,57.505,0.32,0.207,0.03445,0.17,ok,
GRINDWELL.NS,GRINDWELL NORTON LIMITED,Industrials,Building Products & Equipment,236254347264.0,2133.8,54.03393,9.320631,,2.381,0.223,0.142,0.13763,0.9,ok,
GRINFRA.NS,G R INFRAPROJECTS LIMITED,Industrials,Engineering & Construction,84249395200.0,870.7,9.335263,0.89820296,0.100880004,51.877,-0.488,0.099,0.10746,0.56,ok,
GROBTEA.NS,THE GROB TEA COMPANY LTD,Consumer Defensive,Farm Products,1046097024.0,900.0,18.174475,1.127143,0.06371,56.997,,-0.396,0.05029,0.22,ok,
GRMOVER.NS,GRM OVERSEAS LIMITED,Consumer Defensive,Packaged Foods,18745630720.0,90.33,11.610539,1.3806859,0.14711,60.709,0.089,1.05,0.04298,,ok,
GROWW.NS,BILLIONBRAINS GARAGE VN L,Financial Services,Capital Markets,1179495432192.0,190.5,48.47328,12.202152,,3.028,0.943,0.652,0.45354,,ok,
GRPLTD.NS,GRP LIMITED,Consumer Cyclical,Auto Parts,10685330432.0,2003.5,187.59363,5.990826,,116.333,1.402,0.267,0.009980001,0.17,ok,
GRSE.NS,GARDEN REACH SHIP&ENG LTD,Industrials,Aerospace & Defense,297720643584.0,2599.0,37.171055,11.336177,,1.424,0.438,0.385,0.10665,1.03,ok,
GRWRHITECH.NS,GARWARE HI-TECH FILMS LTD,Basic Materials,Specialty Chemicals,161999486976.0,6973.0,47.990364,6.0986433,,0.59,0.598,0.319,0.17128,0.16,ok,
GSFC.NS,GUJ STATE FERT & CHEM LTD,Basic Materials,Agricultural Inputs,64242548736.0,161.22,9.550948,0.5267371,0.0551,0.217,-0.273,0.37,0.06147,3.08,ok,
GTECJAINX.NS,G-TEC JAINX EDUCATION LTD,Consumer Defensive,Education & Training Services,321364160.0,31.54,,66.260506,-0.97100997,238.1,,-0.097,-0.11201999,,ok,
GSPCROP.NS,GSP CROP SCIENCE LIMITED,Basic Materials,Agricultural Inputs,27794954240.0,597.5,23.957497,3.1154678,0.15499,34.017,-0.096,0.307,0.06453,,ok,
GSLSU.NS,GLOBAL SURFACES LIMITED,Basic Materials,Building Materials,1188386176.0,28.04,,0.4389549,-0.110769995,78.906,,-0.21,-0.13046,,ok,
GTL.NS,GTL LTD,Communication Services,Telecom Services,1230060928.0,7.82,0.21118014,-0.022586208,,,53.318,-0.167,2.56969,,ok,
GSS.NS,GSS INFOTECH LIMITED,Technology,Information Technology Services,361553888.0,14.01,,0.12137646,-0.15468,48.025,,-0.312,-0.56034,,ok,
GTLINFRA.NS,GTL INFRA.LTD,Technology,Communication Equipment,15883298816.0,1.24,2.0666666,-0.3097677,,,,-0.02,-1.3534501,,ok,
GTPL.NS,GTPL HATHWAY LIMITED,Communication Services,Entertainment,6724165120.0,59.79,89.23881,0.5846003,,39.615,-0.78,0.124,0.00196,3.34,ok,
GUFICBIO.NS,GUFIC BIOSCIENCES LTD.,Healthcare,Drug Manufacturers - Specialty & Generic,42259046400.0,421.4,64.33588,6.36527,0.10144,60.866,1.836,0.228,0.06802,0.02,ok,
GUJAPOLLO.NS,GUJ. APOLLO IND. LTD.,Industrials,Specialty Industrial Machinery,4769717248.0,367.75,76.4553,0.94724774,0.0103400005,8.058,,-0.679,0.097320005,0.54,ok,
GUJALKALI.NS,GUJARAT ALKALIES & CHEM,Basic Materials,Chemicals,49496489984.0,674.0,74.475136,1.2954363,,6.128,5.194,3.957,0.1839,2.6,ok,
GUJRAFFIA.NS,GUJARAT RAFFIA INDUST LTD,,,,40.28,19.458937,0.9749249,0.04824,8.373,3.197,2.343,0.011820001,,ok,
GUJTHEM.NS,GUJARAT THEMIS BIOSYN LTD,Healthcare,Drug Manufacturers - Specialty & Generic,38856441856.0,355.95,83.36066,13.47836,0.17413999,56.23,-0.092,0.172,0.28151,0.19,ok,
GULFOILLUB.NS,GULF OIL LUB. IND. LTD.,Basic Materials,Specialty Chemicals,58946301952.0,1189.5,15.147078,3.824439,,35.781,0.284,0.306,0.08585,4.98,ok,
GULFPETRO.NS,GP PETROLEUMS LIMITED,Energy,Oil & Gas Refining & Marketing,2892344064.0,56.73,7.1179423,0.8143724,,6.563,2.195,0.456,0.05683,0.91,ok,
GUJENERGY.NS,GUJARAT ENERGY LIMITED,Utilities,Utilities - Regulated Gas,248912625664.0,265.3,803.93933,1.3476651,0.12267999,118.64,0.326,0.211,0.085489996,2.14,ok,
GULPOLY.NS,GULSHAN POLYOLS LIMITED,Basic Materials,Chemicals,12739517440.0,204.87,11.924912,1.7778915,0.16091,43.497,4.358,0.07,0.04634,0.14,ok,
GVPIL.NS,GE POWER INDIA LIMITED,Industrials,Engineering & Construction,51287838720.0,762.9,16.252665,8.804182,0.71698,3.02,-0.311,0.188,0.199,0.96,ok,
GVPTECH.NS,GVP INFOTECH LIMITED,Technology,Information Technology Services,1144258816.0,6.94,,1.4232978,0.00452,18.926,,-0.79,0.0431,2.19,ok,
GYFTR.NS,GYFTR LIMITED,Industrials,Specialty Business Services,12619595776.0,164.3,51.99367,2.610879,0.05243,0.258,,,0.058029998,,ok,
GVKPIL.NS,GVK POW. & INFRA LTD.,Utilities,Utilities - Independent Power Producers,3742728448.0,2.37,,-0.24400286,-2.9102802,,,,0.0,,ok,
HAL.NS,HINDUSTAN AERONAUTICS LTD,Industrials,Aerospace & Defense,3283685212160.0,4910.0,36.028763,8.000964,0.23979001,0.16,0.055,0.018,0.27549,0.41,ok,
GVT&D.NS,GE VERNOVA T&D INDIA LTD,Industrials,Specialty Industrial Machinery,1100743966720.0,4299.0,90.31513,40.910908,,0.892,0.247,0.38,0.19442,0.23,ok,
HALDER.NS,HALDER VENTURE LIMITED,Consumer Defensive,Farm Products,3251825920.0,261.44,10.188621,1.541255,,197.405,,1.04,0.00592,,ok,
HALDYNGL.NS,HALDYN GLASS LTD.,,,,130.58,,2.9959164,0.1102,49.44,0.625,0.237,0.05343,,ok,
HALEOSLABS.NS,HALEOS LABS LIMITED,Healthcare,Biotechnology,4406138368.0,1457.4,25.452324,2.0649464,,48.153,-0.363,-0.11,0.04882,0.1,ok,
HAPPSTMNDS.NS,HAPPIEST MINDS TECHNO LTD,Technology,Information Technology Services,61261791232.0,407.7,27.198133,3.457165,0.13317999,98.705,0.183,0.143,0.0932,1.8,ok,
HAPPYFORGE.NS,HAPPY FORGINGS LIMITED,Industrials,Metal Fabrication,179904741376.0,1906.2,55.092487,8.451154,,15.489,0.392,0.27,0.19940001,0.21,ok,
HARDWYN.NS,HARDWYN INDIA LIMITED,Industrials,Building Products & Equipment,7699674624.0,11.26,59.26316,1.3577716,0.03258,1.563,0.842,0.252,0.06607,,ok,
HARRMALAYA.NS,HARRISON MALAYALAM LTD,Consumer Defensive,Farm Products,4106881024.0,222.53,14.084177,2.2934616,0.17509001,62.145,0.759,0.076,0.05404,,ok,
HARIOMPIPE.NS,HARIOM PIPE INDUSTRIES L,Basic Materials,Steel,12352850944.0,398.9,16.321604,1.9106144,0.12392,62.241,0.746,0.269,0.04542,0.15,ok,
HARSHA.NS,HARSHA ENGINEERS INT LTD,Industrials,Tools & Accessories,38821203968.0,426.4,25.023472,2.7696044,0.11687,26.551,,0.271,0.0954,0.35,ok,
HATHWAY.NS,HATHWAY CABLE & DATACOM,Communication Services,Entertainment,19311839232.0,10.91,25.97619,0.46138883,,0.212,-0.21,0.065,0.03469,,ok,
HATSUN.NS,HATSUN AGRO PRODUCT LTD.,Consumer Defensive,Packaged Foods,209628397568.0,941.1,59.003136,10.8024645,,94.535,-0.011,0.193,0.03391,2.16,ok,
HAVISHA.NS,SRI HAVISHA HOSP & INFR L,Consumer Cyclical,Lodging,224162288.0,1.46,,1.8936446,-0.21895,237.227,,-0.033,-0.37280998,,ok,
HAVELLS.NS,HAVELLS INDIA LIMITED,Industrials,Electrical Equipment & Parts,808299397120.0,1288.0,49.595688,8.544344,,2.801,-0.165,0.195,0.06923,0.93,ok,
HAWKINCOOK.NS,HAWKINS COOKERS LTD,Consumer Cyclical,"Furnishings, Fixtures & Appliances",44409712640.0,8398.5,32.723553,9.974205,,6.6,0.171,0.331,0.10183,1.65,ok,
HBESD.NS,H B ESTATE DEVELOPERS L,,,,78.52,,0.9341502,,,,,,,ok,
HBLENGINE.NS,HBL ENGINEERING LTD,Industrials,Electrical Equipment & Parts,201548431360.0,727.1,24.756554,9.023218,0.44074002,3.021,0.418,0.27,0.24672002,0.27,ok,
HBSL.NS,HB STOCKHOLDINGS LIMITED,Financial Services,Capital Markets,403563584.0,56.54,,0.5138552,,14.119,0.066,0.003,0.0,2.02,ok,
HCC.NS,HINDUSTAN CONSTRUCTION CO,Industrials,Engineering & Construction,53751484416.0,20.52,27.72973,2.5267823,0.10915,47.912,-0.346,-0.278,0.0417,,ok,
HCL-INSYS.NS,HCL INFOSYSTEMS LTD,Technology,Electronics & Computer Distribution,3779329792.0,11.48,,-1.2745641,,,,0.135,-1.52291,,ok,
HCLTECH.NS,HCL TECHNOLOGIES LTD,Technology,Information Technology Services,3670643048448.0,1356.6,21.12755,4.9742002,0.24067,7.058,0.084,0.03,0.12966,4.49,ok,
HCG.NS,HEALTHCARE GLOB. ENT. LTD,Healthcare,Medical Care Facilities,100905893888.0,675.85,718.9893,7.340451,0.01898,123.057,-0.705,0.115,0.00541,,ok,
HDBFS.NS,HDB FINANCIAL SERVICES L,Financial Services,Credit Services,551460798464.0,665.65,19.923676,2.6747327,,484.313,0.383,0.21,0.29786,0.59,ok,
HDFCBANK.NS,HDFC BANK LTD,Financial Services,Banks - Regional,11264177733632.0,731.0,16.006132,1.856211,0.13838,,0.184,0.166,0.26787,1.77,ok,
HDFCAMC.NS,HDFC AMC LIMITED,Financial Services,Asset Management,1091262349312.0,2545.0,37.415466,11.813966,,2.364,0.12,0.134,0.61625,2.13,ok,
HDFCLIFE.NS,HDFC LIFE INS CO LTD,Financial Services,Insurance - Life,1172844969984.0,540.0,58.887676,5.9617124,0.108009994,15.842,0.118,0.152,0.01895,0.39,ok,
HDIL.NS,HOUSING DEV & INFRA LTD,Real Estate,Real Estate - Diversified,744186304.0,1.57,,-0.016831588,,,,-0.135,-0.05415,,ok,
HEADSUP.NS,HEADS UP VENTURES LIMITED,Consumer Cyclical,Apparel Retail,154357424.0,6.99,,1.0077854,-0.00213,,,1.198,-0.00189,,ok,
HECPROJECT.NS,HEC INFRA PROJECTS LTD,Industrials,Engineering & Construction,1438765696.0,132.75,11.424269,2.1878142,0.21202,67.512,0.075,0.091,0.0714,,ok,
HEG.NS,HEG LTD,Industrials,Electrical Equipment & Parts,130066857984.0,674.0,36.042778,2.7336922,,16.73,0.167,0.104,0.13612,0.5,ok,
HEALTHX.NS,HEALTH X PLATFORM LIMITED,Healthcare,Pharmaceutical Retailers,9754689536.0,306.65,828.78375,1.522849,-0.00178,3.353,,0.348,0.00085,,ok,
HEIDELBERG.NS,HEIDELBERGCEMENT (I) LTD,Basic Materials,Building Materials,35415674880.0,156.27,30.461988,2.5749738,,1.037,-0.367,0.051,0.04927,4.45,ok,
HEMIPROP.NS,HEMISPHERE PROP IND LTD,Real Estate,Real Estate - Diversified,39358615552.0,138.04,,9.144144,-0.02696,20.144,,0.07,0.0,,ok,
HERANBA.NS,HERANBA INDUSTRIES LTD,Basic Materials,Agricultural Inputs,7153607680.0,178.78,,0.9391482,-0.095769994,74.833,,-0.046,-0.047909997,0.56,ok,
HEROMOTOCO.NS,HERO MOTOCORP LIMITED,Consumer Cyclical,Auto Manufacturers,1145808355328.0,5725.0,20.4647,5.300558,0.28027,3.57,0.257,0.302,0.12109999,3.25,ok,
HERITGFOOD.NS,HERITAGE FOODS LTD,Consumer Defensive,Packaged Foods,33573591040.0,361.8,23.417475,3.0429697,,32.621,-0.384,0.177,0.028469998,0.7,ok,
HEXAGON.NS,HEXAGON NUTRITION LIMITED,Consumer Defensive,Packaged Foods,,64.15,32.39899,3.028658,0.17749001,14.018,0.404,0.08,0.09915,,ok,
HEXATRADEX.NS,HEXA TRADEX LIMITED,Financial Services,Credit Services,9022565376.0,163.32,,0.19548349,-0.0019200001,0.187,,-0.031,-1.90245,,ok,
HESTERBIO.NS,HESTER BIOSCIENCES LTD,Healthcare,Drug Manufacturers - Specialty & Generic,20568748032.0,2417.9,15.217445,5.709812,,52.964,4.898,-0.082,0.41612,0.45,ok,
HEXT.NS,HEXAWARE TECHNOLOGIES LTD,Technology,Information Technology Services,344288559104.0,564.6,26.58192,5.4472303,0.21473,10.18,-0.132,0.179,0.09318,2.56,ok,
HFCL.NS,HFCL LIMITED,Technology,Communication Equipment,318264246272.0,207.98,56.36314,6.273339,,38.321,,1.199,0.09554,0.05,ok,
HGM.NS,HANDSON GBL MNGMNT LTD,Technology,Information Technology Services,607329536.0,48.22,,2.97783,-0.13713999,115.257,,1.298,-0.05135,,ok,
HGS.NS,HINDUJA GLOBAL SOLS. LTD.,Industrials,Specialty Business Services,19929288704.0,428.4,,0.23990726,-0.01757,23.327,,-0.066,0.0074699996,,ok,
HGINFRA.NS,H.G.INFRA ENGINEERING LTD,Industrials,Engineering & Construction,35788718080.0,549.15,10.829226,1.0961298,0.10586,153.264,-0.421,0.048,0.06311,0.36,ok,
HIKAL.NS,HIKAL LIMITED,Healthcare,Drug Manufacturers - Specialty & Generic,28006533120.0,227.14,,2.331961,,,0.68,0.373,0.0615,0.45,ok,
HILINFRA.NS,HIGHWAY INFRASTRUCTURE L,Industrials,Infrastructure Operations,3228145408.0,45.01,9.377083,1.3272588,0.18372,45.425,-0.259,1.079,0.051069997,,ok,
HILTON.NS,HILTON METAL FORGING LTD,Industrials,Metal Fabrication,1101898880.0,21.41,22.776596,0.49826616,0.02585,37.021,-0.969,0.128,0.01496,,ok,
HIMATSEIDE.NS,HIMATSINGKA SEIDE LTD,Consumer Cyclical,Textile Manufacturing,10146145280.0,80.69,16.367142,0.48393872,0.029690001,123.113,-0.882,-0.06,0.02464,0.31,ok,
HINDALCO.NS,HINDALCO  INDUSTRIES  LTD,Basic Materials,Aluminum,2352139468800.0,1059.6,17.607178,1.7221315,0.10288,72.598,-0.508,0.204,0.048699997,0.49,ok,
HINDCOMPOS.NS,HINDUSTAN COMPOSITES LTD.,Consumer Cyclical,Auto Parts,6262055936.0,424.0,19.878105,0.5468893,,0.147,0.164,-0.77,0.08498,0.48,ok,
HINDCON.NS,HINDCON CHEMICALS LIMITED,Basic Materials,Specialty Chemicals,1151789056.0,22.5,26.785715,1.4812376,0.05466,18.593,0.503,0.334,0.04972,,ok,
HINDWAREAP.NS,HINDWARE HME INOVATON LTD,Consumer Cyclical,"Furnishings, Fixtures & Appliances",18489190400.0,221.04,,2.509081,-0.0513,129.331,,-0.061,-0.015759999,,ok,
HINDPETRO.NS,HINDUSTAN PETROLEUM CORP,Energy,Oil & Gas Refining & Marketing,836340613120.0,393.05,50.00636,1.2759665,,85.369,,0.269,0.00356,6.14,ok,
HINDOILEXP.NS,HINDUSTAN OIL EXPLORATION,Energy,Oil & Gas E&P,20595570688.0,155.74,32.856544,1.4808547,0.04638,3.594,-0.848,,0.23843999,,ok,
HINDUNILVR.NS,HINDUSTAN UNILEVER LTD.,Consumer Defensive,Household & Personal Products,4924743614464.0,2096.0,46.660732,10.1043215,,3.016,-0.03,0.05,0.22644,2.12,ok,
HINDCOPPER.NS,HINDUSTAN COPPER LTD,Basic Materials,Copper,518421544960.0,536.1,55.154316,15.52563,0.30602,3.319,1.374,0.581,0.29843,0.45,ok,
HINDZINC.NS,HINDUSTAN ZINC LIMITED,Basic Materials,Other Industrial Metals & Mining,2547867189248.0,603.0,14.918358,11.259243,,39.034,1.448,0.717,0.38068,3.56,ok,
HIRECT.NS,HIND RECTIFIER LIMITED,Industrials,Electrical Equipment & Parts,45034508288.0,1310.2,100.01526,21.588755,0.21110001,118.871,-0.549,0.512,0.045050003,0.11,ok,
HISARMETAL.NS,HISAR METAL IND. LIMITED,Basic Materials,Steel,820908032.0,152.02,23.753126,1.1265748,0.052589998,131.655,1.013,0.215,0.0128999995,0.67,ok,
HITECHGEAR.NS,THE HI-TECH GEARS LIMITED,Consumer Cyclical,Auto Parts,10544053248.0,560.45,50.219536,2.0136313,,,1.262,0.363,0.05585,0.88,ok,
HITECH.NS,HI-TECH PIPES LIMITED,Basic Materials,Steel,17011442688.0,83.92,22.259947,1.2444208,0.058790002,20.061,-0.002,1.017,0.018129999,0.03,ok,
HITECHCORP.NS,HITECH CORPORATION LTD,Consumer Cyclical,Packaging & Containers,5535728128.0,322.3,36.459274,1.9464087,0.0547,48.253,7.784,0.112,0.02372,0.31,ok,
HLEGLAS.NS,HLE GLASCOAT LIMITED,Industrials,Specialty Industrial Machinery,32438833152.0,467.05,64.86806,6.003445,0.09648,56.224,-0.178,0.171,0.036530003,0.24,ok,
HLVLTD.NS,HLV LIMITED,Consumer Cyclical,Lodging,4773041664.0,7.24,103.428566,1.0168539,0.00936,8.381,-0.331,0.055,0.02148,,ok,
HMAAGRO.NS,HMA AGRO INDUSTRIES LTD,Consumer Defensive,Packaged Foods,11132111872.0,22.23,6.756839,1.1763148,0.18639,88.318,-0.398,0.053,0.02382,1.43,ok,
HMT.NS,HMT LTD -,Industrials,Farm & Heavy Construction Machinery,72618770432.0,60.31,,-1.061366,,,,0.796,-0.92212,,ok,
HMVL.NS,HINDUSTAN MEDIA VENT LTD,Communication Services,Publishing,7253707776.0,98.67,5.1524806,0.4579398,,5.347,3.997,0.078,0.116059996,,ok,
HNDFDS.NS,HINDUSTAN FOODS LIMITED,Industrials,Conglomerates,69813952512.0,576.2,46.618126,5.990913,,93.406,0.348,0.207,0.03599,,ok,
HOMEFIRST.NS,HOME FIRST FIN CO IND LTD,Financial Services,Mortgage Finance,124792406016.0,1193.8,21.599422,2.8588467,,243.944,0.345,0.297,0.51428,0.44,ok,
HONASA.NS,HONASA CONSUMER LIMITED,Consumer Defensive,Household & Personal Products,155709177856.0,477.6,78.29508,10.98891,0.15449001,9.586,1.77,0.232,0.08359,,ok,
HONAUT.NS,HONEYWELL AUTOMATION IND,Industrials,Electrical Equipment & Parts,335314911232.0,37900.0,60.96384,7.5087657,,2.476,0.209,0.018,0.117180005,0.29,ok,
HONDAPOWER.NS,HONDA I POWER PRODUCT LTD,Industrials,Specialty Industrial Machinery,21233504256.0,2093.4,32.26572,2.6430814,,0.123,0.171,0.222,0.073189996,7.08,ok,
HPAL.NS,HP ADHESIVES LIMITED,Basic Materials,Specialty Chemicals,3138440960.0,34.16,43.794872,1.6604288,0.03751,2.255,,-0.141,0.02799,1.14,ok,
HPIL.NS,HINDPRAKASH INDUSTRY LTD,Basic Materials,Specialty Chemicals,1478850944.0,129.45,53.937496,2.7110515,0.051760003,60.183,3.932,-0.202,0.02387,,ok,
HPL.NS,HPL ELECTRIC & POWER LTD,Industrials,Electrical Equipment & Parts,21997197312.0,342.1,24.159605,2.1990807,0.09507,75.317,-0.169,0.055,0.05025,0.29,ok,
HSCL.NS,HIMADRI SPECIALITY CHEM L,Basic Materials,Specialty Chemicals,379757559808.0,752.65,46.43122,8.068199,,16.169,0.263,0.28,0.16066,0.11,ok,
HTMEDIA.NS,HT MEDIA LIMITED,Communication Services,Publishing,6416818176.0,27.74,59.021275,0.39366502,,38.15,,0.206,-0.00538,,ok,
HUDCO.NS,HSG & URBAN DEV CORPN LTD,Financial Services,Credit Services,402461982720.0,201.04,9.491973,1.830882,,645.775,0.35,0.098,0.90679,2.97,ok,
HUBTOWN.NS,HUBTOWN LIMITED,Real Estate,Real Estate - Development,24883245056.0,175.11,16.661274,0.94415206,,44.93,-0.686,-0.17,0.15388,,ok,
HUHTAMAKI.NS,HUHTAMAKI INDIA LIMITED,Consumer Cyclical,Packaging & Containers,20764758016.0,274.95,15.224254,1.5395513,0.1058,10.717,0.753,0.225,0.05223,0.69,ok,
HYBRIDFIN.NS,HYBRID FINANCIAL SERVICE,Financial Services,Capital Markets,521905152.0,17.73,20.858822,1.1797976,,1.585,-0.21,0.006,0.44055998,,ok,
HYUNDAI.NS,HYUNDAI MOTOR INDIA LTD,Consumer Cyclical,Auto Manufacturers,1787996798976.0,2200.5,36.174583,8.935097,,5.484,-0.351,-0.005,0.07004,0.95,ok,
ICDSLTD.NS,ICDS LTD,Real Estate,Real Estate Services,547381952.0,42.02,50.02381,,,,,,0.0,,ok,
ICEMAKE.NS,ICE MAKE REFRIGERAT LTD,Industrials,Specialty Industrial Machinery,12942539776.0,820.2,106.519485,9.729537,0.094639994,119.455,-0.136,0.419,0.01824,0.27,ok,
IBULLSLTD.NS,INDIABULLS LIMITED,Real Estate,Real Estate - Development,65880276992.0,29.43,15.408378,2.2186203,,14.753,,19220.0,0.36064997,,ok,
ICICIBANK.NS,ICICI BANK LTD.,Financial Services,Banks - Regional,10193227218944.0,1421.0,18.292997,2.6792262,0.16073999,,0.139,0.114,0.27531,0.82,ok,
ICICIAMC.NS,ICICI PRUDENTIAL AMC LTD,Financial Services,Asset Management,1518757609472.0,3072.8,43.75338,36.411034,,4.066,0.231,0.181,0.55504,0.81,ok,
ICICIPRULI.NS,ICICI PRU LIFE INS CO LTD,Financial Services,Insurance - Life,726398468096.0,501.05,43.15676,5.327202,0.12579,19.037,0.619,-0.831,0.025510002,0.33,ok,
ICICIGI.NS,ICICI LOMBARD GIC LIMITED,Financial Services,Insurance - Diversified,818702450688.0,1639.0,33.85664,4.7999625,0.1463,,-0.46,0.109,0.08764,0.84,ok,
ICIL.NS,INDO COUNT INDUSTRIES LTD,Consumer Cyclical,Textile Manufacturing,84489977856.0,426.6,66.55226,3.5872254,0.054640003,56.992,0.593,0.034,0.03059,0.36,ok,
ICRA.NS,ICRA LIMITED,Financial Services,Financial Data & Stock Exchanges,49014882304.0,5092.4,25.170027,4.150742,,,0.322,0.041,0.30583,1.35,ok,
IDBI.NS,IDBI BANK LIMITED,Financial Services,Banks - Regional,905567338496.0,84.22,9.713956,1.2818874,0.13874,,,,0.48589,2.43,ok,
IDEA.NS,VODAFONE IDEA LIMITED,Communication Services,Telecom Services,1379206823936.0,12.73,3.9657319,-3.8540719,,,,0.032,0.77143997,,ok,
IDEAFORGE.NS,IDEAFORGE TECHNO LTD,Technology,Computer Hardware,45303873536.0,911.65,,6.6545258,-0.028199999,13.974,,5.944,-0.07531,,ok,
IDFCFIRSTB.NS,IDFC FIRST BANK LIMITED,Financial Services,Banks - Regional,729527615488.0,84.62,32.671818,1.5532022,,,-0.236,-0.011,0.32775003,0.29,ok,
IFBAGRO.NS,IFB AGRO INDUSTRIES LTD,Consumer Defensive,Beverages - Wineries & Distilleries,9121224704.0,973.75,15.2841,1.3547034,,11.115,0.185,0.358,0.03952,,ok,
IEX.NS,INDIAN ENERGY EXC LTD,Financial Services,Capital Markets,113030062080.0,127.1,22.337433,8.336066,,0.818,0.116,0.101,0.66222,3.1,ok,
IFBIND.NS,IFB INDUSTRIES LTD,Consumer Cyclical,"Furnishings, Fixtures & Appliances",56904597504.0,1404.4,39.61636,5.7198715,0.15630999,15.671,1.261,0.123,0.02555,,ok,
IFCI.NS,IFCI LTD,Financial Services,Credit Services,199325384704.0,73.98,108.79412,2.1868813,,,,,0.0,,ok,
IFGLEXPOR.NS,IFGL REFRACTORIES LIMITED,Basic Materials,Building Materials,16369055744.0,227.1,47.3125,1.3932174,0.03041,17.764,0.694,0.077,0.01832,0.95,ok,
IGARASHI.NS,IGARASHI MOTORS INDIA LTD,Consumer Cyclical,Auto Parts,14640618496.0,465.15,112.084335,3.1375208,,31.472,1.696,0.23,0.01798,0.26,ok,
IGCL.NS,INDOGULF CROPSCIENCES LTD,Basic Materials,Agricultural Inputs,4627364352.0,73.19,10.89137,0.80444485,0.10897,39.864,0.186,0.195,0.056209996,,ok,
IGIL.NS,INTL GEMOLOGICAL INST LTD,Basic Materials,Other Precious Metals & Mining,153762414592.0,355.8,30.0,10.33341,,9.594,0.31,0.232,0.44739,1.37,ok,
IGL.NS,INDRAPRASTHA GAS LTD,Utilities,Utilities - Regulated Gas,212716240896.0,151.94,13.725385,1.8475419,0.13926,0.848,-0.252,0.054,0.09585,3.08,ok,
IGPL.NS,I G PETROCHEMICALS LTD,Basic Materials,Chemicals,15178781696.0,492.9,704.1429,1.1387895,,27.136,,0.328,0.03946,0.99,ok,
IIFLCAPS.NS,IIFL CAPITAL SERVICES LTD,Financial Services,Capital Markets,105192595456.0,334.15,19.31503,3.3890827,,59.292,0.05,0.033,0.24520001,0.89,ok,
IIFL.NS,IIFL FINANCE LIMITED,Financial Services,Credit Services,260170891264.0,611.75,12.487242,1.8690518,,447.421,1.893,0.318,0.24174,0.66,ok,
IITL.NS,INDUSTRIAL INV TRUST LTD,Financial Services,Credit Services,3266238208.0,144.86,,0.75837773,,0.526,0.49,0.729,0.0,,ok,
IKIO.NS,IKIO TECHNOLOGIES LIMITED,Technology,Electronic Components,15769127936.0,204.05,41.813522,2.6189132,0.07095,11.438,,0.473,0.063540004,,ok,
IL&FSENGG.NS,IL&FS ENG AND CONS CO LTD,Industrials,Engineering & Construction,4833123328.0,36.86,368.6,-0.15151453,,,0.374,-0.708,0.00708,,ok,
IKS.NS,INVENTURUS KNOWLEDGE SO L,Healthcare,Health Information Services,291496525824.0,1737.7,41.070667,10.382945,0.31441,26.873,0.394,0.185,0.22591999,,ok,
IL&FSTRANS.NS,IL&FS TRANS NET LTD,Industrials,Infrastructure Operations,677657664.0,2.06,,-0.004560377,,385.701,0.033,0.76,0.0,,ok,
IMAGICAA.NS,IMAGICAAWORLD ENT LTD,Communication Services,Entertainment,29504014336.0,52.14,5214.0,1.6502088,0.00051,27.313,-0.972,-0.027,0.0017,,ok,
IMFA.NS,INDIAN METALS & FERRO,Basic Materials,Other Industrial Metals & Mining,79431229440.0,1472.2,18.464817,2.922928,,35.121,1.084,0.497,0.16670999,0.83,ok,
IMPAL.NS,IND MOTOR PART & ACC LTD,Consumer Cyclical,Auto Parts,13699295232.0,1097.7,13.999489,0.5935133,,,,,0.10674,2.94,ok,
IMPEXFERRO.NS,IMPEX FERRO TECH LIMITED,Basic Materials,Other Industrial Metals & Mining,283239040.0,3.17,,-0.08440055,,,,,0.0,,ok,
INA.NS,INSOLATION ENERGY LIMITED,Technology,Solar,24372883456.0,110.56,12.149449,3.0279624,0.28151,109.826,0.654,1.001,0.0933,,ok,
INDBANK.NS,INDBANK MERCH BANK,Financial Services,Capital Markets,1462705408.0,32.96,19.975758,1.5005008,,,0.111,0.042,0.29205,,ok,
INCREDIBLE.NS,INCREDIBLE INDUSTRIES LTD,Basic Materials,Steel,1520289536.0,32.51,12.799212,0.9171439,0.07617,21.824,-0.226,-0.045,0.013710001,,ok,
INDGN.NS,INDEGENE LIMITED,Healthcare,Health Information Services,133361106944.0,554.45,33.36041,4.2555075,,5.043,-0.002,0.397,0.10515001,0.41,ok,
INDHOTEL.NS,THE INDIAN HOTELS CO. LTD,Consumer Cyclical,Lodging,1040528900096.0,731.0,48.442677,7.9719944,,18.987,0.208,0.151,0.20868999,0.44,ok,
INDIACEM.NS,THE INDIA CEMENTS LIMITED,Basic Materials,Building Materials,185078120448.0,398.15,133.16054,1.2187096,,12.888,,-0.005,0.020650001,,ok,
INDIAGLYCO.NS,INDIA GLYCOLS LTD,Basic Materials,Chemicals,76651806720.0,1143.6,24.904182,2.6136262,0.112849995,57.645,0.357,0.131,0.069520004,1.09,ok,
INDIAMART.NS,INDIAMART INTERMESH LTD,Communication Services,Internet Content & Information,1055504400384.0,1755.0,21.446901,4.7546673,0.23146,0.974,0.122,0.114,0.30618998,1.7,ok,
INDIANHUME.NS,INDIAN HUME PIPE CO. LTD.,Industrials,Engineering & Construction,20656521216.0,392.1,14.630598,1.3916099,0.09864,28.091,-0.954,-0.104,0.10808,0.52,ok,
INDIANCARD.NS,INDIAN CARD CLOTHING CO.,Consumer Cyclical,Textile Manufacturing,1306987008.0,219.99,35.198402,0.381071,0.01092,0.926,,0.099,0.08851,,ok,
INDIANB.NS,INDIAN BANK,Financial Services,Banks - Regional,1198124433408.0,889.5,9.373024,1.4279683,0.16171,,0.475,0.103,0.36413,2.08,ok,
INDIASHLTR.NS,INDIA SHELTER FIN CORP L,Financial Services,Mortgage Finance,75316469760.0,691.9,15.385813,2.3529372,0.17036,195.303,0.272,0.28,0.48161998,1.36,ok,
INDIQUBE.NS,INDIQUBE SPACES LIMITED,Real Estate,Real Estate Services,38710767616.0,182.6,,7.5202837,-0.41569,1011.578,,0.352,-0.0733,,ok,
INDIGOPNTS.NS,INDIGO PAINTS LIMITED,Basic Materials,Specialty Chemicals,53484417024.0,1120.5,36.907112,4.627622,0.13514,1.831,0.013,0.097,0.10326,0.31,ok,
INDIGO.NS,INTERGLOBE AVIATION LTD,Industrials,Airlines,2062092992512.0,5333.0,,29.576513,,866.462,-0.775,0.062,0.03793,0.24,ok,
INDNIPPON.NS,INDIA NIPPON ELECT  LTD,Consumer Cyclical,Auto Parts,26376581120.0,1166.0,23.747456,3.211449,0.14508,,,,0.104040004,1.34,ok,
INDOAMIN.NS,INDO AMINES LIMITED,Basic Materials,Chemicals,9488646144.0,130.72,12.114922,2.5027282,0.22301,78.948,0.874,0.113,0.0684,0.38,ok,
INDOBORAX.NS,INDO BORAX & CHEMICAL LTD,Basic Materials,Chemicals,12848835584.0,400.4,25.55201,3.323704,0.13925,0.37,0.419,0.252,0.23332001,2.44,ok,
INDOCO.NS,INDOCO REMEDIES LTD.,Healthcare,Drug Manufacturers - Specialty & Generic,20437673984.0,221.73,671.90906,1.9877185,,116.912,,0.068,0.00301,0.09,ok,
INDOFARM.NS,INDO FARM EQUIPMENT LTD,Industrials,Farm & Heavy Construction Machinery,7638763008.0,158.97,30.988304,1.3760182,0.0454,26.874,-0.355,0.031,0.05612,,ok,
INDOMIM.NS,INDO-MIM LIMITED,Industrials,Metal Fabrication,428887998464.0,867.35,71.03603,20.042286,0.21260999,,,,0.12725,,ok,
INDORAMA.NS,INDO RAMA SYNTHETICS LTD,Consumer Cyclical,Textile Manufacturing,15523177472.0,59.45,9.635332,2.985187,,219.556,0.208,-0.283,0.0355,,ok,
INDOSTAR.NS,INDOSTAR CAPITAL FIN LTD,Financial Services,Credit Services,37085446144.0,229.5,,0.9802121,,144.787,-0.979,,0.0,,ok,
INDOTECH.NS,INDO TECH TRANSFORM LTD.,Industrials,Electrical Equipment & Parts,40277413888.0,3792.6,41.376827,30.302013,0.28350002,1.391,0.14,0.158,0.11862001,,ok,
INDOTHAI.NS,INDO THAI SEC LTD,Financial Services,Capital Markets,12809084928.0,99.59,18.44259,4.5026674,,8.366,0.286,0.431,0.63748,0.18,ok,
INDOWIND.NS,INDOWIND ENERGY LTD,Utilities,Utilities - Renewable,1445799424.0,8.98,Infinity,0.47367862,2.0000001e-05,3.094,,-0.341,1.0000001e-05,,ok,
INDOUS.NS,INDO US BIOTECH LTD,Basic Materials,Agricultural Inputs,1637245824.0,81.65,12.48471,1.7753087,0.15344,40.024,-0.465,-0.22,0.11882,,ok,
INDPRUD.NS,INDUSTRIAL & PRU INV CO L,,,,6350.0,,1.2520844,0.07705,,0.072,-0.2,9.68261,,ok,
INDRAMEDCO.NS,INDRAPRASTHA MEDICAL CORP,Healthcare,Medical Care Facilities,34895327232.0,380.65,18.985039,4.711948,0.27466,4.979,0.017,0.093,0.123859994,1.22,ok,
INDSWFTLAB.NS,IND SWIFT LABORATORIES LT,Healthcare,Drug Manufacturers - Specialty & Generic,19862890496.0,228.41,47.985294,1.377898,0.032390002,1.481,-0.939,-0.666,0.06458,,ok,
INDTERRAIN.NS,IND TERRAIN FASHIONS LTD,Consumer Cyclical,Apparel Retail,1606155648.0,31.7,,0.86178774,,55.334,,0.188,0.00115,,ok,
INDUSINDBK.NS,INDUSIND BANK LIMITED,Financial Services,Banks - Regional,796273672192.0,1022.0,60.223927,1.210625,,,0.717,0.01,0.076469995,0.15,ok,
INDUSTOWER.NS,INDUS TOWERS LIMITED,Communication Services,Telecom Services,1017960136704.0,386.0,14.22255,2.4598365,0.18912001,51.79,0.007,0.046,0.21776,3.65,ok,
INFOMEDIA.NS,INFOMEDIA PRESS LIMITED,Financial Services,Shell Companies,266531056.0,5.31,,-0.41474652,,,,,0.0,,ok,
INFOBEAN.NS,INFOBEANS TECHNO. LTD.,Technology,Software - Application,16273672192.0,167.84,19.159817,3.9351025,,3.547,-0.073,0.366,0.15322,0.3,ok,
INFY.NS,INFOSYS LIMITED,Technology,Information Technology Services,4759299817472.0,1175.1,15.259056,5.1902313,0.32,9.541,0.012,0.029,0.16370001,4.29,ok,
INGERRAND.NS,INGERSOLL-RAND INDIA LTD,Industrials,Specialty Industrial Machinery,136449523712.0,4322.4,53.28402,22.16104,0.41799,1.468,-0.042,-0.037,0.18388,1.73,ok,
INNOVACAP.NS,INNOVA CAPTAB LIMITED,Healthcare,Drug Manufacturers - Specialty & Generic,54048944128.0,944.5,38.30089,4.9550138,0.13746999,31.508,0.288,0.423,0.08645,0.42,ok,
INNOVANA.NS,INNOVANA THINKLABS LTD,Technology,Software - Application,6817800192.0,330.0,18.560179,4.0515156,0.14918,20.735,-0.742,0.226,0.28829,,ok,
INNOVISION.NS,INNOVISION LIMITED,Industrials,Staffing & Employment Services,6782025728.0,284.8,16.972586,5.260047,0.19331,42.508,0.082,0.063,0.03765,,ok,
INOXINDIA.NS,INOX INDIA LIMITED,Industrials,Specialty Industrial Machinery,177415421952.0,1954.7,69.587036,15.874575,,7.251,-0.05,0.092,0.15748,0.1,ok,
INOXGREEN.NS,INOX GREEN ENERGY SER LTD,Utilities,Utilities - Renewable,72039710720.0,179.43,65.010864,4.113951,0.05658,5.147,3.985,0.004,0.36436,,ok,
INOXWIND.NS,INOX WIND LIMITED,Industrials,Specialty Industrial Machinery,134802546688.0,78.0,29.657793,1.8282392,0.067540005,20.631,-0.512,-0.024,0.09211001,,ok,
INSPIRISYS.NS,INSPIRISYS SOLUTIONS LTD,Technology,Information Technology Services,3963271936.0,100.04,10.197757,3.9549317,0.48961,82.297,-0.285,0.178,0.08611,,ok,
INSECTICID.NS,INSECTICIDES (I) LTD,Basic Materials,Agricultural Inputs,18846668800.0,647.7,13.52192,1.5442865,0.12096,12.869,-0.157,0.211,0.06488,0.61,ok,
INTELLECT.NS,INTELLECT DESIGN ARENA,Technology,Software - Application,100501594112.0,721.35,29.063255,3.1568787,,4.961,0.08,0.204,0.11095,0.54,ok,
INTENTECH.NS,INTENSE TECHNOLOGIES LTD,Technology,Software - Infrastructure,1947686144.0,83.39,,1.5729808,-0.1175,0.125,,-0.204,-0.1248,1.2,ok,
INTERARCH.NS,INTERARCH BLDNG SOLTN LTD,Industrials,Engineering & Construction,29733142528.0,1772.8,22.212757,3.3750136,0.16479999,1.99,-0.048,0.087,0.070879996,0.68,ok,
INTLCONV.NS,INTL CONVEYORS LIMITED,Industrials,Specialty Industrial Machinery,4773369856.0,74.84,6.9683423,1.1249229,0.17397,17.291,-0.694,0.777,0.32084,1.0,ok,
INVENTURE.NS,INVENTURE GRO & SEC LTD,Financial Services,Capital Markets,945000000.0,0.9,22.5,0.34155598,,13.28,-0.131,-0.098,0.08238,,ok,
INVPRECQ.NS,INVESTMENT & PREC CAST L,,,,1133.4,,11.045707,0.12133,69.767,0.989,0.204,0.06241,,ok,
IOB.NS,INDIAN OVERSEAS BANK,Financial Services,Banks - Regional,659730726912.0,34.26,11.306931,1.6963755,0.16525999,,0.456,0.481,0.36560002,,ok,
IOC.NS,INDIAN OIL CORP LTD,Energy,Oil & Gas Refining & Marketing,2024703262720.0,143.38,5.9223466,0.899374,,58.446,,0.385,0.0392,5.78,ok,
IOLCP.NS,IOL CHEM AND PHARMA LTD,Healthcare,Drug Manufacturers - Specialty & Generic,49268596736.0,167.85,35.865387,2.7409902,0.07896,7.529,0.692,0.174,0.05935,0.61,ok,
IPCALAB.NS,IPCA LABORATORIES LTD,Healthcare,Drug Manufacturers - Specialty & Generic,440379801600.0,1735.8,38.642033,5.4611874,0.13217,8.492,3.41,0.063,0.11829001,0.35,ok,
IONEXCHANG.NS,ION EXCHANGE (INDIA) LTD,Industrials,Pollution & Treatment Controls,45680955392.0,371.6,30.91514,3.2903593,,35.976,-0.916,0.211,0.03247,0.32,ok,
IRCON.NS,IRCON INTERNATIONAL LTD,Industrials,Engineering & Construction,123442683904.0,131.25,20.734598,1.8568822,0.09084,85.833,-0.091,-0.065,0.06565,1.67,ok,
IRB.NS,IRB INFRA DEV LTD.,Industrials,Infrastructure Operations,237695041536.0,19.68,25.23077,1.1132481,,95.6,0.513,-0.089,0.15478,1.0,ok,
IRCTC.NS,INDIAN RAIL TOUR CORP LTD,Consumer Cyclical,Travel Services,415960006656.0,519.95,29.813646,9.65427,0.34959,1.874,-0.089,0.151,0.26721,1.83,ok,
IPL.NS,INDIA PESTICIDES LIMITED,Basic Materials,Agricultural Inputs,16732104704.0,145.29,13.970192,1.657086,,10.912,-0.349,-0.085,0.10413,0.52,ok,
IRFC.NS,INDIAN RAILWAY FIN CORP L,Financial Services,Credit Services,1159829913600.0,88.75,16.077898,2.0419667,,773.347,0.104,0.103,0.97271,3.25,ok,
IREDA.NS,INDIAN RENEWABLE ENERGY,Financial Services,Credit Services,336545939456.0,119.8,17.041252,2.441311,,565.671,0.371,0.237,0.45951,0.99,ok,
IRIS.NS,IRIS REGTECH SOLUTION LTD,Technology,Software - Application,5295295488.0,257.45,4.7552643,2.6380236,0.102299996,0.827,0.471,0.13,0.98444,,ok,
IRISDOREME.NS,IRIS CLOTHINGS LIMITED,Consumer Cyclical,Apparel Manufacturing,9305387008.0,54.52,64.141174,7.2770953,,24.205,0.526,0.263,0.08756,,ok,
ISGEC.NS,ISGEC HEAVY ENG LTD,Industrials,Specialty Industrial Machinery,59904495616.0,814.7,55.80137,2.1888652,0.05371,32.93,0.03,0.174,0.01604,0.61,ok,
ISHANCH.NS,ISHAN DYES N CHEMICALS L,Basic Materials,Chemicals,1353805824.0,49.54,,0.9117512,-0.057789996,63.522,,0.898,-0.09675,,ok,
ISFT.NS,INTRASOFT TECH. LTD,Consumer Cyclical,Internet Retail,1270679680.0,77.9,9.725344,0.47731382,0.05367,6.493,0.339,0.046,0.02485,,ok,
IRMENERGY.NS,IRM ENERGY LIMITED,Utilities,Utilities - Regulated Gas,12081809408.0,294.25,22.68697,1.2102579,0.054619998,7.333,1.905,0.044,0.049889997,0.51,ok,
ITC.NS,ITC LTD,Consumer Defensive,Tobacco,3584681050112.0,286.1,18.061869,4.9439254,,3.293,-0.162,-0.111,0.25937998,5.6,ok,
ITCHOTELS.NS,ITC HOTELS LIMITED,Consumer Cyclical,Resorts & Casinos,355459891200.0,170.65,41.021633,3.0491183,,0.634,0.354,0.148,0.20283002,0.58,ok,
ITDC.NS,INDIA TOUR. DEV. CO. LTD.,Consumer Cyclical,Lodging,60188676096.0,701.75,72.87123,14.237746,0.21701999,0.155,0.127,-0.222,0.15517001,0.41,ok,
ITI.NS,ITI LTD,Technology,Communication Equipment,271909388288.0,282.4,92.89474,14.259025,0.1659,40.144,,-0.4,0.1341,,ok,
IVALUE.NS,IVALUE INFOSOLUTIONS LTD,Technology,Information Technology Services,14965993472.0,273.95,14.471739,2.6354272,,12.223,0.523,-0.211,0.1029,,ok,
IVC.NS,IL&FS INVESTMENT MANAGERS,Financial Services,Financial Conglomerates,2571928064.0,8.19,13.426229,1.3600132,0.021879999,,-0.819,2.204,0.05896,9.64,ok,
IVP.NS,IVP LIMITED,Basic Materials,Specialty Chemicals,1742143872.0,168.71,9.326147,1.1090077,0.12604,41.613,1.313,0.102,0.03142,0.95,ok,
IXIGO.NS,LE TRAVENUES TECHNOLOGY L,Consumer Cyclical,Travel Services,77734051840.0,176.25,102.47093,3.8231273,,2.15,0.703,0.227,0.06626,,ok,
IWP.NS,INDIAN WOOD PRODUCTS CO L,,,,33.44,,0.574373,0.012619999,18.586,-0.853,0.258,0.019960001,,ok,
IZMO.NS,IZMO LIMITED,Technology,Software - Application,14726915072.0,984.25,30.8349,3.6010375,0.12384,4.055,1.511,0.823,0.16695,,ok,
J&KBANK.NS,J & K BANK LTD.,Financial Services,Banks - Regional,175352299520.0,159.24,7.615495,1.0630245,0.14609,,,,0.34216,1.34,ok,
JAGRAN.NS,JAGRAN PRAKASHAN LIMITED,Communication Services,Publishing,13812339712.0,63.46,7.0199113,0.6854686,0.08794,5.156,,-0.019,0.10498,11.15,ok,
JAGSNPHARM.NS,JAGSONPAL PHARMACEUTICALS,Healthcare,Drug Manufacturers - Specialty & Generic,15243553792.0,231.21,34.457527,5.8684235,,2.956,0.222,0.088,0.15476,1.68,ok,
JAICORPLTD.NS,JAI CORP LIMITED,Basic Materials,Specialty Chemicals,18206887936.0,103.74,10.73913,1.2122415,0.11554,0.033,-0.108,0.026,0.25399,0.48,ok,
JAIBALAJI.NS,JAI BALAJI INDUSTRIES LTD,Basic Materials,Steel,59852820480.0,65.61,46.204227,2.7002223,0.059310004,18.455,-0.717,0.098,0.02247,,ok,
JAINREC.NS,JAIN RESOURCE RECYCLING L,Basic Materials,Other Industrial Metals & Mining,106424467456.0,308.4,29.54023,6.9694915,,81.887,0.197,0.759,0.03126,,ok,
JAIPURKURT.NS,NANDANI CREATION LIMITED,Consumer Cyclical,Apparel Manufacturing,476075104.0,27.58,27.30693,0.80438656,0.03352,57.634,0.1,0.53,0.01762,,ok,
JAMNAAUTO.NS,JAMNA AUTO IND LTD,Consumer Cyclical,Auto Parts,57877843968.0,144.7,24.948275,5.026574,0.21584,13.054,0.734,0.317,0.08844,1.46,ok,
JARO.NS,JARO INS OF TEC MG N RE L,Consumer Defensive,Education & Training Services,10204292096.0,458.2,18.490719,2.7560737,0.19894,2.159,0.173,-0.018,0.19320999,1.32,ok,
JASH.NS,JASH ENGINEERING LIMITED,Industrials,Specialty Industrial Machinery,31333040128.0,498.1,41.47377,6.038015,0.15712,19.563,0.569,-0.033,0.10348,0.37,ok,
JAYAGROGN.NS,JAYANT AGRO ORGANICS LTD,Basic Materials,Specialty Chemicals,6620999680.0,220.7,13.144728,1.0861274,,20.447,0.242,0.185,0.021470001,1.56,ok,
JAYBARMARU.NS,JAY BHARAT MARUTI LTD,Consumer Cyclical,Auto Parts,15081391104.0,139.32,10.7916355,2.167258,,76.31,-0.062,0.126,0.05274,0.48,ok,
JAYKAY.NS,JAYKAY ENTERPRISES LTD,Industrials,Specialty Business Services,19393230848.0,148.85,8.818129,1.8579311,,,0.497,0.126,0.28791,,ok,
JAYNECOIND.NS,JAYASWAL NECO INDUSTR LTD,Basic Materials,Steel,89691111424.0,92.37,15.898452,3.1565459,,74.729,1.085,0.277,0.07432,,ok,
JAYSREETEA.NS,JAYSHREE TEA & INDUSTRIES,Consumer Defensive,Farm Products,2512918784.0,87.02,,0.6343675,-0.061479997,105.877,,0.096,-0.02693,0.57,ok,
JBMA.NS,JBM AUTO LIMITED,Consumer Cyclical,Auto Parts,153402015744.0,648.65,68.49525,13.435727,,190.282,0.147,0.15,0.03571,0.13,ok,
JETFREIGHT.NS,JET FREIGHT LOGISTICS LTD,Industrials,Integrated Freight & Logistics,1069607168.0,23.05,15.680271,1.5104848,0.100710005,104.6,8.093,0.114,0.015319999,,ok,
JGCHEM.NS,J.G.CHEMICALS LIMITED,Basic Materials,Other Industrial Metals & Mining,21662056448.0,552.8,32.846107,4.132837,0.13518,1.192,0.187,0.276,0.06771,0.2,ok,
JHS.NS,JHS SVEND. LAB. LTD,Consumer Defensive,Household & Personal Products,684387136.0,7.83,,0.39181346,-0.01107,8.503,,0.392,-0.01828,,ok,
JINDALSAW.NS,JINDAL SAW LIMITED,Basic Materials,Steel,173050363904.0,271.4,26.529816,1.375368,,38.19,-0.754,0.09,0.03578,0.75,ok,
JINDALPHOT.NS,JINDAL PHOTO LIMITED,Financial Services,Asset Management,10946206720.0,1063.0,,1.0672594,,,-0.995,-0.964,0.0,,ok,
JINDALPOLY.NS,JINDAL POLY FILMS LIMITED,Consumer Cyclical,Packaging & Containers,27147575296.0,620.0,,0.66511333,,84.483,,-0.729,-0.06955,0.93,ok,
JINDALSTEL.NS,JINDAL STEEL LIMITED,Basic Materials,Steel,1125157175296.0,1103.0,41.403904,2.204492,,43.613,-0.435,0.259,0.04818,0.18,ok,
JINDRILL.NS,JINDAL DRILLING IND. LTD,Energy,Oil & Gas Equipment & Services,18433431552.0,636.05,8.756195,1.0125992,0.12358,5.119,-0.366,0.073,0.21132,0.16,ok,
JISLDVREQS.NS,JAIN DVR EQUITY SHARES,Industrials,Conglomerates,17215485952.0,23.47,,0.29443496,-0.0068,71.789,,0.043,-0.00385,,ok,
JINDWORLD.NS,JINDAL WORLDWIDE LTD,Consumer Cyclical,Textile Manufacturing,39031296000.0,38.93,45.8,4.547897,,64.866,0.858,0.061,0.0366,,ok,
JIOFIN.NS,JIO FIN SERVICES LTD,Financial Services,Asset Management,1695686721536.0,256.8,79.99999,1.2145518,,16.286,1.557,2.082,0.55006003,0.23,ok,
JISLJALEQS.NS,JAIN IRRIGATION SYSTEMS,Industrials,Conglomerates,22672801792.0,30.91,,0.38777098,-0.0068,71.789,,0.043,-0.00385,,ok,
JKCEMENT.NS,JK CEMENT LIMITED,Basic Materials,Building Materials,415664537600.0,5379.5,43.9861,5.9066315,,87.522,-0.173,0.28,0.06559,0.37,ok,
JITFINFRA.NS,JITF INFRALOGISTICS LTD,Industrials,Engineering & Construction,8570900992.0,333.45,,-1.6710016,,,,0.141,-0.01714,,ok,
JKIL.NS,JKUMAR INFR.LTD.,Industrials,Engineering & Construction,37749518336.0,498.9,9.727042,1.1138049,,18.443,-0.056,0.032,0.06613,0.81,ok,
JKIPL.NS,JINKUSHAL INDUSTRIES LTD,Industrials,Farm & Heavy Construction Machinery,3857409024.0,100.49,31.901587,1.9875394,0.086330004,49.72,6.611,1.46,0.033800002,,ok,
JKPAPER.NS,JK PAPER LIMITED,Basic Materials,Paper & Paper Products,70179430400.0,387.05,22.142448,1.2719564,,44.544,0.602,0.127,0.043390002,1.3,ok,
JLHL.NS,JUPITER LIFE LINE HOSP L,Healthcare,Medical Care Facilities,104971206656.0,320.2,56.07706,1.3596545,,37.837,-0.145,0.182,0.12043,0.06,ok,
JKLAKSHMI.NS,JK LAKSHMI CEMENT LTD,Basic Materials,Building Materials,70141599744.0,565.0,17.023201,1.8051522,,66.59,-0.281,0.103,0.053460002,1.14,ok,
JKTYRE.NS,JK TYRE & INDUSTRIES LTD,Consumer Cyclical,Auto Parts,113845526528.0,394.9,14.497063,1.8783832,0.14051,80.551,0.597,0.124,0.04754,0.97,ok,
JMA.NS,JULLUNDUR MOT AGENCY LTD,Consumer Cyclical,Auto Parts,2019377664.0,88.41,6.7955422,0.78620213,,,0.31,0.195,0.04933,2.24,ok,
JNKINDIA.NS,JNK INDIA LIMITED,Industrials,Specialty Industrial Machinery,22549428224.0,403.0,34.831463,3.9693484,0.12089,15.97,1.467,0.769,0.07934,0.07,ok,
JMFINANCIL.NS,JM FINANCIAL LIMITED,Financial Services,Capital Markets,121974112256.0,127.46,11.736649,1.1437956,,102.435,-0.357,-0.103,0.30868,1.35,ok,
JOCIL.NS,JOCIL LIMITED,Basic Materials,Specialty Chemicals,1305529088.0,147.0,15.721925,0.612694,,,-0.02,-0.06,0.00804,2.34,ok,
JSL.NS,JINDAL STAINLESS LIMITED,Basic Materials,Steel,605314744320.0,734.65,18.674377,13.448479,,37.523,0.077,0.105,0.07379,0.41,ok,
JSFB.NS,JANA SMALL FIN BANK LTD,Financial Services,Banks - Regional,58079539200.0,549.4,15.278088,1.2939786,,,0.523,0.251,0.12906,,ok,
JPPOWER.NS,JAIPRAKASH POWER VEN. LTD,Utilities,Utilities - Independent Power Producers,122951057408.0,17.94,26.0,1.3773513,,26.634,0.686,0.122,0.111420006,,ok,
JPOLYINVST.NS,JIND POL INV & FIN CO LTD,Financial Services,Asset Management,11207818240.0,1066.2,1.307002,0.6982803,0.54803,1.462,-0.472,5.041,0.82725996,,ok,
JSWCEMENT.NS,JSW CEMENT LIMITED,Basic Materials,Building Materials,181337817088.0,134.29,,2.749703,-0.17950001,68.39,9.851,0.131,-0.11356,0.38,ok,
JSWDULUX.NS,JSW DULUX LIMITED,,,137153757184.0,3011.7,6.946604,5.5944614,,,,,,,ok,
JSWENERGY.NS,JSW ENERGY LIMITED,Utilities,Utilities - Independent Power Producers,1034191372288.0,564.4,44.26667,3.2232275,,229.16,-0.366,0.012,0.10373,0.36,ok,
JSWINFRA.NS,JSW INFRASTRUCTURE LTD,Industrials,Marine Shipping,777315614720.0,335.75,48.378963,6.4361844,,59.002,-0.099,0.181,0.26578,0.27,ok,
JSWSTEEL.NS,JSW STEEL LIMITED,Basic Materials,Steel,3172051189760.0,1299.5,13.039333,3.1701772,,95.374,1.13,0.098,0.13065,0.54,ok,
JSWHL.NS,JSW HOLDINGS LIMITED,Financial Services,Asset Management,133458714624.0,12025.0,91.31293,0.40427977,,,-0.511,-0.419,0.76741,,ok,
JTEKTINDIA.NS,JTEKT INDIA LIMITED,Consumer Cyclical,Auto Parts,38780088320.0,139.8,49.225353,3.2703285,0.07445,28.653,0.115,0.202,0.02885,0.53,ok,
JSLL.NS,JEENA SIKHO LIFECARE LTD,Healthcare,Medical Care Facilities,74344259584.0,598.1,33.544586,15.920464,0.59921,27.261,0.781,0.548,0.27684,0.18,ok,
JUBLCPL.NS,JUBILANT AGRI N CON PRO L,Basic Materials,Specialty Chemicals,28074539008.0,1852.8,22.226488,6.13384,0.32558998,11.133,0.244,0.218,0.06761,,ok,
JTLIND.NS,JTL INDUSTRIES LIMITED,Basic Materials,Steel,30389139456.0,77.31,30.081713,1.8641942,,16.038,0.994,0.335,0.049590003,0.16,ok,
JUBLINGREA.NS,JUBILANT INGREVIA LIMITED,Basic Materials,Specialty Chemicals,116749672448.0,740.25,38.02003,3.741849,,25.328,0.409,0.253,0.06637,0.66,ok,
JUBLFOOD.NS,JUBILANT FOODWORKS LTD,Consumer Cyclical,Restaurants,319958679552.0,486.5,85.80247,13.959026,0.16893,2.655,-0.184,0.203,0.04504,0.25,ok,
JUBLPHARMA.NS,JUBILANT PHARMOVA LTD,Healthcare,Drug Manufacturers - Specialty & Generic,147616841728.0,932.0,37.190742,2.0812213,0.05962,50.943,-0.223,0.187,0.048130002,0.54,ok,
JUNIPER.NS,JUNIPER HOTELS LIMITED,Consumer Cyclical,Lodging,43354591232.0,194.85,30.636793,1.5141742,0.050619997,41.603,-0.083,0.086,0.13516,,ok,
JWL.NS,JUPITER WAGONS LIMITED,Industrials,Railroads,111116304384.0,260.0,64.03941,3.7558687,0.05768,33.365,-0.721,-0.253,0.05868,0.69,ok,
JUSTDIAL.NS,JUSTDIAL LTD.,Communication Services,Internet Content & Information,58114002944.0,683.3,11.538331,1.1379855,,1.655,0.041,0.099,0.40499002,,ok,
JYOTHYLAB.NS,JYOTHY LABS LIMITED,Consumer Defensive,Household & Personal Products,75818778624.0,206.47,22.76406,4.772659,0.22428,3.247,-0.124,0.081,0.11316,1.7,ok,
JYOTICNC.NS,JYOTI CNC AUTOMATION LTD,Industrials,Specialty Industrial Machinery,178367938560.0,784.3,53.02907,8.917973,0.18224001,42.609,-0.169,0.041,0.16053,,ok,
JYOTISTRUC.NS,JYOTI STRUCTURES LTD,Industrials,Specialty Industrial Machinery,13655469056.0,11.44,25.422222,2.8772633,0.108059995,439.045,0.514,0.426,0.07462,,ok,
KAJARIACER.NS,KAJARIA CERAMICS LTD,Industrials,Building Products & Equipment,183433101312.0,1167.3,34.01224,6.063991,,7.302,0.555,0.204,0.107980005,1.02,ok,
KABRAEXTRU.NS,KABRA EXTRUSION TECHNIK L,Industrials,Specialty Industrial Machinery,15688814592.0,448.6,3204.2856,3.5536613,,32.04,,-0.089,-0.0030500002,1.25,ok,
KAKATCEM.NS,KAKATIYA CEM SUGAR &IND L,Basic Materials,Building Materials,920813440.0,118.45,,0.5036032,-0.12282,10.674,,-0.253,-0.30505,2.57,ok,
KALAMANDIR.NS,SAI SILKS (KALAMANDIR) L,Consumer Cyclical,Apparel Retail,13080256512.0,88.77,9.648912,1.0357742,,28.658,-0.147,-0.01,0.08274,1.7,ok,
KALYANI.NS,KALYANI COMMERCIALS LTD,Consumer Cyclical,Auto & Truck Dealerships,138090000.0,138.09,5.9215264,,,,,,0.0,,ok,
KALPATARU.NS,KALPATARU LIMITED,Real Estate,Real Estate - Development,59120234496.0,287.1,60.315125,1.436132,,224.816,,0.065,0.03366,,ok,
KALYANIFRG.NS,KALYANI FORGE LIMITED,Consumer Cyclical,Auto Parts,2311585280.0,635.4,24.849434,2.4182317,0.100600004,110.547,1.641,-0.034,0.03971,0.66,ok,
KALYANKJIL.NS,KALYAN JEWELLERS IND LTD,Consumer Cyclical,Luxury Goods,626150408192.0,606.3,43.71305,9.91318,,96.966,0.32,0.457,0.036730003,0.25,ok,
KAMAHOLD.NS,KAMA HOLDINGS LTD.,,,,2506.7,,1.0040745,0.12927,33.849,0.11,0.071,0.058720004,,ok,
KAMATHOTEL.NS,KAMAT HOTELS (I) LTD,Consumer Cyclical,Lodging,5035196416.0,170.8,13.427673,2.1039665,0.12618,70.111,0.492,0.248,0.09997,,ok,
KAMDHENU.NS,KAMDHENU LIMITED,Basic Materials,Steel,9916644352.0,35.18,11.649007,2.4952126,,2.375,0.339,0.09,0.10963,0.71,ok,
KAMOPAINTS.NS,KAMDHENU VENTURES LIMITED,Basic Materials,Steel,1510110080.0,4.59,459.00003,0.8075299,0.00117,19.079,,-0.094,0.00082,,ok,
KANCHI.NS,KANCHI KARPOORAM LTD.,,,,367.95,,0.74599636,0.02441,0.176,-0.002,0.192,0.034760002,,ok,
KANANIIND.NS,KANANI INDUSTRIES LTD,Consumer Cyclical,Luxury Goods,298780672.0,1.51,11.615385,0.39705497,0.03838,0.692,,-0.617,0.01482,,ok,
KANSAINER.NS,KANSAI NEROLAC PAINTS LTD,Basic Materials,Specialty Chemicals,171744165888.0,212.35,28.580082,2.5576942,,4.526,0.048,0.098,0.07263,1.18,ok,
KAPSTON.NS,KAPSTON SERVICES LIMITED,Industrials,Specialty Business Services,16004286464.0,525.9,57.039047,13.755494,0.27415,158.273,0.243,0.167,0.033889998,,ok,
KANORICHEM.NS,KANORIACHEMICALS-,Basic Materials,Chemicals,6540454912.0,149.69,16.359564,1.1410952,0.05978,50.841,,-0.294,0.12307,,ok,
KANPRPLA.NS,KANPUR PLASTIPACK LIMITED,Consumer Cyclical,Packaging & Containers,5118305280.0,209.09,11.086426,1.8756168,,41.789,0.941,0.138,0.060949996,0.58,ok,
KARMAENG.NS,KARMA ENERGY LIMITED,Utilities,Utilities - Renewable,476796320.0,41.21,45.285713,1.1678853,0.02602,3.739,,-0.067,0.107530005,,ok,
KARURVYSYA.NS,KARUR VYSYA BANK LTD,Financial Services,Banks - Regional,324365189120.0,335.55,11.823467,2.299122,,,0.449,0.26,0.41307,0.77,ok,
KAUSHALYA.NS,KAUSHALYA INFRA DEV LTD.,Industrials,Engineering & Construction,326808992.0,943.7,100.180466,0.42224038,,,,-0.93,3.2303,,ok,
KAVDEFENCE.NS,KAVVERI DFS & WIR TEC LTD,Technology,Communication Equipment,3421070592.0,56.9,270.9524,1.8029152,0.012510001,3.943,-0.923,-0.888,0.14745,,ok,
KAYA.NS,KAYA LIMITED,Consumer Defensive,Household & Personal Products,4115842048.0,271.0,,-2.6942923,,,,0.02,-0.43229,,ok,
KCPSUGIND.NS,KCP SUGAR IND CORP LTD.,Consumer Defensive,Confectioners,3423905280.0,29.96,30.571426,0.7393879,0.02447,27.792,,0.044,0.04282,0.33,ok,
KCP.NS,KCP LTD,Basic Materials,Building Materials,19977623552.0,154.96,10.141362,1.1212006,0.13093,29.379,1.264,0.077,0.07651,0.65,ok,
KAYNES.NS,KAYNES TECHNOLOGY IND LTD,Technology,Electronic Components,258505752576.0,3856.3,71.91906,5.561958,0.09568,19.168,-0.214,0.262,0.10035,,ok,
KDDL.NS,KDDL LIMITED,Consumer Cyclical,Luxury Goods,47277199360.0,3843.9,53.738293,4.3762536,,26.688,0.437,0.391,0.04176,0.54,ok,
KEC.NS,KEC INTL. LIMITED,Industrials,Engineering & Construction,127469871104.0,478.85,20.974596,2.069423,0.10524999,87.306,-0.281,-0.07,0.02576,1.15,ok,
KEEPLEARN.NS,DSJ KEEP LEARNING LTD,Consumer Defensive,Education & Training Services,303638560.0,1.95,,4.791155,-0.14512,26.43,,-0.547,-0.122559994,,ok,
KECL.NS,KIRLOSKAR ELECTRIC CO LTD,Industrials,Specialty Industrial Machinery,9531082752.0,143.51,113.89682,7.2300863,0.06521,76.213,,0.267,0.01422,,ok,
KEI.NS,KEI INDUSTRIES LTD.,Industrials,Electrical Equipment & Parts,535363321856.0,5600.0,53.521935,8.032405,,3.796,0.4,0.23,0.08076,0.08,ok,
KELLTONTEC.NS,KELLTON TECH SOL LTD,Technology,Software - Application,7503433728.0,14.12,8.068571,1.0039818,,28.585,-0.015,0.068,0.07383,,ok,
KERNEX.NS,KERNEX MICROSYS(I) LTD,Technology,Software - Application,41199120384.0,2451.8,48.695137,16.576185,0.43605998,65.52,1.095,2.065,0.20533001,,ok,
KENNAMET.NS,KENNAMETAL INDIA LIMITED,Industrials,Tools & Accessories,72745771008.0,3309.9,51.435898,9.068294,,0.262,1.107,0.392,0.1021,1.28,ok,
KESORAMIND.NS,KESORAM INDUSTRIES LTD,Basic Materials,Building Materials,3957854720.0,12.74,,1.0693302,,59.044,,0.059,-0.03398,,ok,
KEYFINSERV.NS,KEYNOTE FIN SERV LTD.,Financial Services,Capital Markets,1383865984.0,248.6,20.768589,0.9572695,0.047069997,2.866,,,0.22879,0.4,ok,
KFINTECH.NS,KFIN TECHNOLOGIES LIMITED,Technology,Software - Application,161784119296.0,936.0,47.464504,9.651873,,3.314,-0.026,0.301,0.24400999,1.29,ok,
KHADIM.NS,KHADIM INDIA LIMITED,Consumer Cyclical,Footwear & Accessories,1776270592.0,96.65,57.189346,1.0636073,0.01482,149.29,-0.183,-0.109,0.00844,,ok,
KHAITANLTD.NS,KHAITAN (INDIA)LTD.,Industrials,Industrial Distribution,784468224.0,156.24,12.263737,2.2138152,,16.193,0.558,0.398,0.05583,,ok,
KHAICHEM.NS,KHAITAN CHEM & FERT LTD,Basic Materials,Agricultural Inputs,5043438592.0,52.0,8.6522455,1.7352421,,105.22,-0.49,-0.057,0.05474,0.09,ok,
KHANDSE.NS,KHANDWALA SECURITIES LTD,Financial Services,Capital Markets,265416208.0,17.4,,0.95180786,-0.04487,10.393,,,-0.16580999,,ok,
KICL.NS,KALYANI INVEST CO LTD,Financial Services,Asset Management,24648699904.0,5646.5,66.8304,0.2163728,0.00366,,-0.248,0.017,0.47107,0.18,ok,
KILITCH.NS,KILITCH DRUGS INDIA LTD,Healthcare,Drug Manufacturers - Specialty & Generic,6765762048.0,193.52,21.695068,2.4193327,0.12361,32.04,0.346,0.463,0.12810999,,ok,
KINGFA.NS,KINGFA SCI & TEC IND LTD.,Basic Materials,Specialty Chemicals,75203387392.0,5549.5,38.46074,5.374324,0.17412001,1.101,0.412,0.232,0.09284,,ok,
KIRANVYPAR.NS,KIRAN VYAPAR LTD.,,,,198.36,,0.23711927,0.00024000001,21.765,,-0.111,0.00954,,ok,
KIMS.NS,KRISHNA INST OF MED SCI L,Healthcare,Medical Care Facilities,324552687616.0,811.1,158.10915,14.441378,,166.226,-0.472,0.353,0.048499998,,ok,
KIOCL.NS,KIOCL LIMITED,Basic Materials,Steel,238086488064.0,391.75,1399.1072,13.712895,0.00961,11.051,,-0.106,0.02701,,ok,
KIRLOSBROS.NS,KIRLOSKAR BROTHERS LTD,Industrials,Specialty Industrial Machinery,151011950592.0,1901.7,40.43589,6.1286645,,10.101,-0.002,0.129,0.08009,0.36,ok,
KIRIINDUS.NS,KIRI INDUSTRIES LIMITED,Basic Materials,Specialty Chemicals,27885387776.0,427.9,0.4749642,0.40673319,1.14879,0.649,,0.222,6.62958,,ok,
KIRLFER.NS,KIRLOSKAR FERROUS IND LTD,Industrials,Metal Fabrication,73438109696.0,445.1,14.512553,10.283246,,12.218,0.443,0.299,0.050440002,1.35,ok,
KIRLOSENG.NS,KIRLOSKAR OIL ENG LTD,Industrials,Specialty Industrial Machinery,314570276864.0,2161.7,55.244057,8.679191,0.16819,154.864,0.21,0.207,0.07445,0.31,ok,
KIRLPNU.NS,KIRLOSKAR PNEUMATIC COM L,Industrials,Specialty Industrial Machinery,93540499456.0,1439.9,35.720665,7.4896097,,0.265,0.256,0.076,0.14542,0.82,ok,
KISSHT.NS,ONEMI TECHNOLOGY SOL LTD,Financial Services,Credit Services,50536484864.0,299.95,31.474295,2.653204,,180.902,0.592,0.463,0.15147,,ok,
KIRLOSIND.NS,KIRLOSKAR INDUSTRIES LTD,Industrials,Metal Fabrication,39563284480.0,3759.6,17.386238,0.632218,0.06098,13.283,1.387,0.042,0.03272,0.35,ok,
KITEX.NS,KITEX GARMENTS LTD,Consumer Cyclical,Apparel Manufacturing,28897576960.0,144.85,482.83334,2.752494,-0.01079,96.813,,-0.446,0.0088599995,0.35,ok,
KLBRENG-B.NS,KILBURN ENGINEERING LTD.,,,,388.9,,3.0984097,0.17077999,13.757,0.218,0.49,0.15299,,ok,
KKCL.NS,KEWAL KIRAN CLOTHING LTD,Consumer Cyclical,Apparel Manufacturing,31644532736.0,513.5,22.287325,3.7576928,0.14431,,,,0.117,0.73,ok,
KMEW.NS,KNOWLEDGE MARINE & EN W L,Industrials,Marine Shipping,62198636544.0,2528.4,73.265724,10.8411255,0.19958,38.764,1.504,0.424,0.30749,,ok,
KMSUGAR.NS,K M SUGAR MILLS LTD,Consumer Defensive,Confectioners,2588884736.0,28.14,4.8433733,0.6606254,0.14626999,63.729,-0.164,-0.308,0.081140004,,ok,
KOHINOOR.NS,KOHINOOR FOODS LIMITED,Consumer Defensive,Packaged Foods,854498688.0,23.05,1.0597701,-0.9105993,,,-0.767,0.412,0.54648,,ok,
KNACK.NS,KNACK PACKAGING LIMITED,Consumer Cyclical,Packaging & Containers,25493559296.0,208.34,27.521795,6.760115,0.35466,,,,0.11261,,ok,
KNAGRI.NS,KN AGRI RESOURCES LIMITED,Consumer Defensive,Farm Products,5136525824.0,205.47,16.229858,1.3370512,0.08606,8.87,-0.203,-0.03,0.01746,,ok,
KNRCON.NS,KNR CONSTRU LTD.,Industrials,Engineering & Construction,39370031104.0,139.99,9.008366,0.79109615,0.091850005,49.162,-0.237,-0.326,0.162,0.18,ok,
KOKUYOCMLN.NS,KOKUYO CAMLIN LIMITED,Industrials,Business Equipment & Supplies,8526827008.0,85.01,34.417004,2.6482868,,11.417,-0.343,0.131,0.01353,0.34,ok,
KOPRAN.NS,KOPRAN LTD,Healthcare,Drug Manufacturers - General,8750317568.0,181.22,34.91715,1.6488936,0.04908,28.795,0.949,0.358,0.03776,1.57,ok,
KOLTEPATIL.NS,KOLTE PATIL DEV. LTD.,Real Estate,Real Estate - Development,39471509504.0,445.1,75.69728,3.2705095,-0.0373,98.241,,-0.654,-0.05262,,ok,
KOTHARIPET.NS,KOTHARI PETROCHEM LTD,Basic Materials,Specialty Chemicals,8798713856.0,149.52,12.136364,2.3636165,0.21371001,0.601,0.03,-0.0,0.12258001,1.34,ok,
KOTHARIPRO.NS,KOTHARI PRODUCTS LTD,Industrials,Conglomerates,4156056320.0,69.63,13.468084,0.3553929,0.0291,8.51,,0.421,0.030550001,,ok,
KOTAKBANK.NS,KOTAK MAHINDRA BANK LTD,Financial Services,Banks - Regional,3886581284864.0,390.75,19.145027,2.1446095,,,0.225,0.21,0.28467,0.16,ok,
KOTIC.NS,KOTHARI INDUSTRIAL CORP L,,,,152.9,,6.0648127,-0.39696997,20.805,,0.695,-0.49476,,ok,
KOTARISUG.NS,KOTHARI SUG & CHEM LTD.,Consumer Defensive,Confectioners,2190745344.0,26.43,33.0375,0.74106264,,23.787,,0.164,0.07606,,ok,
KOTYARK.NS,KOTYARK INDUSTRIES LTD,Basic Materials,Specialty Chemicals,4599698944.0,40.68,24.506025,2.5444083,0.11241,35.581,,0.834,0.0615,12.38,ok,
KOVAI.NS,KOVAI MEDICAL CENTER & HO,Healthcare,Medical Care Facilities,63941107712.0,5843.5,26.161802,4.8467226,0.20326,30.528,0.158,0.159,0.15416999,0.25,ok,
KPEL.NS,K.P. ENERGY LIMITED,Industrials,Engineering & Construction,20508923904.0,302.5,11.274693,3.8735368,0.43485,100.154,0.718,0.575,0.12117,0.25,ok,
KPIGREEN.NS,KPI GREEN ENERGY LIMITED,Utilities,Utilities - Renewable,73276997632.0,370.7,15.432973,2.4118884,0.17253,158.765,0.466,0.398,0.17661,0.23,ok,
KPL.NS,KWALITY PHARMACEUTICALS L,,,,2611.8,,8.170658,0.2274,39.543,0.746,0.358,0.13387,,ok,
KPIL.NS,KALPATARU PROJECT INT LTD,Industrials,Engineering & Construction,224941588480.0,1317.2,21.611156,2.892561,0.14513999,45.814,0.926,0.101,0.03832,0.85,ok,
KPITTECH.NS,KPIT TECHNOLOGIES LIMITED,Technology,Software - Infrastructure,171475943424.0,629.9,29.558895,4.8427024,,23.624,-0.318,0.089,0.08839,1.2,ok,
KPRMILL.NS,KPR MILL LTD.,Consumer Cyclical,Textile Manufacturing,368794009600.0,1076.7,42.557312,6.4594116,0.16197,10.463,0.111,0.009,0.13029,0.46,ok,
KRBL.NS,KRBL LIMITED,Consumer Defensive,Packaged Foods,86669156352.0,378.65,13.379859,1.4922755,0.11731,2.924,0.008,0.058,0.10627,0.94,ok,
KREBSBIO.NS,KREBS BIOCHEMICALS & IND,Healthcare,Drug Manufacturers - Specialty & Generic,1186694656.0,55.04,,-0.72587246,,,,0.303,-0.55533004,,ok,
KRIDHANINF.NS,KRIDHAN INFRA LIMITED,Basic Materials,Steel,228036384.0,2.29,10.409091,-0.08805999,,,-0.822,-0.831,0.62594,,ok,
KRISHANA.NS,KRISHANA PHOSCHEM LIMITED,Basic Materials,Agricultural Inputs,55233683456.0,178.67,30.54188,9.85059,,130.807,0.54,0.346,0.07698,0.06,ok,
KRISHIVAL.NS,KRISHIVAL FOODS LIMITED,Consumer Defensive,Packaged Foods,9974535168.0,389.2,42.535522,4.5391994,0.12996,18.086,0.035,-0.184,0.07338,0.06,ok,
KRISHNADEF.NS,KRISHNA DEF AND ALD IND L,Industrials,Specialty Industrial Machinery,17642305536.0,1181.4,40.80829,9.116233,0.25428,1.121,0.729,0.422,0.16878,0.11,ok,
KRITIKA.NS,KRITIKA WIRES LIMITED,Basic Materials,Steel,1541761152.0,5.79,25.173912,1.5293186,,54.516,0.163,-0.211,0.00988,,ok,
KRITI.NS,KRITI INDUSTRIES IND LTD,Industrials,Building Products & Equipment,3714540800.0,70.49,335.66666,1.6208322,0.00533,40.997,,0.031,0.0019200001,,ok,
KRITINUT.NS,KRITI NUTRIENTS LIMITED,Consumer Defensive,Packaged Foods,4512323072.0,90.06,13.302806,1.9693855,0.15348,3.972,0.273,0.276,0.03672,0.34,ok,
KRN.NS,KRN HEAT EXCHANGE N REF L,Technology,Electronic Components,79100035072.0,1208.4,98.56444,13.11511,0.14258,32.633,0.571,0.365,0.12743,,ok,
KRONOX.NS,KRONOX LAB SCIENCES LTD,Basic Materials,Specialty Chemicals,6068359168.0,163.55,21.923594,5.1697435,0.26824,1.384,0.267,-0.0,0.27327,0.3,ok,
KROSS.NS,KROSS LIMITED,Consumer Cyclical,Auto Parts,13079285760.0,202.75,22.628347,2.6706095,,10.969,0.244,0.323,0.080520004,,ok,
KRSNAA.NS,KRSNAA DIAGNOSTICS LTD,Healthcare,Diagnostics & Research,18193227776.0,560.85,18.215328,1.855798,0.10888,54.501,1.018,0.035,0.12699,0.49,ok,
KRYSTAL.NS,KRYSTAL INTEGRATED SER L,Industrials,Specialty Business Services,8386663936.0,600.25,13.06027,1.6801771,0.13745,23.988,0.591,-0.117,0.050380003,0.25,ok,
KSB.NS,KSB LIMITED,Industrials,Specialty Industrial Machinery,136490254336.0,784.25,55.898075,8.130566,,0.31,-0.229,0.01,0.09575,0.56,ok,
KSCL.NS,KAVERI SEED CO. LTD.,Basic Materials,Agricultural Inputs,39018192896.0,764.45,13.418466,1.8446128,0.18160999,,,0.187,0.21211,0.64,ok,
KSHINTL.NS,KSH INTERNATIONAL LIMITED,Industrials,Electrical Equipment & Parts,60973350912.0,899.9,49.04087,7.539061,0.19903,39.74,0.87,1.005,0.035439998,,ok,
KSHITIJPOL.NS,KSHITIJ POLYLINE LIMITED,Industrials,Business Equipment & Supplies,250091344.0,2.81,11.24,0.93729156,0.07117,29.786,,0.973,0.07934,,ok,
KSL.NS,KALYANI STEELS LIMITED,Basic Materials,Steel,37125459968.0,848.4,14.369919,1.7594652,,,-0.102,-0.102,0.08605,1.13,ok,
KSOLVES.NS,KSOLVES INDIA LIMITED,Technology,Software - Application,6642897920.0,280.05,17.894567,22.577393,,19.398,0.433,0.1,0.22297001,5.3,ok,
KSR.NS,KSR FOOTWEAR LIMITED,Consumer Cyclical,Footwear & Accessories,536281184.0,29.18,,0.70918196,,45.357,,-0.003,-0.036989998,,ok,
KTKBANK.NS,KARNATAKA BANK LIMITED,Financial Services,Banks - Regional,117236285440.0,310.0,8.170796,0.8861219,,,0.433,0.261,0.41452,1.63,ok,
KUANTUM.NS,KUANTUM PAPERS LIMITED,Basic Materials,Paper & Paper Products,7508163072.0,86.04,17.887733,0.6112532,0.03437,70.808,-0.451,0.087,0.03821,3.1,ok,
KWIL.NS,KWALITY WALL'S (INDIA) L,Consumer Defensive,Packaged Foods,81906753536.0,34.86,,12.188812,-1.0305,81.508,,0.063,-0.19510001,,ok,
KUSUMGAR.NS,KUSUMGAR LIMITED,Consumer Cyclical,Textile Manufacturing,,640.55,67.426315,12.9708,0.25818002,,,,0.14191,,ok,
LAGNAM.NS,LAGNAM SPINTEX LIMITED,Consumer Cyclical,Textile Manufacturing,1472534400.0,83.34,10.238328,1.0875351,,264.432,1.988,0.184,0.02902,,ok,
LAHOTIOV.NS,LAHOTI OVERSEAS LTD.,,,,42.74,,0.5741691,0.06895,14.865,-0.662,-0.285,0.03749,,ok,
LAKPRE.NS,LAKSHMI PRE SCRE LTD,Industrials,Tools & Accessories,118226840.0,5.2,,0.22038567,-0.86243,,0.337,0.209,-0.15453,,ok,
LALPATHLAB.NS,DR. LAL PATH LABS LTD.,Healthcare,Diagnostics & Research,322534277120.0,1931.6,59.63569,12.859502,,7.83,0.28,0.191,0.18745,1.04,ok,
LAL.NS,LORENZINI APPARELS LTD,Consumer Cyclical,Apparel Manufacturing,1516626816.0,8.78,35.12,2.9443324,0.08738,38.569,,0.85,0.05983,,ok,
LAMBODHARA.NS,LAMBODHARA TEXTILES LTD.,Consumer Cyclical,Textile Manufacturing,1194669312.0,115.12,10.860377,0.93011236,0.08962,30.332,13.548,0.05,0.04625,0.44,ok,
LANCORHOL.NS,LANCOR HOLDINGS LIMITED,Real Estate,Real Estate - Development,1894662400.0,25.76,4.6666665,0.78943336,0.18597001,44.543,1504.374,-0.654,0.3081,0.78,ok,
LANDMARK.NS,LANDMARK CARS LIMITED,Consumer Cyclical,Auto & Truck Dealerships,22185799680.0,535.05,59.318176,3.7909703,0.06664,173.699,9.572,0.172,0.0076200003,0.09,ok,
LAOPALA.NS,LA OPALA RG LIMITED,Consumer Cyclical,"Furnishings, Fixtures & Appliances",21085560832.0,189.96,22.859205,2.5702922,0.11224,1.077,-0.371,-0.113,0.29865,2.58,ok,
LASA.NS,LASA SUPERGENERICS LTD,Healthcare,Drug Manufacturers - Specialty & Generic,400308896.0,7.99,,0.8078867,-0.51133996,19.643,,,-1.3452901,,ok,
LATENTVIEW.NS,LATENT VIEW ANALYTICS LTD,Industrials,Consulting Services,61498105856.0,297.2,31.483053,3.5037668,,1.863,-0.053,0.215,0.17536,,ok,
LASERPOWER.NS,LASER POWER & INFRA LTD,Industrials,Electrical Equipment & Parts,41422696448.0,295.1,27.173113,4.679893,0.20625,,,,0.065170005,,ok,
LANDSMILL.NS,LANDSMILL GREEN LIMITED,Industrials,Conglomerates,1128556032.0,0.8,80.0,0.5513439,0.0053899996,0.444,,-0.595,0.1287,,ok,
LAURUSLABS.NS,LAURUS LABS LIMITED,Healthcare,Drug Manufacturers - Specialty & Generic,996497817600.0,1844.3,91.3472,18.785841,,46.369,1.255,0.291,0.1504,0.13,ok,
LATTEYS.NS,LATTEYS INDUSTRIES LTD,Industrials,Specialty Industrial Machinery,1175214720.0,20.44,31.937502,4.956353,0.16111,91.364,1.822,0.592,0.03042,,ok,
LAXMICOT.NS,LAXMI COTSPIN LIMITED,Consumer Cyclical,Textile Manufacturing,253614032.0,14.79,3.3013391,0.4260161,-0.01943,70.182,,-0.17,-0.00797,,ok,
LAXMIDENTL.NS,LAXMI DENTAL LIMITED,Healthcare,Medical Instruments & Supplies,11876220928.0,216.08,41.0019,4.8910117,0.12772,5.329,1.355,0.219,0.10429,,ok,
LAXMIINDIA.NS,LAXMI INDIA FINANCE LTD,Financial Services,Credit Services,7023816192.0,134.06,13.143137,1.5053618,0.13757,287.301,0.408,0.381,0.29583,,ok,
LEMONTREE.NS,LEMON TREE HOTELS LTD,Consumer Cyclical,Lodging,87903002624.0,111.01,38.814686,6.290231,0.14905,96.367,0.081,0.094,0.15720999,,ok,
LCCINFOTEC.NS,LCC INFOTECH LTD,Consumer Defensive,Education & Training Services,478522880.0,3.78,,1.4940711,-0.022739999,0.786,,0.062,0.0,,ok,
LCL.NS,LOHIA CORP LIMITED,Industrials,Specialty Industrial Machinery,,530.3,28.02854,10.74221,0.43118,,,,0.11262,,ok,
LENSKART.NS,LENSKART SOLUTIONS LTD,Healthcare,Medical Instruments & Supplies,986401472512.0,569.7,197.8125,11.320417,0.066539995,34.983,-0.085,0.456,0.055999998,,ok,
LEMERITE.NS,LE MERITE EXPORTS LIMITED,Consumer Cyclical,Textile Manufacturing,2930182912.0,23.41,25.172043,2.2181163,,65.949,7.597,-0.231,0.034089997,,ok,
LFIC.NS,LAKSHMI FIN IND CORP LTD,Financial Services,Asset Management,418560000.0,139.52,,0.73115647,-0.012309999,,,,-0.102510005,2.15,ok,
LEXUS.NS,LEXUS GRANITO (INDIA) LTD,Industrials,Building Products & Equipment,304678016.0,15.09,17.964287,1.6924629,0.09217,305.089,,-0.45,0.01684,,ok,
LGBBROSLTD.NS,LG BALAKRISHNAN & BROS,Consumer Cyclical,Auto Parts,48594882560.0,1523.5,15.239572,2.2560277,,10.719,0.001,0.216,0.09909,1.45,ok,
LGEINDIA.NS,LG ELECTRONICS INDIA LTD,Technology,Consumer Electronics,1076872413184.0,1586.5,64.02341,14.048153,0.24716,5.99,-0.082,0.081,0.06849,,ok,
LGHL.NS,LAXMI GOLDORNA HOUSE LTD,Consumer Cyclical,Luxury Goods,10159773696.0,202.82,,14.3843975,0.06468,153.423,,-0.045,0.04203,,ok,
LIBAS.NS,LIBAS CONSU PRODUCTS LTD,Consumer Cyclical,Apparel Manufacturing,257649984.0,9.78,2.8347826,0.31533128,0.00248,16.922,,-0.453,0.00264,,ok,
LICHSGFIN.NS,LIC HOUSING FINANCE LTD,Financial Services,Mortgage Finance,277369257984.0,504.25,4.8332214,0.6696014,,642.522,0.099,0.145,0.65177,1.98,ok,
LIBERTSHOE.NS,LIBERTY SHOES LTD,Consumer Cyclical,Footwear & Accessories,4469591552.0,262.3,40.353844,1.898922,0.049039997,71.141,-0.055,0.13,0.01512,,ok,
LICI.NS,LIFE INSURA CORP OF INDIA,Financial Services,Insurance - Life,4984098258944.0,394.0,8.674593,2.8221679,,0.431,0.19,0.068,0.06513,2.58,ok,
LIKHITHA.NS,LIKHITHA INFRASTRUC LTD,Energy,Oil & Gas Equipment & Services,8760178688.0,221.93,22.304522,2.1301122,0.098120004,0.088,-0.739,-0.109,0.08583,,ok,
LINC.NS,LINC LIMITED,Industrials,Business Equipment & Supplies,5942229504.0,99.86,18.156364,2.3026726,0.13284999,10.275,-0.136,-0.106,0.060300004,1.48,ok,
LINCOLN.NS,LINCOLN PHARMA LTD,Healthcare,Drug Manufacturers - Specialty & Generic,12020841472.0,600.15,13.673959,1.5862675,0.12299,0.584,0.005,0.114,0.13098,0.3,ok,
LLOYDSENT.NS,LLOYDS ENTERPRISES LTD,Basic Materials,Steel,127467085824.0,83.5,47.988506,3.0121567,0.097440004,14.694,3.036,0.471,0.16139,0.31,ok,
LLOYDSME.NS,LLOYDS METALS N ENERGY L,Basic Materials,Steel,1182299324416.0,2101.2,31.889513,8.52521,0.36945,145.214,5.853,4.055,0.2148,0.05,ok,
LLOYDSENGG.NS,LLOYDS ENGG WORK LIMITED,Industrials,Specialty Industrial Machinery,143251128320.0,96.88,68.22535,8.581805,0.16820998,6.45,1.565,1.134,0.14593,0.27,ok,
LINDEINDIA.NS,LINDE INDIA LIMITED,Basic Materials,Specialty Chemicals,606584045568.0,7112.5,110.27132,14.21721,0.13577,,6.769,0.131,0.21693,0.06,ok,
LMW.NS,LMW LIMITED,Industrials,Specialty Industrial Machinery,177647599616.0,16629.0,102.00589,6.197326,,,3.84,0.24,0.05177,0.21,ok,
LODHA.NS,LODHA DEVELOPERS LIMITED,Real Estate,Real Estate - Development,1217392279552.0,1218.7,29.616037,5.2278914,,42.238,1.034,0.431,0.22692,0.35,ok,
LOKESHMACH.NS,LOKESH MACHINES LTD,Industrials,Specialty Industrial Machinery,7506807296.0,344.4,362.5263,3.0085435,0.01751,74.215,16.204,0.534,0.018509999,,ok,
LORDSCHLO.NS,LORDS CHLORO ALKALI LTD,Basic Materials,Chemicals,4129881088.0,144.13,13.090827,1.7049541,,71.713,0.431,0.061,0.08325,,ok,
LOTUSDEV.NS,SRI LOTUS DEVLPRS N RTY L,Industrials,Engineering & Construction,90819526656.0,185.83,36.365948,4.741771,,6.839,0.776,1.158,0.30589,,ok,
LOVABLE.NS,LOVABLE LINGERIE LTD,Consumer Cyclical,Apparel Manufacturing,1073740032.0,72.55,13.460113,0.5934998,0.044499997,1.512,-0.19,-0.219,0.079380006,,ok,
LOTUSEYE.NS,LOTUS EYE HOSP & INST L,Healthcare,Medical Care Facilities,2471020032.0,118.82,2970.5,4.208401,0.0013400001,26.329,,0.182,0.0015,,ok,
LOYALTEX.NS,LOYAL TEXTILE MILLS LTD,Consumer Cyclical,Textile Manufacturing,1035535872.0,215.0,,0.50779885,-0.20754999,105.728,,-0.438,-0.15326001,,ok,
LPDC.NS,LANDMARK PR.DEV.CO.LTD,Real Estate,Real Estate Services,857174784.0,6.39,58.090908,1.9752705,0.0367,,,,0.20333,,ok,
LTF.NS,L&T FINANCE LIMITED,Financial Services,Credit Services,771862102016.0,308.0,24.309393,2.74789,,393.442,0.287,0.293,0.33076,0.87,ok,
LT.NS,LARSEN & TOUBRO LTD.,Industrials,Engineering & Construction,5580513083392.0,4056.0,33.62069,5.1052904,,97.64,0.14,0.081,0.05588,0.94,ok,
LTFOODS.NS,LT FOODS LIMITED,Consumer Defensive,Packaged Foods,148467990528.0,427.55,23.17344,8.330086,,28.488,0.71,0.238,0.05485,0.95,ok,
LTM.NS,LTM LIMITED,Technology,Information Technology Services,1380946018304.0,4658.1,26.311005,5.628784,0.21966,9.874,0.169,0.18,0.118669994,1.66,ok,
LUMAXTECH.NS,LUMAX AUTO TECH LTD,Consumer Cyclical,Auto Parts,117394833408.0,1722.4,42.081604,9.700328,0.24350001,83.409,0.509,0.251,0.05726,0.32,ok,
LUMAXIND.NS,LUMAX INDUSTRIES LTD,Consumer Cyclical,Auto Parts,54137389056.0,5791.5,31.410673,5.900506,0.20389,106.063,0.23,0.3,0.04121,0.95,ok,
LTTS.NS,L&T TECHNOLOGY SER. LTD.,Technology,Information Technology Services,381741236224.0,3598.7,29.857296,5.893296,,8.911,0.13,0.026,0.11684,1.63,ok,
LUPIN.NS,LUPIN LIMITED,Healthcare,Drug Manufacturers - Specialty & Generic,1080674615296.0,2363.5,20.306728,4.813479,0.26907,29.388,0.89,0.319,0.19073999,0.75,ok,
LXCHEM.NS,LAXMI ORGANIC INDUS LTD,Basic Materials,Specialty Chemicals,48689438720.0,175.64,39.118042,2.4515662,,27.344,2.166,0.397,0.040260002,0.17,ok,
LUXIND.NS,LUX INDUSTRIES LIMITED,Consumer Cyclical,Apparel Manufacturing,38172991488.0,1269.4,36.7197,2.0816183,0.06,33.964,-0.088,0.068,0.035439998,0.16,ok,
LYKALABS.NS,LYKA LABS LTD.,Healthcare,Biotechnology,2412832000.0,66.74,,2.5780282,,,,,-0.0050199996,,ok,
M&M.NS,MAHINDRA & MAHINDRA LTD,Consumer Cyclical,Auto Manufacturers,4205069467648.0,3502.0,21.59995,4.203955,,125.278,0.336,0.275,0.08609,0.97,ok,
M&MFIN.NS,M&M FIN. SERVICES LTD,Financial Services,Credit Services,567575511040.0,408.45,17.42534,2.1299396,,429.851,0.754,0.367,0.30887,1.88,ok,
MAANALU.NS,MAAN ALUMINIUM LIMITED,Basic Materials,Aluminum,7463916544.0,124.43,52.94894,2.6548464,0.0575,19.942,-0.568,0.035,0.01611,,ok,
MACPOWER.NS,MACPOWER CNC MACHINES LTD,Industrials,Specialty Industrial Machinery,16817992704.0,1681.1,49.692577,9.598059,,0.389,1.103,0.561,0.10588,0.09,ok,
MADHAV.NS,MADHAV MARBLE & GRANITE,Industrials,Building Products & Equipment,307239968.0,34.34,78.045456,0.24773295,0.00329,6.737,83.062,0.204,0.012669999,,ok,
MADHUCON.NS,MADHUCON PROJECTS LTD.,Industrials,Engineering & Construction,390375264.0,5.29,,-0.020775406,,,,,-0.80564004,,ok,
MADHAVIPL.NS,MADHAV INFRA PROJECTS L,,,,7.78,,0.87415737,,68.69,-0.164,0.009,0.05207,,ok,
MADRASFERT.NS,MADRAS FERTILISERS LTD,Basic Materials,Agricultural Inputs,10698737664.0,66.41,13.308619,11.604054,2.6954901,689.616,,0.26,0.03496,,ok,
MAFATIND.NS,MAFATLAL INDUSTRIES LTD.,,,9537002496.0,132.13,10.612852,1.2358301,,,,,,,ok,
MAGADSUGAR.NS,MAGADH SUGAR & ENERGY LTD,Consumer Defensive,Confectioners,7226892288.0,512.85,11.376441,0.82105917,0.074099995,78.532,-0.321,-0.182,0.051030003,2.34,ok,
MAGNUM.NS,MAGNUM VENTURES LTD.,Basic Materials,Paper & Paper Products,1321706624.0,19.32,,0.18862213,-0.01643,38.832,-0.014,0.078,-0.02447,,ok,
MAHABANK.NS,BANK OF MAHARASHTRA,Financial Services,Banks - Regional,602094895104.0,78.28,7.995914,1.6871054,0.22961001,,0.345,0.218,0.53409,2.81,ok,
MAHAPEXLTD.NS,MAHA RASHTRA APEX COPR. L,Financial Services,Credit Services,1250796672.0,44.38,,0.13618343,-0.014839999,3.813,,-0.788,-1.56616,,ok,
MAHASTEEL.NS,MAHAMAYA STEEL INDS LTD,Basic Materials,Steel,17195313152.0,1046.3,179.77664,10.817154,,40.365,0.745,0.122,0.0127799995,,ok,
MAHEPC.NS,MAHINDRA EPC IRRIG LTD,Industrials,Farm & Heavy Construction Machinery,3024830464.0,108.22,31.643274,1.6341262,,24.485,,-0.127,0.03146,,ok,
MAHLOG.NS,MAHINDRA LOGISTIC LIMITED,Industrials,Integrated Freight & Logistics,39956893696.0,402.7,94.53052,5.067066,,46.725,0.293,0.201,0.00522,0.6,ok,
MAHESHWARI.NS,MAHESHWARI LOGISTICS LTD.,Industrials,Integrated Freight & Logistics,2156452096.0,72.86,12.804921,0.99971193,0.08154,126.348,-0.416,0.135,0.01517,,ok,
MAHLIFE.NS,MAHINDRA LIFESPACE DEVLTD,Real Estate,Real Estate - Development,82561032192.0,386.55,24.62102,2.2737968,0.12038,18.26,0.669,29.095,0.1576,0.91,ok,
MAHSCOOTER.NS,MAHARASHTRA SCOOTERS LTD,Financial Services,Asset Management,157919952896.0,13818.0,56.82211,0.5714534,,,-0.906,-0.815,0.9625,0.87,ok,
MAITHANALL.NS,MAITHAN ALLOYS LTD,Basic Materials,Steel,28335726592.0,973.35,6.540012,0.68307513,0.11144,5.704,,0.285,0.1996,2.48,ok,
MAJESAUT.NS,MAJESTIC AUTO LTD.,Real Estate,Real Estate Services,5117118976.0,492.15,5.4970403,0.7654501,0.14349,2.283,,-0.766,2.58965,10.09,ok,
MAHSEAMLES.NS,MAHARASHTRA SEAMLESS LTD,Basic Materials,Steel,79019360256.0,589.7,11.273179,1.1497189,0.106079996,0.194,-0.502,-0.128,0.15003,1.71,ok,
MALLCOM.NS,MALLCOM (INDIA) LIMITED,Industrials,Security & Protection Services,6205368320.0,994.45,23.21312,1.9489466,,37.784,-0.334,-0.106,0.0508,0.3,ok,
MALUPAPER.NS,MALU PAPER MILLS LIMITED,Basic Materials,Paper & Paper Products,571066816.0,32.68,,-2.2109466,,,,0.308,-0.0334,,ok,
MAMATA.NS,MAMATA MACHINERY LIMITED,Industrials,Specialty Industrial Machinery,10537060352.0,428.2,69.96732,5.6935434,0.0845,4.503,-1.0,-0.336,0.0646,0.12,ok,
MANAKALUCO.NS,MANAK ALUMINIUM CO. LTD.,Basic Materials,Aluminum,2652818176.0,40.48,32.64516,1.8775511,0.054419998,169.359,0.62,0.136,0.0134000005,0.18,ok,
MANAKCOAT.NS,MAN COAT METAL & IND LTD,Industrials,Metal Fabrication,12210665472.0,114.51,27.135073,2.6711612,,33.071,0.007,0.049,0.04547,0.04,ok,
MANAKSTEEL.NS,MANAKSIA STEELS LTD,Basic Materials,Steel,5533039616.0,84.43,13.86371,1.6964716,0.12974,46.44,3.105,0.632,0.03529,,ok,
MANAKSIA.NS,MANAKSIA LTD.,Industrials,Metal Fabrication,3733474816.0,56.97,7.130163,0.5161121,0.07888,4.069,0.024,-0.119,0.06676,,ok,
MANALIPETC.NS,MANALI PETROCHEMICALS LT,Basic Materials,Specialty Chemicals,11118029824.0,64.64,8.550264,0.86677843,0.10939,10.691,1.689,0.271,0.1271,0.76,ok,
MANAPPURAM.NS,MANAPPURAM FINANCE LTD,Financial Services,Credit Services,344501518336.0,366.75,31.00169,2.1463308,0.06968,360.191,,1.511,0.24847001,0.55,ok,
MANBA.NS,MANBA FINANCE LIMITED,Financial Services,Credit Services,6620046848.0,131.77,13.542653,1.6189951,,379.637,0.36,0.19,0.33832002,0.75,ok,
MANCREDIT.NS,MANGAL CREDIT N FINCORP L,Financial Services,Credit Services,5069256704.0,240.09,32.09759,2.9353726,0.097679995,192.098,1.093,0.594,0.21897,0.3,ok,
MANGALAM.NS,MANGALAM DRUG & CHEM LTD,Healthcare,Drug Manufacturers - Specialty & Generic,430370080.0,27.19,,0.41752404,-0.35233003,109.406,,-0.075,-0.19127001,,ok,
MANGLMCEM.NS,MANGALAM CEMENT LTD,Basic Materials,Building Materials,25796591616.0,938.15,20.016003,2.639598,0.14099,90.914,2.858,-0.025,0.07333,0.16,ok,
MANINDS.NS,MAN INDUSTRIES (I) LTD.,Basic Materials,Steel,41634058240.0,555.05,23.873117,1.9324032,0.09231,30.097,-0.254,-0.05,0.04784,,ok,
MANKIND.NS,MANKIND PHARMA LIMITED,Healthcare,Drug Manufacturers - Specialty & Generic,1014318104576.0,2456.0,49.989822,6.2201624,,38.111,0.296,0.129,0.13859999,0.08,ok,
MANINFRA.NS,MAN INFRA LTD,Industrials,Engineering & Construction,45957431296.0,113.85,22.45562,2.027749,0.10152,2.766,-0.443,-0.505,0.31815,1.47,ok,
MANOMAY.NS,MANOMAY TEX INDIA LTD,Consumer Cyclical,Textile Manufacturing,3948882944.0,218.79,20.127874,2.3087394,0.12309,203.436,0.501,0.139,0.02764,,ok,
MANORAMA.NS,MANORAMA INDUSTRIES LTD,Consumer Defensive,Packaged Foods,103280852992.0,1636.2,44.975258,14.322103,0.39395002,52.154,0.31,0.681,0.16457,0.04,ok,
MANORG.NS,MANGALAM ORGANICS LIMITED,Basic Materials,Specialty Chemicals,3921657088.0,457.9,19.191114,1.3105698,,112.728,-0.406,0.222,0.16003999,,ok,
MANYAVAR.NS,VEDANT FASHIONS LIMITED,Consumer Cyclical,Apparel Manufacturing,125594943488.0,516.9,32.798225,6.3859754,,23.295,0.147,0.072,0.2651,1.6,ok,
MANUGRAPH.NS,MANUGRAPH INDIA LIMITED,Industrials,Specialty Industrial Machinery,505784000.0,16.14,9.90184,0.8458232,0.08901,5.169,,-0.102,0.05589,,ok,
MAPMYINDIA.NS,C.E. INFO SYSTEMS LIMITED,Technology,Software - Infrastructure,55544139776.0,1014.3,39.466923,6.137824,0.15619999,0.778,0.045,0.01,0.28298,0.29,ok,
MARALOVER.NS,MARAL OVERSEAS LTD,Consumer Cyclical,Textile Manufacturing,2262600960.0,54.51,10.363117,2.0411906,,364.667,,0.167,0.02141,,ok,
MARATHON.NS,MARATHON NXTGEN REALT LTD,Real Estate,Real Estate - Development,26040342528.0,386.1,12.667323,1.1239816,0.11684,4.266,-0.161,-0.236,0.40909,0.26,ok,
MARICO.NS,MARICO LIMITED,Consumer Defensive,Household & Personal Products,1117302816768.0,862.0,59.325535,26.579508,,12.394,0.25,0.214,0.13159999,0.47,ok,
MARINE.NS,MARINE ELECTRICAL (I) LTD,Industrials,Electrical Equipment & Parts,44694921216.0,336.9,75.87838,9.498167,0.12887,17.661,0.381,0.107,0.06656,0.09,ok,
MARKOLINES.NS,MARKOLINES PAVEMENT TEC L,Industrials,Infrastructure Operations,3933422848.0,178.46,14.724423,1.9455559,0.1383,42.552,-0.064,-0.135,0.07527,,ok,
MARKSANS.NS,MARKSANS PHARMA LIMITED,Healthcare,Drug Manufacturers - General,124098895872.0,273.85,29.701735,4.103421,0.15159,11.248,0.636,0.208,0.14162,0.33,ok,
MARSONS.NS,MARSONS LIMITED,Industrials,Electrical Equipment & Parts,17893236736.0,103.97,38.65056,8.248315,0.2724,0.321,1.516,0.66,0.18875,,ok,
MARUTI.NS,MARUTI SUZUKI INDIA LTD.,Consumer Cyclical,Auto Manufacturers,4413268688896.0,14037.0,30.770073,4.1185155,,0.096,-0.091,0.359,0.07269,0.99,ok,
MASFIN.NS,MAS FINANCIAL SERV LTD,Financial Services,Credit Services,54826135552.0,302.15,13.911142,1.8411207,,339.79,0.268,0.276,0.40508997,0.65,ok,
MASKINVEST.NS,MASK INVESTMENTS LIMITED,Financial Services,Capital Markets,479085504.0,157.0,785.0,0.8032457,0.00074,1.191,10.936,-0.927,0.59018004,,ok,
MASTEK.NS,MASTEK LTD,Technology,Information Technology Services,56796409856.0,1832.0,13.672662,1.8369911,,14.648,0.15,0.077,0.11085,1.32,ok,
MASTERTR.NS,MASTER TRUST LIMITED,Financial Services,Capital Markets,9798224896.0,79.65,7.5141506,1.1719613,,27.836,0.278,0.157,0.24985,,ok,
MATRIMONY.NS,MATRIMONY.COM LIMITED,Communication Services,Internet Content & Information,9939766272.0,480.8,30.238995,4.814162,0.15252,23.902,0.187,0.079,0.07428,1.12,ok,
MAWANASUG.NS,MAWANA SUGARS LIMITED,Consumer Defensive,Confectioners,4530906624.0,115.83,12.218355,0.86357164,0.07297,80.14,0.019,0.08,0.023599999,3.53,ok,
MAXESTATES.NS,MAX ESTATES LIMITED,Real Estate,Real Estate - Development,64931176448.0,397.1,401.1111,2.6820934,0.0053899996,76.199,,0.325,0.04217,,ok,
MAXHEALTH.NS,MAX HEALTHCARE INS LTD,Healthcare,Medical Care Facilities,1041402560512.0,1070.0,72.297295,9.689133,0.14333001,32.367,0.073,0.122,0.17226,0.19,ok,
MAXIND.NS,MAX INDIA LIMITED,Healthcare,Medical Care Facilities,9615116288.0,171.08,,2.2007256,-0.31773,23.563,,0.638,-0.5753,,ok,
MAYURUNIQ.NS,MAYUR UNIQUOTERS LTD,Consumer Cyclical,Textile Manufacturing,33593204736.0,773.1,17.404322,2.965853,,0.687,0.378,0.354,0.20232001,0.78,ok,
MAZDA.NS,MAZDA LIMITED,Industrials,Specialty Industrial Machinery,4630380544.0,231.23,16.816727,1.5591623,0.1148,,0.132,0.216,0.12972,1.58,ok,
MAZDOCK.NS,MAZAGON DOCK SHIPBUIL LTD,Industrials,Aerospace & Defense,1014460317696.0,2514.9,37.79531,10.399497,,4.481,0.215,0.121,0.20120001,0.82,ok,
MBAPL.NS,MADHYA BHARAT AGRO P. LTD,Basic Materials,Agricultural Inputs,69264711680.0,158.09,46.090378,12.600829,,156.708,0.169,0.016,0.082399994,0.06,ok,
MBEL.NS,M AND B ENGINEERING LTD,Industrials,Engineering & Construction,17058742272.0,298.5,17.631424,2.5768077,0.19226,12.711,-0.053,0.16,0.07354,,ok,
MBLINFRA.NS,MBL INFRASTRUCTURE LTD,Industrials,Engineering & Construction,3786605312.0,24.52,,0.3806803,,103.497,,0.356,-0.08267,,ok,
MCCHRLS-B.NS,MAC CHARLES (INDIA) LTD.,,,,679.85,,-84.83279,-2.52852,,,15.669,-1.05417,,ok,
MCL.NS,M TEK COPPER LIMITED,Basic Materials,Copper,1582696704.0,58.31,34.3,3.154279,0.09359,82.894,0.691,1.021,0.01916,,ok,
MCLEODRUSS.NS,MCLEOD RUSSEL INDIA LTD.,Consumer Defensive,Packaged Foods,5122509312.0,49.04,,-10.155312,-40.15999,,,-0.212,-0.106979996,,ok,
MEDANTA.NS,GLOBAL HEALTH LIMITED,Healthcare,Medical Care Facilities,391147159552.0,1455.6,69.01849,9.870416,,29.869,-0.002,0.265,0.11875,0.03,ok,
MCX.NS,MULTI COMMODITY EXCHANGE,Financial Services,Financial Data & Stock Exchanges,671408193536.0,2638.0,50.46872,15.954905,,0.113,1.035,0.853,0.5556,0.3,ok,
MCLOUD.NS,MAGELLANIC CLOUD LIMITED,Technology,Information Technology Services,17483511808.0,29.68,16.863636,2.5350187,0.18974,42.501,0.321,0.315,0.16369,0.1,ok,
MEDIASSIST.NS,MEDI ASSIST HEALTH SER L,Healthcare,Healthcare Plans,27262437376.0,364.95,30.037039,3.1718786,0.12717,6.382,1.487,0.281,0.09714,,ok,
MEDICAMEQ.NS,MEDICAMEN BIOTECH LIMITED,Healthcare,Drug Manufacturers - Specialty & Generic,3196619776.0,235.69,32.644047,1.0058382,0.0401,17.341,1.07,0.802,0.047989998,0.42,ok,
MEDICO.NS,MEDICO REMEDIES LIMITED,Healthcare,Drug Manufacturers - Specialty & Generic,3898588160.0,46.98,29.734177,5.1344266,0.19015,25.444,0.349,0.375,0.06355,,ok,
MEDPLUS.NS,MEDPLUS HEALTH SERV LTD,Healthcare,Pharmaceutical Retailers,168251965440.0,700.25,39.945805,4.255442,,72.133,-0.217,0.218,0.02911,,ok,
MEESHO.NS,MEESHO LIMITED,Consumer Cyclical,Internet Retail,884720009216.0,191.35,,20.156958,,1.428,,0.483,-0.08682,,ok,
MEGASTAR.NS,MEGASTAR FOODS LIMITED,Consumer Defensive,Packaged Foods,3738779136.0,331.05,40.175972,3.641914,0.0946,127.734,0.706,0.203,0.01745,,ok,
MEIL.NS,MANGAL ELECTRICAL IND L,Industrials,Electrical Equipment & Parts,7636965888.0,276.4,14.686503,1.275549,,7.695,1.015,0.403,0.07625,,ok,
MENNPIS.NS,MENON PISTONS LTD.,,,,74.07,,4.6488423,,5.402,,-0.427,0.08483,,ok,
MENONBE.NS,MENON BEARINGS LIMITED,Consumer Cyclical,Auto Parts,13301094400.0,237.35,30.1972,7.176332,,25.279,0.673,0.366,0.13758,1.74,ok,
MEP.NS,MEP INFRA. DEVELOPERS LTD,Industrials,Infrastructure Operations,104564248.0,0.57,,-0.007799138,,,,2.245,0.0,,ok,
MERCANTILE.NS,MERCANTILE VENTURES LTD.,,,,25.09,,1.041511,0.00636,,-0.561,0.229,0.07393,,ok,
MERCURYEV.NS,MERCURY EV-TECH LIMITED,Consumer Cyclical,Auto Manufacturers,6639558656.0,34.95,158.86365,2.5229194,,2.555,-0.825,-0.293,0.04764,,ok,
METROBRAND.NS,METRO BRANDS LIMITED,Consumer Cyclical,Apparel Retail,265069789184.0,972.5,64.36135,13.29351,,77.476,-0.048,0.147,0.13751,0.61,ok,
METROGLOBL.NS,METROGLOBAL LTD.,Industrials,Conglomerates,1658850176.0,134.49,7.513408,0.4063277,0.05468,0.815,,-0.168,0.07078,,ok,
MFSL.NS,MAX FINANCIAL SERV LTD,Financial Services,Insurance - Life,514276982784.0,1497.4,616.214,18.78819,0.01629,12.673,,-0.402,0.00176,,ok,
METROPOLIS.NS,METROPOLIS HEALTHCARE LTD,Healthcare,Diagnostics & Research,116800684032.0,563.2,57.645855,7.7167597,,15.212,0.258,0.166,0.117910005,0.35,ok,
MFML.NS,MAHALAXMI FABRIC MILLS LT,Consumer Cyclical,Textile Manufacturing,207626368.0,19.55,,0.21252541,-0.00024000001,79.119,-0.786,0.436,-0.00017000001,,ok,
MGEL.NS,MANGALAM GLOBAL ENT LTD,Consumer Defensive,Farm Products,4801624576.0,14.57,10.635036,1.9303126,,86.568,0.31,0.109,0.01358,0.07,ok,
MGL.NS,MAHANAGAR GAS LTD.,Utilities,Utilities - Regulated Gas,112567148544.0,1139.6,15.722957,1.7513447,,3.461,-0.393,0.139,0.08382,3.2,ok,
MHLXMIRU.NS,MAHALAXMI RUBTECH LIMITED,Consumer Cyclical,Textile Manufacturing,1605679360.0,151.19,7.3715262,1.7705613,0.2733,12.845,0.177,0.292,0.19453,,ok,
MHRIL.NS,MAHINDRA HOLIDAYS LTD,Consumer Cyclical,Resorts & Casinos,46317092864.0,229.66,88.67182,5.9542146,,488.662,,0.045,0.01752,,ok,
MICEL.NS,MIC ELECTRONICS LTD,Technology,Electronic Components,8936709120.0,37.08,,4.139779,,21.749,0.279,2.765,-0.05466,,ok,
MIDWESTLTD.NS,MIDWEST LIMITED,Basic Materials,Building Materials,43284496384.0,1197.0,40.75587,4.318696,0.13219,19.664,-0.246,-0.062,0.16239001,,ok,
MIDHANI.NS,MISHRA DHATU NIGAM LTD,Basic Materials,Steel,81521000448.0,435.15,61.899002,5.318967,0.08922,26.557,0.386,0.346,0.10877,0.37,ok,
MINDACORP.NS,MINDA CORPORATION LTD,Consumer Cyclical,Auto Parts,169848209408.0,721.65,47.95017,6.43658,0.14743,55.351,1.394,0.29,0.05825,0.22,ok,
MIRZAINT.NS,MIRZA INTERNATIONAL LIMIT,Consumer Cyclical,Footwear & Accessories,4588303360.0,33.2,,0.8152641,-0.00101,3.714,,-0.159,-0.0010800001,,ok,
MINDTECK.NS,MINDTECK (INDIA) LIMITED,Technology,Information Technology Services,6136807936.0,192.05,19.497461,2.0215364,0.11188,1.278,0.494,-0.001,0.07739,0.51,ok,
MITCON.NS,MITCON CON & ENG SER LTD,Industrials,Engineering & Construction,1402363520.0,79.32,14.826168,0.7322274,0.060110003,56.987,1.79,0.186,0.06436,,ok,
MITTAL.NS,MITTAL LIFE STYLE LIMITED,Consumer Cyclical,Textile Manufacturing,399510688.0,0.9,18.0,0.621118,0.03756,29.486,-0.458,0.132,0.025050001,,ok,
MKPL.NS,M K PROTEINS LIMITED,Consumer Defensive,Packaged Foods,1588126464.0,4.21,23.388887,2.0934858,0.0937,48.673,-0.593,0.064,0.01784,,ok,
MMP.NS,MMP INDUSTRIES LIMITED,Basic Materials,Aluminum,8287602176.0,326.25,26.698036,2.3928447,0.09257,53.253,0.656,0.119,0.03763,0.61,ok,
MMFL.NS,MM FORGINGS LTD,Industrials,Metal Fabrication,30373953536.0,629.1,30.7478,3.1145723,0.10556,126.624,0.307,0.159,0.06206,1.33,ok,
MMTC.NS,MMTC LIMITED,Industrials,Conglomerates,95970000896.0,63.98,24.702703,4.5266733,0.20266001,0.114,55.52,1.652,113.60117,,ok,
MMWL.NS,MEDIA MATRIX WORLDWIDE L,Communication Services,Entertainment,,15.79,315.8,26.717426,0.0717,115.612,,0.106,0.00466,,ok,
MOBIKWIK.NS,ONE MOBIKWIK SYSTEMS LTD,Technology,Software - Infrastructure,15773007872.0,200.3,,2.9097724,,51.207,,0.037,-0.01113,,ok,
MODINATUR.NS,MODI NATURALS LIMITED,Consumer Defensive,Packaged Foods,5207458304.0,391.35,10.358656,3.025208,0.34243,93.655,1.411,0.281,0.06992,,ok,
MODIRUBBER.NS,MODI RUBBER LTD,Real Estate,Real Estate Services,3157110272.0,126.08,504.32,0.4667279,0.00093999994,3.356,,0.709,0.01868,,ok,
MODIS.NS,MODIS NAVNIRMAN LTD,Real Estate,Real Estate - Development,7687586816.0,392.4,26.317907,4.907147,0.20535,4.026,-0.601,0.466,0.15413,,ok,
MODISONLTD.NS,MODISON LIMITED,Industrials,Electrical Equipment & Parts,9051927552.0,278.95,12.486571,3.2957232,,63.523,2.777,1.209,0.06913,2.14,ok,
MODTHREAD.NS,MODERN THREADS INDIA LTD,Consumer Cyclical,Textile Manufacturing,1677553792.0,48.24,14.443114,,,,,,0.0,,ok,
MOIL.NS,MOIL LIMITED,Basic Materials,Other Industrial Metals & Mining,56599412736.0,278.15,18.655264,2.089735,,,0.701,0.066,0.20298,5.0,ok,
MOHITIND.NS,MOHIT INDUSTRIES LTD,Consumer Cyclical,Textile Manufacturing,386501792.0,27.3,,0.3899944,-0.00587,60.172,,0.025,-0.00563,,ok,
MOKSH.NS,MOKSH ORNAMENTS LIMITED,Consumer Cyclical,Luxury Goods,925426112.0,11.05,8.84,0.7147477,0.082150005,19.056,0.424,0.562,0.01451,,ok,
MOL.NS,MEGHMANI ORGANICS LIMITED,Basic Materials,Agricultural Inputs,13382012928.0,52.62,20.798418,0.85490084,,46.995,2.8,-0.115,0.030550001,,ok,
MOLDTECH.NS,MOLD-TEK TECHNOLOGIES LTD,Industrials,Engineering & Construction,5513587712.0,191.41,45.68258,4.2650237,,4.004,12.151,0.85,0.08851,0.5,ok,
MOLDTKPAC.NS,MOLD-TEK PACKAGING LTD,Consumer Cyclical,Packaging & Containers,22773436416.0,685.35,29.927946,3.3014596,,31.851,0.142,0.249,0.08035,0.59,ok,
MONARCH.NS,MONARCH NETWORTH CAP LTD,Financial Services,Capital Markets,30981801984.0,390.65,17.12626,3.1862745,0.20495,3.83,0.843,0.582,0.49444,0.26,ok,
MONTECARLO.NS,MONTE CARLO FASHIONS LTD.,Consumer Cyclical,Apparel Manufacturing,10359813120.0,499.7,9.281204,1.14184,,63.989,,0.151,0.08151,4.01,ok,
MONEYBOXX.NS,MONEYBOXX FINANCE LIMITED,Financial Services,Credit Services,4261851648.0,61.05,305.25,1.4387048,0.00482,228.031,,0.041,0.011460001,,ok,
MOREPENLAB.NS,MOREPEN LAB. LTD,Healthcare,Drug Manufacturers - Specialty & Generic,43973287936.0,80.25,46.387283,3.6202464,,16.667,4.247,0.341,0.07204,0.25,ok,
MOSCHIP.NS,MOSCHIP TECHNOLOGIES LTD,Technology,Semiconductor Equipment & Materials,40219844608.0,206.77,149.83334,9.806963,,21.561,-0.775,-0.143,0.04724,,ok,
MOTHERSON.NS,SAMVRDHNA MTHRSN INTL LTD,Consumer Cyclical,Auto Parts,1774512373760.0,168.5,45.912807,4.3302836,,43.908,1.016,0.166,0.033570003,0.32,ok,
MPSLTD.NS,MPS LIMITED,Communication Services,Publishing,49758679040.0,2931.2,26.381063,8.341277,,10.167,0.43,0.204,0.23361,3.0,ok,
MOTOGENFIN.NS,MOTOR & GENERAL FINANCE L,Real Estate,Real Estate Services,1007047552.0,25.81,0.6810026,0.44962806,,,,,0.12891,,ok,
MPHASIS.NS,MPHASIS LIMITED,Technology,Information Technology Services,472272207872.0,2475.0,24.745052,4.166267,0.17743999,24.675,0.108,0.175,0.115559995,2.56,ok,
MOTISONS.NS,MOTISONS JEWELLERS LTD,Consumer Cyclical,Luxury Goods,15879591936.0,13.96,21.476923,2.9028904,0.13962,7.795,-0.255,0.158,0.13014,,ok,
MOTILALOFS.NS,MOTILAL OSWAL FIN LTD,Financial Services,Capital Markets,523867619328.0,870.0,27.010246,4.0628004,,165.8,0.096,0.239,0.22963,1.26,ok,
MRF.NS,MRF LTD,Consumer Cyclical,Auto Parts,569118949376.0,134190.0,23.464672,2.7133775,0.12258001,15.288,0.372,0.136,0.07785,0.35,ok,
MRPL.NS,MRPL,Energy,Oil & Gas Refining & Marketing,292701503488.0,167.01,9.5,2.0541172,,108.059,,1.204,0.028670002,2.38,ok,
MSPL.NS,MSP STEEL & POWER LTD.,Basic Materials,Steel,20410347520.0,36.01,64.303566,1.9811838,,31.169,0.232,0.163,0.01281,,ok,
MTARTECH.NS,MTAR TECHNOLOGIES LIMITED,Industrials,Specialty Industrial Machinery,217947095040.0,7085.5,164.20625,26.488842,,45.778,3.645,1.304,0.12352,,ok,
MTEDUCARE.NS,MT EDUCARE LTD,Consumer Defensive,Education & Training Services,143733840.0,1.99,,-2.7871149,,,,-0.281,-0.086569995,,ok,
MSTCLTD.NS,MSTC LIMITED,Industrials,Conglomerates,41623998464.0,591.25,19.041868,4.6044636,0.266,16.041,0.023,0.337,0.59091,7.29,ok,
MUFIN.NS,MUFIN GREEN FINANCE LTD,Financial Services,Credit Services,27185870848.0,137.19,83.65244,4.201195,0.06698,243.19,2.076,0.056,0.33807,,ok,
MTNL.NS,MAHANAGAR TELEPHONE NIGAM,Communication Services,Telecom Services,17520300032.0,27.81,,-0.058506105,,,,0.879,0.0,,ok,
MSUMI.NS,MOTHERSON SUMI WRNG IND L,Consumer Cyclical,Auto Parts,272959209472.0,41.16,43.787235,12.625767,,10.788,0.016,0.364,0.05088,1.41,ok,
MUFTI.NS,CREDO BRANDS MARKETING L,Consumer Cyclical,Apparel Retail,5625200640.0,86.02,11.864827,1.2819672,0.11175,52.018,0.102,0.059,0.08009,3.43,ok,
MUKANDLTD.NS,MUKAND LTD.,Basic Materials,Steel,20694654976.0,143.22,3.425496,1.3594038,0.48880002,111.455,49.916,0.147,0.12355,1.4,ok,
MUKKA.NS,MUKKA PROTEINS LIMITED,Consumer Defensive,Packaged Foods,7023000064.0,23.41,13.454022,1.4013768,0.115880005,147.376,0.517,-0.003,0.03592,,ok,
MUKTAARTS.NS,MUKTA ARTS LIMITED,Communication Services,Entertainment,1287356416.0,57.0,,-1.9986676,,,,0.191,-0.06785,,ok,
MUNJALAU.NS,MUNJAL AUTO IND. LTD.,Consumer Cyclical,Auto Parts,10245999616.0,102.46,25.487562,1.9887036,0.10316,90.747,,0.2,0.01752,0.96,ok,
MUTHOOTCAP.NS,MUTHOOT CAP SERV LTD,Financial Services,Credit Services,4263364864.0,259.21,17.790665,0.6359218,,482.095,,0.64,0.0928,,ok,
MURUDCERA.NS,MURUDESHWAR CERAMICS LTD,Industrials,Building Products & Equipment,1882957568.0,31.1,17.087912,0.4318545,0.028719999,37.491,-0.525,-0.057,0.05256,1.62,ok,
MUNJALSHOW.NS,MUNJAL SHOWA LTD,Consumer Cyclical,Auto Parts,5367729152.0,134.21,25.180115,0.79166865,,,0.355,0.215,0.01802,3.37,ok,
MUTHOOTFIN.NS,MUTHOOT FINANCE LIMITED,Financial Services,Credit Services,1160243970048.0,2890.0,10.189331,2.9650972,0.31735,393.56,0.388,0.353,0.55502,1.04,ok,
MUTHOOTMF.NS,MUTHOOT MICROFIN LIMITED,Financial Services,Credit Services,35905425408.0,214.02,21.106508,1.2579348,0.062069997,341.252,,,0.16012,,ok,
MVGJL.NS,MANOJ VAIBHAV GEM N JEW L,Consumer Cyclical,Luxury Goods,8301622272.0,169.95,7.216561,0.997008,0.14816,58.923,0.053,0.07,0.0419,,ok,
MWL.NS,MANGALAM WORLDWIDE LTD,Basic Materials,Steel,12563385344.0,42.3,24.171429,4.1922693,,160.456,0.178,0.147,0.04157,0.07,ok,
NACLIND.NS,NACL INDUSTRIES LIMITED,Basic Materials,Agricultural Inputs,41545396224.0,177.36,354.72,6.0818872,,45.68,0.598,-0.145,0.0081400005,,ok,
NAGREEKCAP.NS,NAGREEKA CAP & INFR.LTD,Financial Services,Asset Management,283339616.0,22.46,4.174721,0.9928388,0.29845,380.22,,-0.692,0.14942001,,ok,
NAGREEKEXP.NS,NAGREEKA EXPORTS LTD.,Consumer Cyclical,Textile Manufacturing,708420480.0,22.67,23.132652,0.43658283,0.0196,108.513,,0.472,0.00599,,ok,
NAHARCAP.NS,NAHAR CAP & FIN.,Financial Services,Capital Markets,4465198080.0,266.64,7.0726795,0.27785248,,0.603,4.874,0.246,2.26492,0.55,ok,
NAHARINDUS.NS,NAHAR INDS ENT LTD,Consumer Cyclical,Textile Manufacturing,5518216704.0,127.72,10.750842,0.5290343,0.0505,65.369,0.531,-0.13,0.03645,,ok,
NAHARPOLY.NS,NAHAR POLY FILMS LIMITED,Consumer Cyclical,Packaging & Containers,5827354112.0,237.0,7.392389,0.6719668,,9.109,-0.359,-0.164,0.05886,0.62,ok,
NAHARSPING.NS,NAHAR SPINNING MILLS LTD.,Consumer Cyclical,Textile Manufacturing,11405651968.0,316.25,45.767006,0.759311,,65.006,3.378,0.191,0.02247,0.32,ok,
NAM-INDIA.NS,NIPPON L I A M LTD,Financial Services,Asset Management,751811952640.0,1176.0,46.666664,16.1065,,1.617,0.272,0.245,0.52507997,1.79,ok,
NARMADA.NS,NARMADA AGROBASE LIMITED,Basic Materials,Agricultural Inputs,1053873216.0,13.89,29.553192,1.7759877,0.06697,17.02,0.026,0.161,0.049200002,,ok,
NATCAPSUQ.NS,NATURAL CAPSULES LIMITED,Healthcare,Drug Manufacturers - Specialty & Generic,1614145280.0,155.04,,0.7265399,-0.10028,49.198,6.901,0.3,-0.0912,,ok,
NATCOPHARM.NS,NATCO PHARMA LTD.,Healthcare,Drug Manufacturers - Specialty & Generic,164181065728.0,916.65,11.572403,1.7801726,0.16853,7.742,-0.341,-0.396,0.34782,0.71,ok,
NATHBIOGEN.NS,NATH BIO-GENES (I) LTD,Basic Materials,Agricultural Inputs,3000717056.0,157.68,6.8318887,0.51807916,,20.354,-0.135,0.158,0.09312,1.24,ok,
NATIONALUM.NS,NATIONAL ALUMINIUM CO LTD,Basic Materials,Aluminum,699756707840.0,381.0,11.390134,3.2384465,,0.277,0.909,0.393,0.34908,1.05,ok,
NATIONSTD.NS,NATIONAL STAND (INDIA) L,,,,191.85,,1.3642958,,,1.574,,0.57789004,,ok,
NAUKRI.NS,INFO EDGE (I) LTD,Communication Services,Internet Content & Information,793672941568.0,1225.3,54.896957,2.0933993,0.045679998,0.64,0.221,0.159,0.44138,1.16,ok,
NAVA.NS,NAVA LIMITED,Industrials,Conglomerates,164811980800.0,581.85,20.877285,1.8828878,0.10309,20.684,-0.458,0.122,0.18333,1.43,ok,
NAVINFLUOR.NS,NAVIN FLUORINE INT. LTD,Basic Materials,Chemicals,424302477312.0,8271.0,63.321087,10.664166,,32.091,1.077,0.489,0.21607,0.17,ok,
NAVKARCORP.NS,NAVKAR CORPORATION LTD.,Industrials,Integrated Freight & Logistics,14994721792.0,99.62,37.451126,0.76491916,,9.055,4.019,0.383,0.053790003,,ok,
NAVNETEDUL.NS,NAVNEET EDUCATION LTD,Communication Services,Publishing,29613807616.0,133.87,8.766863,1.4400043,,5.145,-0.102,-0.008,0.19591999,3.52,ok,
NAVKARURB.NS,NAVKAR URBANSTRUCTURE LTD,Basic Materials,Building Materials,1122090368.0,1.0,33.333336,1.6286645,0.01852,3.591,,3.145,0.12576,0.5,ok,
NAZARA.NS,NAZARA TECHNOLOGIES LTD,Communication Services,Electronic Gaming & Multimedia,135230537728.0,352.35,14.968139,4.448976,,6.051,,-0.14,-0.01286,,ok,
NBIFIN.NS,N.B.I. IND. FIN. CO. LTD,Financial Services,Capital Markets,6264577536.0,2120.1,49.872974,0.23744278,0.00418,,-0.935,-0.782,0.62592,0.03,ok,
NBCC.NS,NBCC (INDIA) LIMITED,Industrials,Engineering & Construction,257391001600.0,95.33,35.570896,8.568989,0.25225002,0.008,0.372,-0.025,0.05456,0.71,ok,
NCC.NS,NCC LIMITED,Industrials,Engineering & Construction,91408179200.0,145.59,13.518105,1.1616347,0.093219995,57.389,-0.188,0.017,0.03243,1.53,ok,
NCLIND.NS,NCL INDUSTRIES LIMITED,Basic Materials,Building Materials,8130142208.0,179.74,6.306667,0.8180449,0.13762,31.936,5.054,0.622,0.06708,1.97,ok,
NDGL.NS,NAGA DHUNSERI GROUP LTD,Financial Services,Capital Markets,2652300032.0,2652.3,,,,,,,0.0,0.09,ok,
NDL.NS,NANDAN DENIM LIMITED,Consumer Cyclical,Textile Manufacturing,3344214272.0,2.32,10.086956,0.5136152,0.05217,18.05,-0.106,-0.485,0.01154,,ok,
NDLVENTURE.NS,NDL VENTURES LIMITED,Communication Services,Entertainment,4370239488.0,129.79,480.70367,6.641592,0.01526,,0.084,,0.18601,0.39,ok,
NDTV.NS,NDTV LTD,Communication Services,Broadcasting,8672836608.0,76.87,,6.761964,,199.402,,0.089,-0.62071997,,ok,
NEAGI.NS,NEELAMALAI AGRO INDS. L,,,,3111.9,,0.5915172,0.092930004,,0.585,0.533,1.1443499,,ok,
NDRAUTO.NS,NDR AUTO COMPONENTS LTD,Consumer Cyclical,Auto Parts,19773609984.0,828.9,31.81958,5.5114865,0.1877,17.248,0.117,0.193,0.07531,0.49,ok,
NECCLTD.NS,NORTH EAST CARRY CORP LTD,Industrials,Trucking,1591534976.0,15.23,19.52564,0.5871694,,54.791,0.13,0.118,0.02526,,ok,
NELCAST.NS,NELCAST LIMITED,Industrials,Metal Fabrication,10958676992.0,125.61,26.61229,1.8316369,,,0.048,0.273,0.05761,0.56,ok,
NECLIFE.NS,NECTAR LIFESCIENCES LTD.,Healthcare,Drug Manufacturers - Specialty & Generic,2055281152.0,10.58,,0.36512977,-0.07455,,,-0.982,0.0,,ok,
NELCO.NS,NELCO LTD,Technology,Communication Equipment,21880563712.0,958.9,574.19165,16.984007,,56.54,0.3,0.067,0.01238,0.1,ok,
NEOGEN.NS,NEOGEN CHEMICALS LIMITED,Basic Materials,Specialty Chemicals,55636824064.0,2031.9,151.52126,6.56326,,170.915,0.668,0.34,0.03846,0.05,ok,
NESCO.NS,NESCO LTD.,Industrials,Conglomerates,73778618368.0,1047.1,17.696468,2.4614942,,9.068,0.039,0.153,0.39094,0.67,ok,
NEPHROPLUS.NS,NEPHROCARE HEALTH SERV L,Healthcare,Medical Care Facilities,69803040768.0,694.15,88.0901,6.2384295,0.09037,7.139,0.221,0.212,0.07693,,ok,
NESTLEIND.NS,NESTLE INDIA LIMITED,Consumer Defensive,Packaged Foods,2969604194304.0,1540.0,77.15431,57.585163,,8.621,0.483,0.252,0.15623,0.78,ok,
NETWEB.NS,NETWEB TECH INDIA LTD,Technology,Computer Hardware,281241452544.0,4939.2,107.96066,38.782017,,39.019,1.799,1.721,0.096470006,0.06,ok,
NEULANDLAB.NS,NEULAND LAB LTD.,Healthcare,Drug Manufacturers - Specialty & Generic,293227102208.0,22855.0,74.71152,15.643181,,16.072,9.624,1.221,0.022880001,0.16,ok,
NETWORK18.NS,NETWORK18 MEDIA & INV LTD,Communication Services,Entertainment,45655056384.0,29.56,,0.9171864,,65.925,,0.103,-0.01592,,ok,
NEWGEN.NS,NEWGEN SOFTWARE TECH LTD,Technology,Software - Infrastructure,77884801024.0,551.0,25.462109,4.3761067,,2.214,0.263,0.112,0.19478,1.11,ok,
NEXTMEDIA.NS,NEXT MEDIAWORKS LIMITED,Communication Services,Broadcasting,264226992.0,3.95,,-0.7410882,,,,,0.0,,ok,
NFL.NS,NATIONAL FERT. LTD,Basic Materials,Agricultural Inputs,35277496320.0,71.91,16.684456,1.2413472,0.07612,139.519,0.124,-0.025,0.00983,2.15,ok,
NGLFINE.NS,NGL FINE CHEM LIMITED,Healthcare,Drug Manufacturers - General,21027522560.0,3403.6,43.73121,6.3867235,0.15736,37.232,15.468,0.57,0.09607001,0.05,ok,
NGIL.NS,NAKODA GROUP OF IND. LTD,Consumer Defensive,Packaged Foods,695505344.0,39.04,40.666668,2.330051,,44.646,0.86,0.201,0.03656,,ok,
NH.NS,NARAYANA HRUDAYALAYA LTD.,Healthcare,Medical Care Facilities,382863507456.0,1885.1,46.511227,8.438228,,129.033,0.054,0.804,0.08984,0.24,ok,
NIACL.NS,THE NEW INDIA ASSU CO LTD,Financial Services,Insurance - Diversified,291877289984.0,177.11,37.925053,0.7573075,,,,0.015,0.0148599995,0.84,ok,
NHPC.NS,NHPC LTD,Utilities,Utilities - Renewable,772664066048.0,76.92,27.768953,1.8693043,,113.111,0.029,0.185,0.31094998,2.08,ok,
NIBE.NS,NIBE LIMITED,Industrials,Conglomerates,21997015040.0,1419.0,416.12903,5.9209867,0.00021,33.611,2.825,1.305,0.0118700005,0.09,ok,
NIBL.NS,NRB INDUS. BEARINGS LTD.,Industrials,Tools & Accessories,841288192.0,34.72,,-0.7056911,,,,0.065,-0.40986001,,ok,
NIITLTD.NS,NIIT LIMITED,Consumer Defensive,Education & Training Services,13009577984.0,95.07,139.80882,1.2267572,,0.65,0.847,0.137,0.02238,1.02,ok,
NILASPACES.NS,NILA SPACES LIMITED,Real Estate,Real Estate - Development,4833020928.0,12.27,16.80822,2.752973,0.18365999,46.031,0.971,0.253,0.15427,,ok,
NIITMTS.NS,NIIT LEARNING SYSTEMS LTD,Consumer Defensive,Education & Training Services,33459968000.0,242.79,13.525905,2.1630168,,20.621,0.164,0.252,0.12385,1.33,ok,
NILAINFRA.NS,NILA INFRASTRUCTURES LTD,Real Estate,Real Estate - Development,2942352384.0,7.47,11.857142,1.5706476,,12.646,0.257,-0.199,0.082200006,,ok,
NILKAMAL.NS,NILKAMAL LIMITED,Consumer Cyclical,"Furnishings, Fixtures & Appliances",26146121728.0,1746.3,22.54454,1.6520522,0.075679995,26.499,0.217,0.08,0.03059,1.13,ok,
NILE.NS,NILE LTD.,,,,1547.8,,1.4739171,,3.785,-0.452,0.144,0.045089997,,ok,
NIMBSPROJ.NS,NIMBUS PROJECTS LIMITED,,,3516009984.0,182.0,,0.4283502,,,,,,,ok,
NINSYS.NS,NINTEC SYSTEMS LIMITED,Technology,Information Technology Services,13729520640.0,739.1,42.97093,14.9715395,0.41852,2.061,0.19,0.225,0.18812001,,ok,
NIPPOBATRY.NS,INDO-NATIONAL LIMITED,Industrials,Electrical Equipment & Parts,2453250048.0,327.1,,0.8109562,,36.972,-0.261,0.073,-0.0121,1.75,ok,
NIRLON.NS,NIRLON LTD,Real Estate,Real Estate Services,55873183744.0,620.0,16.14163,11.927665,0.8382,244.748,0.318,0.082,0.51703,,ok,
NIRAJISPAT.NS,NIRAJ ISPAT IND LTD,Consumer Cyclical,Apparel Manufacturing,129600000.0,216.0,8.447399,,,,,,0.0,,ok,
NIRAJ.NS,NIRAJ CEMENT STRUC LTD,Industrials,Engineering & Construction,1750238080.0,29.32,8.282486,0.6558844,0.083050005,28.588,-0.308,-0.185,0.039,,ok,
NITCO.NS,NITCO LIMITED,Industrials,Building Products & Equipment,23883403264.0,99.28,84.854706,6.18567,0.093760006,86.275,,0.511,0.05218,,ok,
NITINSPIN.NS,NITIN SPINNERS LIMITED,Consumer Cyclical,Textile Manufacturing,32461428736.0,577.4,18.277937,2.2079124,0.12764,76.458,0.237,0.022,0.05524,0.52,ok,
NITIRAJ.NS,NITIRAJ ENGINEERS LTD,Technology,Scientific & Technical Instruments,2139178624.0,208.68,200.65384,2.6056337,0.01284,0.028,,-0.638,0.022850001,0.71,ok,
NITTAGELA.NS,NITTA GELATIN INDIA LTD.,Basic Materials,Specialty Chemicals,15642484736.0,1722.9,15.0669,3.059637,,0.82,0.313,-0.003,0.17472,0.42,ok,
NIVABUPA.NS,NIVA BUPA HEALTH INS CO L,Financial Services,Insurance - Life,159385452544.0,86.19,82.085724,4.4448457,0.121350005,,,0.8,0.04815,,ok,
NKIND.NS,NK INDUSTRIES LTD,Consumer Defensive,Household & Personal Products,366303424.0,60.95,,-0.101185,,,,-0.381,-0.29104,,ok,
NMDC.NS,NMDC LTD.,Basic Materials,Steel,746601119744.0,84.92,9.9788475,2.1878703,0.23363,18.802,0.372,0.619,0.23231001,4.06,ok,
NLCINDIA.NS,NLC INDIA LIMITED,Utilities,Utilities - Regulated Electric,422092210176.0,304.4,11.979535,1.9608095,0.15966,82.0,-0.206,-0.003,0.20139,2.37,ok,
NOCIL.NS,NOCIL LIMITED,Basic Materials,Specialty Chemicals,28168753152.0,168.65,42.804565,1.5884153,,0.453,0.608,0.199,0.04828,0.88,ok,
NOIDATOLL.NS,NOIDA TOLL BRIDGE CO LTD,Industrials,Infrastructure Operations,811810240.0,4.36,2.9863014,-6.3836017,,,0.275,0.218,0.63527,,ok,
NORBTEAEXP.NS,NORBEN TEA & EXPORTS LTD,Consumer Defensive,Farm Products,998397568.0,64.23,,5.3051953,-0.01678,46.916,,0.318,-0.03654,,ok,
NORTHARC.NS,NORTHERN ARC CAPITAL LTD,Financial Services,Credit Services,44653056000.0,276.25,10.46798,1.1457711,,314.96,0.411,0.439,0.36551997,,ok,
NOVAAGRI.NS,,,,,,,,,,,,,,failed,Too Many Requests. Rate limited. Try after a while.
NOVARTIND.NS,,,,,,,,,,,,,,failed,Too Many Requests. Rate limited. Try after a while.
NPST.NS,,,,,,,,,,,,,,failed,Too Many Requests. Rate limited. Try after a while.
NRBBEARING.NS,,,,,,,,,,,,,,failed,Too Many Requests. Rate limited. Try after a while.
NRAIL.NS,,,,,,,,,,,,,,failed,Too Many Requests. Rate limited. Try after a while.
NRL.NS,,,,,,,,,,,,,,failed,Too Many Requests. Rate limited. Try after a while.
NTPC.NS,,,,,,,,,,,,,,failed,Too Many Requests. Rate limited. Try after a while.
NSLNISP.NS,,,,,,,,,,,,,,failed,Too Many Requests. Rate limited. Try after a while.
NSIL.NS,,,,,,,,,,,,,,failed,Too Many Requests. Rate limited. Try after a while.
NUCLEUS.NS,,,,,,,,,,,,,,failed,Too Many Requests. Rate limited. Try after a while.
NTPCGREEN.NS,,,,,,,,,,,,,,failed,Too Many Requests. Rate limited. Try after a while.
NURECA.NS,,,,,,,,,,,,,,failed,Too Many Requests. Rate limited. Try after a while.
NUVAMA.NS,,,,,,,,,,,,,,failed,Too Many Requests. Rate limited. Try after a while.
NUVOCO.NS,,,,,,,,,,,,,,failed,Too Many Requests. Rate limited. Try after a while.
NYKAA.NS,,,,,,,,,,,,,,failed,Too Many Requests. Rate limited. Try after a while.
OAL.NS,,,,,,,,,,,,,,failed,Too Many Requests. Rate limited. Try after a while.
OBCL.NS,,,,,,,,,,,,,,failed,Too Many Requests. Rate limited. Try after a while.
OCCLLTD.NS,,,,,,,,,,,,,,failed,Too Many Requests. Rate limited. Try after a while.
OBEROIRLTY.NS,,,,,,,,,,,,,,failed,Too Many Requests. Rate limited. Try after a while.
ODIGMA.NS,,,,,,,,,,,,,,failed,Too Many Requests. Rate limited. Try after a while.
OFSS.NS,,,,,,,,,,,,,,failed,Too Many Requests. Rate limited. Try after a while.
OIL.NS,,,,,,,,,,,,,,failed,Too Many Requests. Rate limited. Try after a while.
OILCOUNTUB.NS,,,,,,,,,,,,,,failed,Too Many Requests. Rate limited. Try after a while.
OLAELEC.NS,,,,,,,,,,,,,,failed,Too Many Requests. Rate limited. Try after a while.
OLECTRA.NS,,,,,,,,,,,,,,failed,Too Many Requests. Rate limited. Try after a while.
OMAXAUTO.NS,,,,,,,,,,,,,,failed,Too Many Requests. Rate limited. Try after a while.
OMFREIGHT.NS,,,,,,,,,,,,,,failed,Too Many Requests. Rate limited. Try after a while.
OMAXE.NS,,,,,,,,,,,,,,failed,Too Many Requests. Rate limited. Try after a while.
OMINFRAL.NS,,,,,,,,,,,,,,failed,Too Many Requests. Rate limited. Try after a while.
OMNI.NS,,,,,,,,,,,,,,failed,Too Many Requests. Rate limited. Try after a while.
OMPOWER.NS,,,,,,,,,,,,,,failed,Too Many Requests. Rate limited. Try after a while.
ONELIFECAP.NS,,,,,,,,,,,,,,failed,Too Many Requests. Rate limited. Try after a while.
ONESOURCE.NS,,,,,,,,,,,,,,failed,Too Many Requests. Rate limited. Try after a while.
ONGC.NS,,,,,,,,,,,,,,failed,Too Many Requests. Rate limited. Try after a while.
ONEPOINT.NS,,,,,,,,,,,,,,failed,Too Many Requests. Rate limited. Try after a while.
ONIDA.NS,,,,,,,,,,,,,,failed,Too Many Requests. Rate limited. Try after a while.
ONMOBILE.NS,,,,,,,,,,,,,,failed,Too Many Requests. Rate limited. Try after a while.
ONWARDTEC.NS,,,,,,,,,,,,,,failed,Too Many Requests. Rate limited. Try after a while.
ORBTEXP.NS,,,,,,,,,,,,,,failed,Too Many Requests. Rate limited. Try after a while.
OPTIEMUS.NS,,,,,,,,,,,,,,failed,Too Many Requests. Rate limited. Try after a while.
ORCHASP.NS,,,,,,,,,,,,,,failed,Too Many Requests. Rate limited. Try after a while.
ORICONENT.NS,,,,,,,,,,,,,,failed,Too Many Requests. Rate limited. Try after a while.
ORCHPHARMA.NS,,,,,,,,,,,,,,failed,Too Many Requests. Rate limited. Try after a while.
ORIENTALTL.NS,,,,,,,,,,,,,,failed,Too Many Requests. Rate limited. Try after a while.
ORIENTBELL.NS,,,,,,,,,,,,,,failed,Too Many Requests. Rate limited. Try after a while.
ORIENTCEM.NS,,,,,,,,,,,,,,failed,Too Many Requests. Rate limited. Try after a while.
ORIENTCER.NS,,,,,,,,,,,,,,failed,Too Many Requests. Rate limited. Try after a while.
ORIENTELEC.NS,,,,,,,,,,,,,,failed,Too Many Requests. Rate limited. Try after a while.
ORIENTHOT.NS,,,,,,,,,,,,,,failed,Too Many Requests. Rate limited. Try after a while.
ORIENTPPR.NS,,,,,,,,,,,,,,failed,Too Many Requests. Rate limited. Try after a while.
ORIENTLTD.NS,,,,,,,,,,,,,,failed,Too Many Requests. Rate limited. Try after a while.
ORIENTTECH.NS,,,,,,,,,,,,,,failed,Too Many Requests. Rate limited. Try after a while.
ORISSAMINE.NS,,,,,,,,,,,,,,failed,Too Many Requests. Rate limited. Try after a while.
ORKLAINDIA.NS,,,,,,,,,,,,,,failed,Too Many Requests. Rate limited. Try after a while.
ORTINGLOBE.NS,,,,,,,,,,,,,,failed,Too Many Requests. Rate limited. Try after a while.
ORTEL.NS,,,,,,,,,,,,,,failed,Too Many Requests. Rate limited. Try after a while.
OSIAHYPER.NS,,,,,,,,,,,,,,failed,Too Many Requests. Rate limited. Try after a while.
OSWALGREEN.NS,,,,,,,,,,,,,,failed,Too Many Requests. Rate limited. Try after a while.
OSWALAGRO.NS,,,,,,,,,,,,,,failed,Too Many Requests. Rate limited. Try after a while.
OSWALPUMPS.NS,,,,,,,,,,,,,,failed,Too Many Requests. Rate limited. Try after a while.
OSWALSEEDS.NS,,,,,,,,,,,,,,failed,Too Many Requests. Rate limited. Try after a while.
PACEDIGITK.NS,,,,,,,,,,,,,,failed,Too Many Requests. Rate limited. Try after a while.
PAGEIND.NS,,,,,,,,,,,,,,failed,Too Many Requests. Rate limited. Try after a while.
PAISALO.NS,,,,,,,,,,,,,,failed,Too Many Requests. Rate limited. Try after a while.
PAKKA.NS,,,,,,,,,,,,,,failed,Too Many Requests. Rate limited. Try after a while.
PALREDTEC.NS,,,,,,,,,,,,,,failed,Too Many Requests. Rate limited. Try after a while.
PALASHSECU.NS,,,,,,,,,,,,,,failed,Too Many Requests. Rate limited. Try after a while.
PANACEABIO.NS,,,,,,,,,,,,,,failed,Too Many Requests. Rate limited. Try after a while.
PANACHE.NS,,,,,,,,,,,,,,failed,Too Many Requests. Rate limited. Try after a while.
PANAMAPET.NS,,,,,,,,,,,,,,failed,Too Many Requests. Rate limited. Try after a while.
PANSARI.NS,,,,,,,,,,,,,,failed,Too Many Requests. Rate limited. Try after a while.
PAR.NS,,,,,,,,,,,,,,failed,Too Many Requests. Rate limited. Try after a while.
PARACABLES.NS,,,,,,,,,,,,,,failed,Too Many Requests. Rate limited. Try after a while.
PARAGMILK.NS,,,,,,,,,,,,,,failed,Too Many Requests. Rate limited. Try after a while.
PARADEEP.NS,,,,,,,,,,,,,,failed,Too Many Requests. Rate limited. Try after a while.
PARAS.NS,,,,,,,,,,,,,,failed,Too Many Requests. Rate limited. Try after a while.
PARASPETRO.NS,,,,,,,,,,,,,,failed,Too Many Requests. Rate limited. Try after a while.
PARKHOSPS.NS,,,,,,,,,,,,,,failed,Too Many Requests. Rate limited. Try after a while.
PARKHOTELS.NS,,,,,,,,,,,,,,failed,Too Many Requests. Rate limited. Try after a while.
PARSVNATH.NS,,,,,,,,,,,,,,failed,Too Many Requests. Rate limited. Try after a while.
PASHUPATI.NS,,,,,,,,,,,,,,failed,Too Many Requests. Rate limited. Try after a while.
PATANJALI.NS,,,,,,,,,,,,,,failed,Too Many Requests. Rate limited. Try after a while.
PASUPTAC.NS,,,,,,,,,,,,,,failed,Too Many Requests. Rate limited. Try after a while.
PATELENG.NS,,,,,,,,,,,,,,failed,Too Many Requests. Rate limited. Try after a while.
PATELRMART.NS,,,,,,,,,,,,,,failed,Too Many Requests. Rate limited. Try after a while.
PATINTLOG.NS,,,,,,,,,,,,,,failed,Too Many Requests. Rate limited. Try after a while.
PAUSHAKLTD.NS,,,,,,,,,,,,,,failed,Too Many Requests. Rate limited. Try after a while.
PAVNAIND.NS,,,,,,,,,,,,,,failed,Too Many Requests. Rate limited. Try after a while.
PAYTM.NS,,,,,,,,,,,,,,failed,Too Many Requests. Rate limited. Try after a while.
PCBL.NS,,,,,,,,,,,,,,failed,Too Many Requests. Rate limited. Try after a while.
PCJEWELLER.NS,,,,,,,,,,,,,,failed,Too Many Requests. Rate limited. Try after a while.
PDMJEPAPER.NS,,,,,,,,,,,,,,failed,Too Many Requests. Rate limited. Try after a while.
PDSL.NS,,,,,,,,,,,,,,failed,Too Many Requests. Rate limited. Try after a while.
PEARLPOLY.NS,,,,,,,,,,,,,,failed,Too Many Requests. Rate limited. Try after a while.
PENIND.NS,,,,,,,,,,,,,,failed,Too Many Requests. Rate limited. Try after a while.
PENINLAND.NS,,,,,,,,,,,,,,failed,Too Many Requests. Rate limited. Try after a while.
PFS.NS,,,,,,,,,,,,,,failed,Too Many Requests. Rate limited. Try after a while.
PERSISTENT.NS,,,,,,,,,,,,,,failed,Too Many Requests. Rate limited. Try after a while.
PFC.NS,,,,,,,,,,,,,,failed,Too Many Requests. Rate limited. Try after a while.
PETRONET.NS,,,,,,,,,,,,,,failed,Too Many Requests. Rate limited. Try after a while.
PFIZER.NS,,,,,,,,,,,,,,failed,Too Many Requests. Rate limited. Try after a while.
PFOCUS.NS,,,,,,,,,,,,,,failed,Too Many Requests. Rate limited. Try after a while.
PICCADIL.NS,,,,,,,,,,,,,,failed,Too Many Requests. Rate limited. Try after a while.
PGEL.NS,,,,,,,,,,,,,,failed,Too Many Requests. Rate limited. Try after a while.
PGHH.NS,,,,,,,,,,,,,,failed,Too Many Requests. Rate limited. Try after a while.
PGIL.NS,,,,,,,,,,,,,,failed,Too Many Requests. Rate limited. Try after a while.
PIDILITIND.NS,,,,,,,,,,,,,,failed,Too Many Requests. Rate limited. Try after a while.
PGHL.NS,,,,,,,,,,,,,,failed,Too Many Requests. Rate limited. Try after a while.
PHOENIXLTD.NS,,,,,,,,,,,,,,failed,Too Many Requests. Rate limited. Try after a while.
PIGL.NS,,,,,,,,,,,,,,failed,Too Many Requests. Rate limited. Try after a while.
PIIND.NS,,,,,,,,,,,,,,failed,Too Many Requests. Rate limited. Try after a while.
PILANIINVS.NS,,,,,,,,,,,,,,failed,Too Many Requests. Rate limited. Try after a while.
PINELABS.NS,,,,,,,,,,,,,,failed,Too Many Requests. Rate limited. Try after a while.
PILITA.NS,,,,,,,,,,,,,,failed,Too Many Requests. Rate limited. Try after a while.
PIONEEREMB.NS,,,,,,,,,,,,,,failed,Too Many Requests. Rate limited. Try after a while.
PIONRINV.NS,,,,,,,,,,,,,,failed,Too Many Requests. Rate limited. Try after a while.
PIRAMALFIN.NS,,,,,,,,,,,,,,failed,Too Many Requests. Rate limited. Try after a while.
PITTIENG.NS,,,,,,,,,,,,,,failed,Too Many Requests. Rate limited. Try after a while.
PKTEA.NS,,,,,,,,,,,,,,failed,Too Many Requests. Rate limited. Try after a while.
PIXTRANS.NS,,,,,,,,,,,,,,failed,Too Many Requests. Rate limited. Try after a while.
PLATIND.NS,,,,,,,,,,,,,,failed,Too Many Requests. Rate limited. Try after a while.
PLASTIBLEN.NS,,,,,,,,,,,,,,failed,Too Many Requests. Rate limited. Try after a while.
PLAZACABLE.NS,,,,,,,,,,,,,,failed,Too Many Requests. Rate limited. Try after a while.
PML.NS,,,,,,,,,,,,,,failed,Too Many Requests. Rate limited. Try after a while.
PNB.NS,,,,,,,,,,,,,,failed,Too Many Requests. Rate limited. Try after a while.
PNBGILTS.NS,,,,,,,,,,,,,,failed,Too Many Requests. Rate limited. Try after a while.
PNBHOUSING.NS,,,,,,,,,,,,,,failed,Too Many Requests. Rate limited. Try after a while.
PNC.NS,,,,,,,,,,,,,,failed,Too Many Requests. Rate limited. Try after a while.
PNGJL.NS,,,,,,,,,,,,,,failed,Too Many Requests. Rate limited. Try after a while.
PNCINFRA.NS,,,,,,,,,,,,,,failed,Too Many Requests. Rate limited. Try after a while.
PNGSREVA.NS,,,,,,,,,,,,,,failed,Too Many Requests. Rate limited. Try after a while.
POCL.NS,,,,,,,,,,,,,,failed,Too Many Requests. Rate limited. Try after a while.
PODDARMENT.NS,,,,,,,,,,,,,,failed,Too Many Requests. Rate limited. Try after a while.
POKARNA.NS,,,,,,,,,,,,,,failed,Too Many Requests. Rate limited. Try after a while.
POLYCAB.NS,,,,,,,,,,,,,,failed,Too Many Requests. Rate limited. Try after a while.
POLICYBZR.NS,,,,,,,,,,,,,,failed,Too Many Requests. Rate limited. Try after a while.
POLYMED.NS,,,,,,,,,,,,,,failed,Too Many Requests. Rate limited. Try after a while.
POLYPLEX.NS,,,,,,,,,,,,,,failed,Too Many Requests. Rate limited. Try after a while.
POONAWALLA.NS,,,,,,,,,,,,,,failed,Too Many Requests. Rate limited. Try after a while.
PONNIERODE.NS,,,,,,,,,,,,,,failed,Too Many Requests. Rate limited. Try after a while.
POWERGRID.NS,,,,,,,,,,,,,,failed,Too Many Requests. Rate limited. Try after a while.
PPAP.NS,,,,,,,,,,,,,,failed,Too Many Requests. Rate limited. Try after a while.
POWERICA.NS,,,,,,,,,,,,,,failed,Too Many Requests. Rate limited. Try after a while.
POWERMECH.NS,,,,,,,,,,,,,,failed,Too Many Requests. Rate limited. Try after a while.
POWERINDIA.NS,,,,,,,,,,,,,,failed,Too Many Requests. Rate limited. Try after a while.
PPL.NS,,,,,,,,,,,,,,failed,Too Many Requests. Rate limited. Try after a while.
PRABHA.NS,,,,,,,,,,,,,,failed,Too Many Requests. Rate limited. Try after a while.
PRADPME.NS,,,,,,,,,,,,,,failed,Too Many Requests. Rate limited. Try after a while.
PPLPHARMA.NS,,,,,,,,,,,,,,failed,Too Many Requests. Rate limited. Try after a while.
PRAENG.NS,,,,,,,,,,,,,,failed,Too Many Requests. Rate limited. Try after a while.
PRAJIND.NS,,,,,,,,,,,,,,failed,Too Many Requests. Rate limited. Try after a while.
PRAKASH.NS,,,,,,,,,,,,,,failed,Too Many Requests. Rate limited. Try after a while.
PRAKASHSTL.NS,,,,,,,,,,,,,,failed,Too Many Requests. Rate limited. Try after a while.
PRAVEG.NS,,,,,,,,,,,,,,failed,Too Many Requests. Rate limited. Try after a while.
PRAXIS.NS,,,,,,,,,,,,,,failed,Too Many Requests. Rate limited. Try after a while.
PRECOT.NS,,,,,,,,,,,,,,failed,Too Many Requests. Rate limited. Try after a while.
PRECAM.NS,,,,,,,,,,,,,,failed,Too Many Requests. Rate limited. Try after a while.
PRECWIRE.NS,,,,,,,,,,,,,,failed,Too Many Requests. Rate limited. Try after a while.
PREMCO.NS,,,,,,,,,,,,,,failed,Too Many Requests. Rate limited. Try after a while.
PREMIER.NS,,,,,,,,,,,,,,failed,Too Many Requests. Rate limited. Try after a while.
PREMEXPLN.NS,,,,,,,,,,,,,,failed,Too Many Requests. Rate limited. Try after a while.
PREMIERENE.NS,,,,,,,,,,,,,,failed,Too Many Requests. Rate limited. Try after a while.
PREMIERPOL.NS,,,,,,,,,,,,,,failed,Too Many Requests. Rate limited. Try after a while.
PRESTIGE.NS,,,,,,,,,,,,,,failed,Too Many Requests. Rate limited. Try after a while.
PRICOLLTD.NS,,,,,,,,,,,,,,failed,Too Many Requests. Rate limited. Try after a while.
PRIMESECU.NS,,,,,,,,,,,,,,failed,Too Many Requests. Rate limited. Try after a while.
PRIMO.NS,,,,,,,,,,,,,,failed,Too Many Requests. Rate limited. Try after a while.
PRITI.NS,,,,,,,,,,,,,,failed,Too Many Requests. Rate limited. Try after a while.
PRITIKAUTO.NS,,,,,,,,,,,,,,failed,Too Many Requests. Rate limited. Try after a while.
PROSTARM.NS,,,,,,,,,,,,,,failed,Too Many Requests. Rate limited. Try after a while.
PROTEAN.NS,,,,,,,,,,,,,,failed,Too Many Requests. Rate limited. Try after a while.
PROZONER.NS,,,,,,,,,,,,,,failed,Too Many Requests. Rate limited. Try after a while.
PRINCEPIPE.NS,,,,,,,,,,,,,,failed,Too Many Requests. Rate limited. Try after a while.
PRSMJOHNSN.NS,,,,,,,,,,,,,,failed,Too Many Requests. Rate limited. Try after a while.
PRIVISCL.NS,,,,,,,,,,,,,,failed,Too Many Requests. Rate limited. Try after a while.
PRUDENT.NS,,,,,,,,,,,,,,failed,Too Many Requests. Rate limited. Try after a while.
PRUDMOULI.NS,,,,,,,,,,,,,,failed,Too Many Requests. Rate limited. Try after a while.
PSB.NS,,,,,,,,,,,,,,failed,Too Many Requests. Rate limited. Try after a while.
PSPPROJECT.NS,,,,,,,,,,,,,,failed,Too Many Requests. Rate limited. Try after a while.
PTC.NS,,,,,,,,,,,,,,failed,Too Many Requests. Rate limited. Try after a while.
PTL.NS,,,,,,,,,,,,,,failed,Too Many Requests. Rate limited. Try after a while.
PTCIL.NS,,,,,,,,,,,,,,failed,Too Many Requests. Rate limited. Try after a while.
PUNJABCHEM.NS,,,,,,,,,,,,,,failed,Too Many Requests. Rate limited. Try after a while.
PVSL.NS,,,,,,,,,,,,,,failed,Too Many Requests. Rate limited. Try after a while.
PVRINOX.NS,,,,,,,,,,,,,,failed,Too Many Requests. Rate limited. Try after a while.
PVP.NS,,,,,,,,,,,,,,failed,Too Many Requests. Rate limited. Try after a while.
PURVA.NS,,,,,,,,,,,,,,failed,Too Many Requests. Rate limited. Try after a while.
PYRAMID.NS,,,,,,,,,,,,,,failed,Too Many Requests. Rate limited. Try after a while.
PWL.NS,,,,,,,,,,,,,,failed,Too Many Requests. Rate limited. Try after a while.
QMSMEDI.NS,,,,,,,,,,,,,,failed,Too Many Requests. Rate limited. Try after a while.
QPOWER.NS,,,,,,,,,,,,,,failed,Too Many Requests. Rate limited. Try after a while.
QUADFUTURE.NS,,,,,,,,,,,,,,failed,Too Many Requests. Rate limited. Try after a while.
QUESS.NS,,,,,,,,,,,,,,failed,Too Many Requests. Rate limited. Try after a while.
QUICKHEAL.NS,,,,,,,,,,,,,,failed,Too Many Requests. Rate limited. Try after a while.
QUINT.NS,,,,,,,,,,,,,,failed,Too Many Requests. Rate limited. Try after a while.
RACE.NS,,,,,,,,,,,,,,failed,Too Many Requests. Rate limited. Try after a while.
RACLGEAR.NS,,,,,,,,,,,,,,failed,Too Many Requests. Rate limited. Try after a while.
RADAAN.NS,,,,,,,,,,,,,,failed,Too Many Requests. Rate limited. Try after a while.
RADHIKAJWE.NS,,,,,,,,,,,,,,failed,Too Many Requests. Rate limited. Try after a while.
RADIANTCMS.NS,,,,,,,,,,,,,,failed,Too Many Requests. Rate limited. Try after a while.
RADICO.NS,,,,,,,,,,,,,,failed,Too Many Requests. Rate limited. Try after a while.
RAIN.NS,,,,,,,,,,,,,,failed,Too Many Requests. Rate limited. Try after a while.
RAILTEL.NS,,,,,,,,,,,,,,failed,Too Many Requests. Rate limited. Try after a while.
RADIOCITY.NS,,,,,,,,,,,,,,failed,Too Many Requests. Rate limited. Try after a while.
RAJESHEXPO.NS,,,,,,,,,,,,,,failed,Too Many Requests. Rate limited. Try after a while.
RAINBOW.NS,,,,,,,,,,,,,,failed,Too Many Requests. Rate limited. Try after a while.
RAJOOENG.NS,,,,,,,,,,,,,,failed,Too Many Requests. Rate limited. Try after a while.
RAJMET.NS,,,,,,,,,,,,,,failed,Too Many Requests. Rate limited. Try after a while.
RAJPALAYAM.NS,,,,,,,,,,,,,,failed,Too Many Requests. Rate limited. Try after a while.
RAJRILTD.NS,,,,,,,,,,,,,,failed,Too Many Requests. Rate limited. Try after a while.
RAJRATAN.NS,,,,,,,,,,,,,,failed,Too Many Requests. Rate limited. Try after a while.
RAJSREESUG.NS,,,,,,,,,,,,,,failed,Too Many Requests. Rate limited. Try after a while.
RAJTV.NS,,,,,,,,,,,,,,failed,Too Many Requests. Rate limited. Try after a while.
RALLIS.NS,,,,,,,,,,,,,,failed,Too Many Requests. Rate limited. Try after a while.
RAMAPHO.NS,,,,,,,,,,,,,,failed,Too Many Requests. Rate limited. Try after a while.
RAMANEWS.NS,,,,,,,,,,,,,,failed,Too Many Requests. Rate limited. Try after a while.
RAMCOCEM.NS,,,,,,,,,,,,,,failed,Too Many Requests. Rate limited. Try after a while.
RAMASTEEL.NS,,,,,,,,,,,,,,failed,Too Many Requests. Rate limited. Try after a while.
RAMBHAJO.NS,,,,,,,,,,,,,,failed,Too Many Requests. Rate limited. Try after a while.
RAMCOIND.NS,,,,,,,,,,,,,,failed,Too Many Requests. Rate limited. Try after a while.
RAMRAT.NS,,,,,,,,,,,,,,failed,Too Many Requests. Rate limited. Try after a while.
RAMCOSYS.NS,,,,,,,,,,,,,,failed,Too Many Requests. Rate limited. Try after a while.
RAMKY.NS,,,,,,,,,,,,,,failed,Too Many Requests. Rate limited. Try after a while.
RANASUG.NS,,,,,,,,,,,,,,failed,Too Many Requests. Rate limited. Try after a while.
RANEHOLDIN.NS,,,,,,,,,,,,,,failed,Too Many Requests. Rate limited. Try after a while.
RATNAVEER.NS,,,,,,,,,,,,,,failed,Too Many Requests. Rate limited. Try after a while.
RATEGAIN.NS,,,,,,,,,,,,,,failed,Too Many Requests. Rate limited. Try after a while.
RATNAMANI.NS,,,,,,,,,,,,,,failed,Too Many Requests. Rate limited. Try after a while.
RAYMONDLSL.NS,,,,,,,,,,,,,,failed,Too Many Requests. Rate limited. Try after a while.
RAYMOND.NS,,,,,,,,,,,,,,failed,Too Many Requests. Rate limited. Try after a while.
RAYMONDREL.NS,,,,,,,,,,,,,,failed,Too Many Requests. Rate limited. Try after a while.
RBLBANK.NS,,,,,,,,,,,,,,failed,Too Many Requests. Rate limited. Try after a while.
RBA.NS,,,,,,,,,,,,,,failed,Too Many Requests. Rate limited. Try after a while.
RCOM.NS,,,,,,,,,,,,,,failed,Too Many Requests. Rate limited. Try after a while.
RCF.NS,,,,,,,,,,,,,,failed,Too Many Requests. Rate limited. Try after a while.
RBZJEWEL.NS,,,,,,,,,,,,,,failed,Too Many Requests. Rate limited. Try after a while.
REDINGTON.NS,,,,,,,,,,,,,,failed,Too Many Requests. Rate limited. Try after a while.
RECLTD.NS,,,,,,,,,,,,,,failed,Too Many Requests. Rate limited. Try after a while.
REDTAPE.NS,,,,,,,,,,,,,,failed,Too Many Requests. Rate limited. Try after a while.
REFEX.NS,,,,,,,,,,,,,,failed,Too Many Requests. Rate limited. Try after a while.
REGAAL.NS,,,,,,,,,,,,,,failed,Too Many Requests. Rate limited. Try after a while.
REGENCERAM.NS,,,,,,,,,,,,,,failed,Too Many Requests. Rate limited. Try after a while.
RELAXO.NS,,,,,,,,,,,,,,failed,Too Many Requests. Rate limited. Try after a while.
RELCHEMQ.NS,,,,,,,,,,,,,,failed,Too Many Requests. Rate limited. Try after a while.
RELIABLE.NS,,,,,,,,,,,,,,failed,Too Many Requests. Rate limited. Try after a while.
RELIANCE.NS,,,,,,,,,,,,,,failed,Too Many Requests. Rate limited. Try after a while.
RELIGARE.NS,,,,,,,,,,,,,,failed,Too Many Requests. Rate limited. Try after a while.
RELINFRA.NS,,,,,,,,,,,,,,failed,Too Many Requests. Rate limited. Try after a while.
RELTD.NS,,,,,,,,,,,,,,failed,Too Many Requests. Rate limited. Try after a while.
REMSONSIND.NS,,,,,,,,,,,,,,failed,Too Many Requests. Rate limited. Try after a while.
RENUKA.NS,,,,,,,,,,,,,,failed,Too Many Requests. Rate limited. Try after a while.
REPCOHOME.NS,,,,,,,,,,,,,,failed,Too Many Requests. Rate limited. Try after a while.
REPL.NS,,,,,,,,,,,,,,failed,Too Many Requests. Rate limited. Try after a while.
REPRO.NS,,,,,,,,,,,,,,failed,Too Many Requests. Rate limited. Try after a while.
RESPONIND.NS,,,,,,,,,,,,,,failed,Too Many Requests. Rate limited. Try after a while.
RETAIL.NS,,,,,,,,,,,,,,failed,Too Many Requests. Rate limited. Try after a while.
RGL.NS,,,,,,,,,,,,,,failed,Too Many Requests. Rate limited. Try after a while.
RHETAN.NS,,,,,,,,,,,,,,failed,Too Many Requests. Rate limited. Try after a while.
RHFL.NS,,,,,,,,,,,,,,failed,Too Many Requests. Rate limited. Try after a while.
RHIM.NS,,,,,,,,,,,,,,failed,Too Many Requests. Rate limited. Try after a while.
RICOAUTO.NS,,,,,,,,,,,,,,failed,Too Many Requests. Rate limited. Try after a while.
RHL.NS,,,,,,,,,,,,,,failed,Too Many Requests. Rate limited. Try after a while.
RIIL.NS,,,,,,,,,,,,,,failed,Too Many Requests. Rate limited. Try after a while.
RISHABH.NS,,,,,,,,,,,,,,failed,Too Many Requests. Rate limited. Try after a while.
RIR.NS,,,,,,,,,,,,,,failed,Too Many Requests. Rate limited. Try after a while.
RITCO.NS,,,,,,,,,,,,,,failed,Too Many Requests. Rate limited. Try after a while.
RITES.NS,,,,,,,,,,,,,,failed,Too Many Requests. Rate limited. Try after a while.
RKDL.NS,,,,,,,,,,,,,,failed,Too Many Requests. Rate limited. Try after a while.
RKFORGE.NS,,,,,,,,,,,,,,failed,Too Many Requests. Rate limited. Try after a while.
RKEC.NS,,,,,,,,,,,,,,failed,Too Many Requests. Rate limited. Try after a while.
RKSWAMY.NS,,,,,,,,,,,,,,failed,Too Many Requests. Rate limited. Try after a while.
RMC.NS,,,,,,,,,,,,,,failed,Too Many Requests. Rate limited. Try after a while.
RMDRIP.NS,,,,,,,,,,,,,,failed,Too Many Requests. Rate limited. Try after a while.
RML.NS,,,,,,,,,,,,,,failed,Too Many Requests. Rate limited. Try after a while.
RNBDENIMS.NS,,,,,,,,,,,,,,failed,Too Many Requests. Rate limited. Try after a while.
ROHLTD.NS,,,,,,,,,,,,,,failed,Too Many Requests. Rate limited. Try after a while.
ROLEXRINGS.NS,,,,,,,,,,,,,,failed,Too Many Requests. Rate limited. Try after a while.
ROLLT.NS,,,,,,,,,,,,,,failed,Too Many Requests. Rate limited. Try after a while.
ROML.NS,,,,,,,,,,,,,,failed,Too Many Requests. Rate limited. Try after a while.
ROSSTECH.NS,,,,,,,,,,,,,,failed,Too Many Requests. Rate limited. Try after a while.
ROSSARI.NS,,,,,,,,,,,,,,failed,Too Many Requests. Rate limited. Try after a while.
ROSSELLIND.NS,,,,,,,,,,,,,,failed,Too Many Requests. Rate limited. Try after a while.
ROTO.NS,,,,,,,,,,,,,,failed,Too Many Requests. Rate limited. Try after a while.
ROUTE.NS,,,,,,,,,,,,,,failed,Too Many Requests. Rate limited. Try after a while.
RPEL.NS,,,,,,,,,,,,,,failed,Too Many Requests. Rate limited. Try after a while.
RPGLIFE.NS,,,,,,,,,,,,,,failed,Too Many Requests. Rate limited. Try after a while.
RPOWER.NS,,,,,,,,,,,,,,failed,Too Many Requests. Rate limited. Try after a while.
RPSGVENT.NS,,,,,,,,,,,,,,failed,Too Many Requests. Rate limited. Try after a while.
RPPINFRA.NS,,,,,,,,,,,,,,failed,Too Many Requests. Rate limited. Try after a while.
RPPL.NS,,,,,,,,,,,,,,failed,Too Many Requests. Rate limited. Try after a while.
RRIL.NS,,,,,,,,,,,,,,failed,Too Many Requests. Rate limited. Try after a while.
RPTECH.NS,,,,,,,,,,,,,,failed,Too Many Requests. Rate limited. Try after a while.
RRKABEL.NS,,,,,,,,,,,,,,failed,Too Many Requests. Rate limited. Try after a while.
RSDFIN.NS,,,,,,,,,,,,,,failed,Too Many Requests. Rate limited. Try after a while.
RSL.NS,,,,,,,,,,,,,,failed,Too Many Requests. Rate limited. Try after a while.
RSSOFTWARE.NS,,,,,,,,,,,,,,failed,Too Many Requests. Rate limited. Try after a while.
RSWM.NS,,,,,,,,,,,,,,failed,Too Many Requests. Rate limited. Try after a while.
RSYSTEMS.NS,,,,,,,,,,,,,,failed,Too Many Requests. Rate limited. Try after a while.
RTNPOWER.NS,,,,,,,,,,,,,,failed,Too Many Requests. Rate limited. Try after a while.
RTNINDIA.NS,,,,,,,,,,,,,,failed,Too Many Requests. Rate limited. Try after a while.
RUBFILA.NS,,,,,,,,,,,,,,failed,Too Many Requests. Rate limited. Try after a while.
RUBICON.NS,,,,,,,,,,,,,,failed,Too Many Requests. Rate limited. Try after a while.
RUBYMILLS.NS,,,,,,,,,,,,,,failed,Too Many Requests. Rate limited. Try after a while.
RUCHIRA.NS,,,,,,,,,,,,,,failed,Too Many Requests. Rate limited. Try after a while.
RUCHINFRA.NS,,,,,,,,,,,,,,failed,Too Many Requests. Rate limited. Try after a while.
RUDRA.NS,,,,,,,,,,,,,,failed,Too Many Requests. Rate limited. Try after a while.
RUSHIL.NS,,,,,,,,,,,,,,failed,Too Many Requests. Rate limited. Try after a while.
RUPA.NS,,,,,,,,,,,,,,failed,Too Many Requests. Rate limited. Try after a while.
RUSTOMJEE.NS,,,,,,,,,,,,,,failed,Too Many Requests. Rate limited. Try after a while.
RVHL.NS,,,,,,,,,,,,,,failed,Too Many Requests. Rate limited. Try after a while.
RVNL.NS,,,,,,,,,,,,,,failed,Too Many Requests. Rate limited. Try after a while.
RVTH.NS,,,,,,,,,,,,,,failed,Too Many Requests. Rate limited. Try after a while.
SAATVIKGL.NS,,,,,,,,,,,,,,failed,Too Many Requests. Rate limited. Try after a while.
S&SPOWER.NS,,,,,,,,,,,,,,failed,Too Many Requests. Rate limited. Try after a while.
SADBHAV.NS,,,,,,,,,,,,,,failed,Too Many Requests. Rate limited. Try after a while.
SABEVENTS.NS,,,,,,,,,,,,,,failed,Too Many Requests. Rate limited. Try after a while.
SADBHIN.NS,,,,,,,,,,,,,,failed,Too Many Requests. Rate limited. Try after a while.
SADHNANIQ.NS,,,,,,,,,,,,,,failed,Too Many Requests. Rate limited. Try after a while.
SAFARI.NS,,,,,,,,,,,,,,failed,Too Many Requests. Rate limited. Try after a while.
SAGARDEEP.NS,,,,,,,,,,,,,,failed,Too Many Requests. Rate limited. Try after a while.
SAHLIBHFI.NS,,,,,,,,,,,,,,failed,Too Many Requests. Rate limited. Try after a while.
SAGILITY.NS,,,,,,,,,,,,,,failed,Too Many Requests. Rate limited. Try after a while.
SAGCEM.NS,,,,,,,,,,,,,,failed,Too Many Requests. Rate limited. Try after a while.
SAHYADRI.NS,,,,,,,,,,,,,,failed,Too Many Requests. Rate limited. Try after a while.
SAIL.NS,,,,,,,,,,,,,,failed,Too Many Requests. Rate limited. Try after a while.
SAILIFE.NS,,,,,,,,,,,,,,failed,Too Many Requests. Rate limited. Try after a while.
SAIPARENT.NS,,,,,,,,,,,,,,failed,Too Many Requests. Rate limited. Try after a while.
SAKAR.NS,,,,,,,,,,,,,,failed,Too Many Requests. Rate limited. Try after a while.
SAKHTISUG.NS,,,,,,,,,,,,,,failed,Too Many Requests. Rate limited. Try after a while.
SAKUMA.NS,,,,,,,,,,,,,,failed,Too Many Requests. Rate limited. Try after a while.
SAKSOFT.NS,,,,,,,,,,,,,,failed,Too Many Requests. Rate limited. Try after a while.
SALASAR.NS,,,,,,,,,,,,,,failed,Too Many Requests. Rate limited. Try after a while.
SALONA.NS,,,,,,,,,,,,,,failed,Too Many Requests. Rate limited. Try after a while.
SALSTEEL.NS,,,,,,,,,,,,,,failed,Too Many Requests. Rate limited. Try after a while.
SALZERELEC.NS,,,,,,,,,,,,,,failed,Too Many Requests. Rate limited. Try after a while.
SAMBHAAV.NS,,,,,,,,,,,,,,failed,Too Many Requests. Rate limited. Try after a while.
SAMBHV.NS,,,,,,,,,,,,,,failed,Too Many Requests. Rate limited. Try after a while.
SAMMAANCAP.NS,,,,,,,,,,,,,,failed,Too Many Requests. Rate limited. Try after a while.
SAMHI.NS,,,,,,,,,,,,,,failed,Too Many Requests. Rate limited. Try after a while.
SAMPANN.NS,,,,,,,,,,,,,,failed,Too Many Requests. Rate limited. Try after a while.
SANATHAN.NS,,,,,,,,,,,,,,failed,Too Many Requests. Rate limited. Try after a while.
SANDESH.NS,,,,,,,,,,,,,,failed,Too Many Requests. Rate limited. Try after a while.
SANGAMIND.NS,,,,,,,,,,,,,,failed,Too Many Requests. Rate limited. Try after a while.
SANDHAR.NS,,,,,,,,,,,,,,failed,Too Many Requests. Rate limited. Try after a while.
SANDUMA.NS,,,,,,,,,,,,,,failed,Too Many Requests. Rate limited. Try after a while.
SANGINITA.NS,,,,,,,,,,,,,,failed,Too Many Requests. Rate limited. Try after a while.
SANGHVIMOV.NS,,,,,,,,,,,,,,failed,Too Many Requests. Rate limited. Try after a while.
SANOFICONR.NS,,,,,,,,,,,,,,failed,Too Many Requests. Rate limited. Try after a while.
SANOFI.NS,,,,,,,,,,,,,,failed,Too Many Requests. Rate limited. Try after a while.
SANSERA.NS,,,,,,,,,,,,,,failed,Too Many Requests. Rate limited. Try after a while.
SANSTAR.NS,,,,,,,,,,,,,,failed,Too Many Requests. Rate limited. Try after a while.
SAPPHIRE.NS,,,,,,,,,,,,,,failed,Too Many Requests. Rate limited. Try after a while.
SANWARIA.NS,,,,,,,,,,,,,,failed,Too Many Requests. Rate limited. Try after a while.
SARDAEN.NS,,,,,,,,,,,,,,failed,Too Many Requests. Rate limited. Try after a while.
SAPPL.NS,,,,,,,,,,,,,,failed,Too Many Requests. Rate limited. Try after a while.
SAREGAMA.NS,,,,,,,,,,,,,,failed,Too Many Requests. Rate limited. Try after a while.
SARLAPOLY.NS,,,,,,,,,,,,,,failed,Too Many Requests. Rate limited. Try after a while.
SARVESHWAR.NS,,,,,,,,,,,,,,failed,Too Many Requests. Rate limited. Try after a while.
SATIN.NS,,,,,,,,,,,,,,failed,Too Many Requests. Rate limited. Try after a while.
SATIA.NS,,,,,,,,,,,,,,failed,Too Many Requests. Rate limited. Try after a while.
SASKEN.NS,,,,,,,,,,,,,,failed,Too Many Requests. Rate limited. Try after a while.
SAYAJIHOTL.NS,,,,,,,,,,,,,,failed,Too Many Requests. Rate limited. Try after a while.
SAURASHCEM.NS,,,,,,,,,,,,,,failed,Too Many Requests. Rate limited. Try after a while.
SBICARD.NS,,,,,,,,,,,,,,failed,Too Many Requests. Rate limited. Try after a while.
SBC.NS,,,,,,,,,,,,,,failed,Too Many Requests. Rate limited. Try after a while.
SBCL.NS,,,,,,,,,,,,,,failed,Too Many Requests. Rate limited. Try after a while.
SBFC.NS,,,,,,,,,,,,,,failed,Too Many Requests. Rate limited. Try after a while.
SBGLP.NS,,,,,,,,,,,,,,failed,Too Many Requests. Rate limited. Try after a while.
SBIFUNDS.NS,,,,,,,,,,,,,,failed,Too Many Requests. Rate limited. Try after a while.
SBIN.NS,,,,,,,,,,,,,,failed,Too Many Requests. Rate limited. Try after a while.
SBILIFE.NS,,,,,,,,,,,,,,failed,Too Many Requests. Rate limited. Try after a while.
SCHAEFFLER.NS,,,,,,,,,,,,,,failed,Too Many Requests. Rate limited. Try after a while.
SCANSTL.NS,,,,,,,,,,,,,,failed,Too Many Requests. Rate limited. Try after a while.
SCHAND.NS,,,,,,,,,,,,,,failed,Too Many Requests. Rate limited. Try after a while.
SCHNEIDER.NS,,,,,,,,,,,,,,failed,Too Many Requests. Rate limited. Try after a while.
SCI.NS,,,,,,,,,,,,,,failed,Too Many Requests. Rate limited. Try after a while.
SCILAL.NS,,,,,,,,,,,,,,failed,Too Many Requests. Rate limited. Try after a while.
SCODATUBES.NS,,,,,,,,,,,,,,failed,Too Many Requests. Rate limited. Try after a while.
SCPL.NS,,,,,,,,,,,,,,failed,Too Many Requests. Rate limited. Try after a while.
SDBL.NS,,,,,,,,,,,,,,failed,Too Many Requests. Rate limited. Try after a while.
SEAMECLTD.NS,,,,,,,,,,,,,,failed,Too Many Requests. Rate limited. Try after a while.
SECMARK.NS,,,,,,,,,,,,,,failed,Too Many Requests. Rate limited. Try after a while.
SECURKLOUD.NS,,,,,,,,,,,,,,failed,Too Many Requests. Rate limited. Try after a while.
SEDEMAC.NS,,,,,,,,,,,,,,failed,Too Many Requests. Rate limited. Try after a while.
SEIL.NS,,,,,,,,,,,,,,failed,Too Many Requests. Rate limited. Try after a while.
SEJALLTD.NS,,,,,,,,,,,,,,failed,Too Many Requests. Rate limited. Try after a while.
SELMC.NS,,,,,,,,,,,,,,failed,Too Many Requests. Rate limited. Try after a while.
SEMAC.NS,,,,,,,,,,,,,,failed,Too Many Requests. Rate limited. Try after a while.
SENCO.NS,,,,,,,,,,,,,,failed,Too Many Requests. Rate limited. Try after a while.
SENORES.NS,,,,,,,,,,,,,,failed,Too Many Requests. Rate limited. Try after a while.
SEPC.NS,,,,,,,,,,,,,,failed,Too Many Requests. Rate limited. Try after a while.
SETCO.NS,,,,,,,,,,,,,,failed,Too Many Requests. Rate limited. Try after a while.
SERVOTECH.NS,,,,,,,,,,,,,,failed,Too Many Requests. Rate limited. Try after a while.
SESHAPAPER.NS,,,,,,,,,,,,,,failed,Too Many Requests. Rate limited. Try after a while.
SGFIN.NS,,,,,,,,,,,,,,failed,Too Many Requests. Rate limited. Try after a while.
SETL.NS,,,,,,,,,,,,,,failed,Too Many Requests. Rate limited. Try after a while.
SEYAIND.NS,,,,,,,,,,,,,,failed,Too Many Requests. Rate limited. Try after a while.
SFL.NS,,,,,,,,,,,,,,failed,Too Many Requests. Rate limited. Try after a while.
SETUINFRA.NS,,,,,,,,,,,,,,failed,Too Many Requests. Rate limited. Try after a while.
SGIL.NS,,,,,,,,,,,,,,failed,Too Many Requests. Rate limited. Try after a while.
SGL.NS,,,,,,,,,,,,,,failed,Too Many Requests. Rate limited. Try after a while.
SHADOWFAX.NS,,,,,,,,,,,,,,failed,Too Many Requests. Rate limited. Try after a while.
SGMART.NS,,,,,,,,,,,,,,failed,Too Many Requests. Rate limited. Try after a while.
SHAHALLOYS.NS,,,,,,,,,,,,,,failed,Too Many Requests. Rate limited. Try after a while.
SHAH.NS,,,,,,,,,,,,,,failed,Too Many Requests. Rate limited. Try after a while.
SHAKTIPUMP.NS,,,,,,,,,,,,,,failed,Too Many Requests. Rate limited. Try after a while.
SHALBY.NS,,,,,,,,,,,,,,failed,Too Many Requests. Rate limited. Try after a while.
SHAILY.NS,,,,,,,,,,,,,,failed,Too Many Requests. Rate limited. Try after a while.
SHALPAINTS.NS,,,,,,,,,,,,,,failed,Too Many Requests. Rate limited. Try after a while.
SHANKARA.NS,,,,,,,,,,,,,,failed,Too Many Requests. Rate limited. Try after a while.
SHANTI.NS,,,,,,,,,,,,,,failed,Too Many Requests. Rate limited. Try after a while.
SHANTIGEAR.NS,,,,,,,,,,,,,,failed,Too Many Requests. Rate limited. Try after a while.
SHANTIGOLD.NS,,,,,,,,,,,,,,failed,Too Many Requests. Rate limited. Try after a while.
SHARDUL.NS,,,,,,,,,,,,,,failed,Too Many Requests. Rate limited. Try after a while.
SHARDACROP.NS,,,,,,,,,,,,,,failed,Too Many Requests. Rate limited. Try after a while.
SHARDAMOTR.NS,,,,,,,,,,,,,,failed,Too Many Requests. Rate limited. Try after a while.
SHAREINDIA.NS,,,,,,,,,,,,,,failed,Too Many Requests. Rate limited. Try after a while.
SHEKHAWATI.NS,,,,,,,,,,,,,,failed,Too Many Requests. Rate limited. Try after a while.
SHBAJRG.NS,,,,,,,,,,,,,,failed,Too Many Requests. Rate limited. Try after a while.
SHEMAROO.NS,,,,,,,,,,,,,,failed,Too Many Requests. Rate limited. Try after a while.
SHILCTECH.NS,,,,,,,,,,,,,,failed,Too Many Requests. Rate limited. Try after a while.
SHILPAMED.NS,,,,,,,,,,,,,,failed,Too Many Requests. Rate limited. Try after a while.
SHINDL.NS,,,,,,,,,,,,,,failed,Too Many Requests. Rate limited. Try after a while.
SHIVALIK.NS,,,,,,,,,,,,,,failed,Too Many Requests. Rate limited. Try after a while.
SHIVAMAUTO.NS,,,,,,,,,,,,,,failed,Too Many Requests. Rate limited. Try after a while.
SHIVAMILLS.NS,,,,,,,,,,,,,,failed,Too Many Requests. Rate limited. Try after a while.
SHIVATEX.NS,,,,,,,,,,,,,,failed,Too Many Requests. Rate limited. Try after a while.
SHIVAUM.NS,,,,,,,,,,,,,,failed,Too Many Requests. Rate limited. Try after a while.
SHOPERSTOP.NS,,,,,,,,,,,,,,failed,Too Many Requests. Rate limited. Try after a while.
SHK.NS,,,,,,,,,,,,,,failed,Too Many Requests. Rate limited. Try after a while.
SHRADHA.NS,,,,,,,,,,,,,,failed,Too Many Requests. Rate limited. Try after a while.
SHREDIGCEM.NS,,,,,,,,,,,,,,failed,Too Many Requests. Rate limited. Try after a while.
SHREECEM.NS,,,,,,,,,,,,,,failed,Too Many Requests. Rate limited. Try after a while.
SHREEJISPG.NS,,,,,,,,,,,,,,failed,Too Many Requests. Rate limited. Try after a while.
SHREEPUSHK.NS,,,,,,,,,,,,,,failed,Too Many Requests. Rate limited. Try after a while.
SHREERAMA.NS,,,,,,,,,,,,,,failed,Too Many Requests. Rate limited. Try after a while.
SHRENIK.NS,,,,,,,,,,,,,,failed,Too Many Requests. Rate limited. Try after a while.
SHREYANIND.NS,,,,,,,,,,,,,,failed,Too Many Requests. Rate limited. Try after a while.
SHRINGARMS.NS,,,,,,,,,,,,,,failed,Too Many Requests. Rate limited. Try after a while.
SHRIKRISH.NS,,,,,,,,,,,,,,failed,Too Many Requests. Rate limited. Try after a while.
SHRIPISTON.NS,,,,,,,,,,,,,,failed,Too Many Requests. Rate limited. Try after a while.
SHRIRAMPPS.NS,,,,,,,,,,,,,,failed,Too Many Requests. Rate limited. Try after a while.
SHRIRAMFIN.NS,,,,,,,,,,,,,,failed,Too Many Requests. Rate limited. Try after a while.
SHYAMCENT.NS,,,,,,,,,,,,,,failed,Too Many Requests. Rate limited. Try after a while.
SHYAMMETL.NS,,,,,,,,,,,,,,failed,Too Many Requests. Rate limited. Try after a while.
SHYAMTEL.NS,,,,,,,,,,,,,,failed,Too Many Requests. Rate limited. Try after a while.
SIEMENS.NS,,,,,,,,,,,,,,failed,Too Many Requests. Rate limited. Try after a while.
SICALLOG.NS,,,,,,,,,,,,,,failed,Too Many Requests. Rate limited. Try after a while.
SICAGEN.NS,,,,,,,,,,,,,,failed,Too Many Requests. Rate limited. Try after a while.
SIGIND.NS,,,,,,,,,,,,,,failed,Too Many Requests. Rate limited. Try after a while.
SIGACHI.NS,,,,,,,,,,,,,,failed,Too Many Requests. Rate limited. Try after a while.
SIGMA.NS,,,,,,,,,,,,,,failed,Too Many Requests. Rate limited. Try after a while.
SIL.NS,,,,,,,,,,,,,,failed,Too Many Requests. Rate limited. Try after a while.
SIGNATURE.NS,,,,,,,,,,,,,,failed,Too Many Requests. Rate limited. Try after a while.
SIGMAADV.NS,,,,,,,,,,,,,,failed,Too Many Requests. Rate limited. Try after a while.
SIGNPOST.NS,,,,,,,,,,,,,,failed,Too Many Requests. Rate limited. Try after a while.
SIKA.NS,,,,,,,,,,,,,,failed,Too Many Requests. Rate limited. Try after a while.
SIKKO.NS,,,,,,,,,,,,,,failed,Too Many Requests. Rate limited. Try after a while.
SILGO.NS,,,,,,,,,,,,,,failed,Too Many Requests. Rate limited. Try after a while.
SIMPLEXINF.NS,,,,,,,,,,,,,,failed,Too Many Requests. Rate limited. Try after a while.
SILLYMONKS.NS,,,,,,,,,,,,,,failed,Too Many Requests. Rate limited. Try after a while.
SILINV.NS,,,,,,,,,,,,,,failed,Too Many Requests. Rate limited. Try after a while.
SIMBHALS.NS,,,,,,,,,,,,,,failed,Too Many Requests. Rate limited. Try after a while.
SILVERTUC.NS,,,,,,,,,,,,,,failed,Too Many Requests. Rate limited. Try after a while.
SINDHUTRAD.NS,,,,,,,,,,,,,,failed,Too Many Requests. Rate limited. Try after a while.
SINCLAIR.NS,,,,,,,,,,,,,,failed,Too Many Requests. Rate limited. Try after a while.
SINGERIND.NS,,,,,,,,,,,,,,failed,Too Many Requests. Rate limited. Try after a while.
SINTERCOM.NS,,,,,,,,,,,,,,failed,Too Many Requests. Rate limited. Try after a while.
SIRCA.NS,,,,,,,,,,,,,,failed,Too Many Requests. Rate limited. Try after a while.
SIS.NS,,,,,,,,,,,,,,failed,Too Many Requests. Rate limited. Try after a while.
SITINET.NS,,,,,,,,,,,,,,failed,Too Many Requests. Rate limited. Try after a while.
SIYSIL.NS,,,,,,,,,,,,,,failed,Too Many Requests. Rate limited. Try after a while.
SJVN.NS,,,,,,,,,,,,,,failed,Too Many Requests. Rate limited. Try after a while.
SJS.NS,,,,,,,,,,,,,,failed,Too Many Requests. Rate limited. Try after a while.
SKFINDIA.NS,,,,,,,,,,,,,,failed,Too Many Requests. Rate limited. Try after a while.
SKFINDUS.NS,,,,,,,,,,,,,,failed,Too Many Requests. Rate limited. Try after a while.
SKMEGGPROD.NS,,,,,,,,,,,,,,failed,Too Many Requests. Rate limited. Try after a while.
SKIPPER.NS,,,,,,,,,,,,,,failed,Too Many Requests. Rate limited. Try after a while.
SKYGOLD.NS,,,,,,,,,,,,,,failed,Too Many Requests. Rate limited. Try after a while.
SMARTLINK.NS,,,,,,,,,,,,,,failed,Too Many Requests. Rate limited. Try after a while.
SMARTWORKS.NS,,,,,,,,,,,,,,failed,Too Many Requests. Rate limited. Try after a while.
SMCGLOBAL.NS,,,,,,,,,,,,,,failed,Too Many Requests. Rate limited. Try after a while.
SMLMAH.NS,,,,,,,,,,,,,,failed,Too Many Requests. Rate limited. Try after a while.
SMLT.NS,,,,,,,,,,,,,,failed,Too Many Requests. Rate limited. Try after a while.
SOBHA.NS,,,,,,,,,,,,,,failed,Too Many Requests. Rate limited. Try after a while.
SMSPHARMA.NS,,,,,,,,,,,,,,failed,Too Many Requests. Rate limited. Try after a while.
SNOWMAN.NS,,,,,,,,,,,,,,failed,Too Many Requests. Rate limited. Try after a while.
SOFTTECH.NS,,,,,,,,,,,,,,failed,Too Many Requests. Rate limited. Try after a while.
SOLARA.NS,,,,,,,,,,,,,,failed,Too Many Requests. Rate limited. Try after a while.
SOLARINDS.NS,,,,,,,,,,,,,,failed,Too Many Requests. Rate limited. Try after a while.
SOLARWORLD.NS,,,,,,,,,,,,,,failed,Too Many Requests. Rate limited. Try after a while.
SOLEX.NS,,,,,,,,,,,,,,failed,Too Many Requests. Rate limited. Try after a while.
SOMATEX.NS,,,,,,,,,,,,,,failed,Too Many Requests. Rate limited. Try after a while.
SOMICONVEY.NS,,,,,,,,,,,,,,failed,Too Many Requests. Rate limited. Try after a while.
SOMANYCERA.NS,,,,,,,,,,,,,,failed,Too Many Requests. Rate limited. Try after a while.
SONACOMS.NS,,,,,,,,,,,,,,failed,Too Many Requests. Rate limited. Try after a while.
SONAL.NS,,,,,,,,,,,,,,failed,Too Many Requests. Rate limited. Try after a while.
SONAMLTD.NS,,,,,,,,,,,,,,failed,Too Many Requests. Rate limited. Try after a while.
SONATSOFTW.NS,,,,,,,,,,,,,,failed,Too Many Requests. Rate limited. Try after a while.
SOTL.NS,,,,,,,,,,,,,,failed,Too Many Requests. Rate limited. Try after a while.
SOUTHWEST.NS,,,,,,,,,,,,,,failed,Too Many Requests. Rate limited. Try after a while.
SOUTHBANK.NS,,,,,,,,,,,,,,failed,Too Many Requests. Rate limited. Try after a while.
SPAL.NS,,,,,,,,,,,,,,failed,Too Many Requests. Rate limited. Try after a while.
SPANDANA.NS,,,,,,,,,,,,,,failed,Too Many Requests. Rate limited. Try after a while.
SPARC.NS,,,,,,,,,,,,,,failed,Too Many Requests. Rate limited. Try after a while.
SPCENET.NS,,,,,,,,,,,,,,failed,Too Many Requests. Rate limited. Try after a while.
SPECIALITY.NS,,,,,,,,,,,,,,failed,Too Many Requests. Rate limited. Try after a while.
SPECTRUM.NS,,,,,,,,,,,,,,failed,Too Many Requests. Rate limited. Try after a while.
SPLIL.NS,,,,,,,,,,,,,,failed,Too Many Requests. Rate limited. Try after a while.
SPIC.NS,,,,,,,,,,,,,,failed,Too Many Requests. Rate limited. Try after a while.
SPENCERS.NS,,,,,,,,,,,,,,failed,Too Many Requests. Rate limited. Try after a while.
SRD.NS,,,,,,,,,,,,,,failed,Too Many Requests. Rate limited. Try after a while.
SPLPETRO.NS,,,,,,,,,,,,,,failed,Too Many Requests. Rate limited. Try after a while.
SPMLINFRA.NS,,,,,,,,,,,,,,failed,Too Many Requests. Rate limited. Try after a while.
SPORTKING.NS,,,,,,,,,,,,,,failed,Too Many Requests. Rate limited. Try after a while.
SREEL.NS,,,,,,,,,,,,,,failed,Too Many Requests. Rate limited. Try after a while.
SRF.NS,,,,,,,,,,,,,,failed,Too Many Requests. Rate limited. Try after a while.
SRGHFL.NS,,,,,,,,,,,,,,failed,Too Many Requests. Rate limited. Try after a while.
SRHHYPOLTD.NS,,,,,,,,,,,,,,failed,Too Many Requests. Rate limited. Try after a while.
SRM.NS,,,,,,,,,,,,,,failed,Too Many Requests. Rate limited. Try after a while.
SRTL.NS,,,,,,,,,,,,,,failed,Too Many Requests. Rate limited. Try after a while.
SSDL.NS,,,,,,,,,,,,,,failed,Too Many Requests. Rate limited. Try after a while.
SSWL.NS,,,,,,,,,,,,,,failed,Too Many Requests. Rate limited. Try after a while.
STALLION.NS,,,,,,,,,,,,,,failed,Too Many Requests. Rate limited. Try after a while.
STANLEY.NS,,,,,,,,,,,,,,failed,Too Many Requests. Rate limited. Try after a while.
STAR.NS,,,,,,,,,,,,,,failed,Too Many Requests. Rate limited. Try after a while.
STARCEMENT.NS,,,,,,,,,,,,,,failed,Too Many Requests. Rate limited. Try after a while.
STARHEALTH.NS,,,,,,,,,,,,,,failed,Too Many Requests. Rate limited. Try after a while.
STARPAPER.NS,,,,,,,,,,,,,,failed,Too Many Requests. Rate limited. Try after a while.
STARTECK.NS,,,,,,,,,,,,,,failed,Too Many Requests. Rate limited. Try after a while.
STEELCAS.NS,,,,,,,,,,,,,,failed,Too Many Requests. Rate limited. Try after a while.
STEELXIND.NS,,,,,,,,,,,,,,failed,Too Many Requests. Rate limited. Try after a while.
STEELCITY.NS,,,,,,,,,,,,,,failed,Too Many Requests. Rate limited. Try after a while.
STCINDIA.NS,,,,,,,,,,,,,,failed,Too Many Requests. Rate limited. Try after a while.
STEL.NS,,,,,,,,,,,,,,failed,Too Many Requests. Rate limited. Try after a while.
STERTOOLS.NS,,,,,,,,,,,,,,failed,Too Many Requests. Rate limited. Try after a while.
STLNETWORK.NS,,,,,,,,,,,,,,failed,Too Many Requests. Rate limited. Try after a while.
STLTECH.NS,,,,,,,,,,,,,,failed,Too Many Requests. Rate limited. Try after a while.
STOVEKRAFT.NS,,,,,,,,,,,,,,failed,Too Many Requests. Rate limited. Try after a while.
STYL.NS,,,,,,,,,,,,,,failed,Too Many Requests. Rate limited. Try after a while.
STUDDS.NS,,,,,,,,,,,,,,failed,Too Many Requests. Rate limited. Try after a while.
STYLEBAAZA.NS,,,,,,,,,,,,,,failed,Too Many Requests. Rate limited. Try after a while.
STYLAMIND.NS,,,,,,,,,,,,,,failed,Too Many Requests. Rate limited. Try after a while.
STYRENIX.NS,,,,,,,,,,,,,,failed,Too Many Requests. Rate limited. Try after a while.
SUBEXLTD.NS,,,,,,,,,,,,,,failed,Too Many Requests. Rate limited. Try after a while.
SUBROS.NS,,,,,,,,,,,,,,failed,Too Many Requests. Rate limited. Try after a while.
SUDARCOLOR.NS,,,,,,,,,,,,,,failed,Too Many Requests. Rate limited. Try after a while.
SUDEEPPHRM.NS,,,,,,,,,,,,,,failed,Too Many Requests. Rate limited. Try after a while.
SUDARSCHEM.NS,,,,,,,,,,,,,,failed,Too Many Requests. Rate limited. Try after a while.
SUMEETINDS.NS,,,,,,,,,,,,,,failed,Too Many Requests. Rate limited. Try after a while.
SULA.NS,,,,,,,,,,,,,,failed,Too Many Requests. Rate limited. Try after a while.
SUKHJITS.NS,,,,,,,,,,,,,,failed,Too Many Requests. Rate limited. Try after a while.
SUMICHEM.NS,,,,,,,,,,,,,,failed,Too Many Requests. Rate limited. Try after a while.
SUMIT.NS,,,,,,,,,,,,,,failed,Too Many Requests. Rate limited. Try after a while.
SUMMITSEC.NS,,,,,,,,,,,,,,failed,Too Many Requests. Rate limited. Try after a while.
SUNCLAY.NS,,,,,,,,,,,,,,failed,Too Many Requests. Rate limited. Try after a while.
SUNDARAM.NS,,,,,,,,,,,,,,failed,Too Many Requests. Rate limited. Try after a while.
SUNDARMFIN.NS,,,,,,,,,,,,,,failed,Too Many Requests. Rate limited. Try after a while.
SUNDRMFAST.NS,,,,,,,,,,,,,,failed,Too Many Requests. Rate limited. Try after a while.
SUNDRMBRAK.NS,,,,,,,,,,,,,,failed,Too Many Requests. Rate limited. Try after a while.
SUNDROP.NS,,,,,,,,,,,,,,failed,Too Many Requests. Rate limited. Try after a while.
SUNFLAG.NS,,,,,,,,,,,,,,failed,Too Many Requests. Rate limited. Try after a while.
SUNPHARMA.NS,,,,,,,,,,,,,,failed,Too Many Requests. Rate limited. Try after a while.
SUNTV.NS,,,,,,,,,,,,,,failed,Too Many Requests. Rate limited. Try after a while.
SUNTECK.NS,,,,,,,,,,,,,,failed,Too Many Requests. Rate limited. Try after a while.
SUPRAJIT.NS,,,,,,,,,,,,,,failed,Too Many Requests. Rate limited. Try after a while.
SUPERSPIN.NS,,,,,,,,,,,,,,failed,Too Many Requests. Rate limited. Try after a while.
SUPERHOUSE.NS,,,,,,,,,,,,,,failed,Too Many Requests. Rate limited. Try after a while.
SUPREME.NS,,,,,,,,,,,,,,failed,Too Many Requests. Rate limited. Try after a while.
SUPREMEENG.NS,,,,,,,,,,,,,,failed,Too Many Requests. Rate limited. Try after a while.
SUPREMEIND.NS,,,,,,,,,,,,,,failed,Too Many Requests. Rate limited. Try after a while.
SUPRIYA.NS,,,,,,,,,,,,,,failed,Too Many Requests. Rate limited. Try after a while.
SUPREMEINF.NS,,,,,,,,,,,,,,failed,Too Many Requests. Rate limited. Try after a while.
SURAJLTD.NS,,,,,,,,,,,,,,failed,Too Many Requests. Rate limited. Try after a while.
SURAKSHA.NS,,,,,,,,,,,,,,failed,Too Many Requests. Rate limited. Try after a while.
SURAJEST.NS,,,,,,,,,,,,,,failed,Too Many Requests. Rate limited. Try after a while.
SURANASOL.NS,,,,,,,,,,,,,,failed,Too Many Requests. Rate limited. Try after a while.
SURYALA.NS,,,,,,,,,,,,,,failed,Too Many Requests. Rate limited. Try after a while.
SURANAT&P.NS,,,,,,,,,,,,,,failed,Too Many Requests. Rate limited. Try after a while.
SURYAROSNI.NS,,,,,,,,,,,,,,failed,Too Many Requests. Rate limited. Try after a while.
SURYALAXMI.NS,,,,,,,,,,,,,,failed,Too Many Requests. Rate limited. Try after a while.
SURYODAY.NS,,,,,,,,,,,,,,failed,Too Many Requests. Rate limited. Try after a while.
SUVEN.NS,,,,,,,,,,,,,,failed,Too Many Requests. Rate limited. Try after a while.
SUTLEJTEX.NS,,,,,,,,,,,,,,failed,Too Many Requests. Rate limited. Try after a while.
SVLL.NS,,,,,,,,,,,,,,failed,Too Many Requests. Rate limited. Try after a while.
SUVIDHAA.NS,,,,,,,,,,,,,,failed,Too Many Requests. Rate limited. Try after a while.
SUYOG.NS,,,,,,,,,,,,,,failed,Too Many Requests. Rate limited. Try after a while.
SUZLON.NS,,,,,,,,,,,,,,failed,Too Many Requests. Rate limited. Try after a while.
SVPGLOB.NS,,,,,,,,,,,,,,failed,Too Many Requests. Rate limited. Try after a while.
SWANCORP.NS,,,,,,,,,,,,,,failed,Too Many Requests. Rate limited. Try after a while.
SWARAJENG.NS,,,,,,,,,,,,,,failed,Too Many Requests. Rate limited. Try after a while.
SWANDEF.NS,,,,,,,,,,,,,,failed,Too Many Requests. Rate limited. Try after a while.
SWELECTES.NS,,,,,,,,,,,,,,failed,Too Many Requests. Rate limited. Try after a while.
SWSOLAR.NS,,,,,,,,,,,,,,failed,Too Many Requests. Rate limited. Try after a while.
SWIGGY.NS,,,,,,,,,,,,,,failed,Too Many Requests. Rate limited. Try after a while.
SYMPHONY.NS,,,,,,,,,,,,,,failed,Too Many Requests. Rate limited. Try after a while.
SYNCOMF.NS,,,,,,,,,,,,,,failed,Too Many Requests. Rate limited. Try after a while.
SYRMA.NS,,,,,,,,,,,,,,failed,Too Many Requests. Rate limited. Try after a while.
SYNGENE.NS,,,,,,,,,,,,,,failed,Too Many Requests. Rate limited. Try after a while.
SYSTMTXC.NS,,,,,,,,,,,,,,failed,Too Many Requests. Rate limited. Try after a while.
TAINWALCHM.NS,,,,,,,,,,,,,,failed,Too Many Requests. Rate limited. Try after a while.
TAJGVK.NS,,,,,,,,,,,,,,failed,Too Many Requests. Rate limited. Try after a while.
TAALTECH.NS,,,,,,,,,,,,,,failed,Too Many Requests. Rate limited. Try after a while.
TAKE.NS,,,,,,,,,,,,,,failed,Too Many Requests. Rate limited. Try after a while.
TANLA.NS,,,,,,,,,,,,,,failed,Too Many Requests. Rate limited. Try after a while.
TAMBOLIIN.NS,,,,,,,,,,,,,,failed,Too Many Requests. Rate limited. Try after a while.
TALBROAUTO.NS,,,,,,,,,,,,,,failed,Too Many Requests. Rate limited. Try after a while.
TARMAT.NS,,,,,,,,,,,,,,failed,Too Many Requests. Rate limited. Try after a while.
TARACHAND.NS,,,,,,,,,,,,,,failed,Too Many Requests. Rate limited. Try after a while.
TARAPUR.NS,,,,,,,,,,,,,,failed,Too Many Requests. Rate limited. Try after a while.
TARIL.NS,,,,,,,,,,,,,,failed,Too Many Requests. Rate limited. Try after a while.
TARC.NS,,,,,,,,,,,,,,failed,Too Many Requests. Rate limited. Try after a while.
TATACHEM.NS,,,,,,,,,,,,,,failed,Too Many Requests. Rate limited. Try after a while.
TASTYBITE.NS,,,,,,,,,,,,,,failed,Too Many Requests. Rate limited. Try after a while.
TARSONS.NS,,,,,,,,,,,,,,failed,Too Many Requests. Rate limited. Try after a while.
TATACAP.NS,,,,,,,,,,,,,,failed,Too Many Requests. Rate limited. Try after a while.
TATACONSUM.NS,,,,,,,,,,,,,,failed,Too Many Requests. Rate limited. Try after a while.
TATACOMM.NS,,,,,,,,,,,,,,failed,Too Many Requests. Rate limited. Try after a while.
TATAINVEST.NS,,,,,,,,,,,,,,failed,Too Many Requests. Rate limited. Try after a while.
TATAELXSI.NS,,,,,,,,,,,,,,failed,Too Many Requests. Rate limited. Try after a while.
TATAPOWER.NS,,,,,,,,,,,,,,failed,Too Many Requests. Rate limited. Try after a while.
TATVA.NS,,,,,,,,,,,,,,failed,Too Many Requests. Rate limited. Try after a while.
TATATECH.NS,,,,,,,,,,,,,,failed,Too Many Requests. Rate limited. Try after a while.
TBOTEK.NS,,,,,,,,,,,,,,failed,Too Many Requests. Rate limited. Try after a while.
TATASTEEL.NS,,,,,,,,,,,,,,failed,Too Many Requests. Rate limited. Try after a while.
TCC.NS,,,,,,,,,,,,,,failed,Too Many Requests. Rate limited. Try after a while.
TBZ.NS,,,,,,,,,,,,,,failed,Too Many Requests. Rate limited. Try after a while.
TCI.NS,,,,,,,,,,,,,,failed,Too Many Requests. Rate limited. Try after a while.
TCIEXP.NS,,,,,,,,,,,,,,failed,Too Many Requests. Rate limited. Try after a while.
TCPLPACK.NS,,,,,,,,,,,,,,failed,Too Many Requests. Rate limited. Try after a while.
TCS.NS,,,,,,,,,,,,,,failed,Too Many Requests. Rate limited. Try after a while.
TDPOWERSYS.NS,,,,,,,,,,,,,,failed,Too Many Requests. Rate limited. Try after a while.
TCIFINANCE.NS,,,,,,,,,,,,,,failed,Too Many Requests. Rate limited. Try after a while.
TECHM.NS,,,,,,,,,,,,,,failed,Too Many Requests. Rate limited. Try after a while.
TEAMGTY.NS,,,,,,,,,,,,,,failed,Too Many Requests. Rate limited. Try after a while.
TEAMLEASE.NS,,,,,,,,,,,,,,failed,Too Many Requests. Rate limited. Try after a while.
TECHNOE.NS,,,,,,,,,,,,,,failed,Too Many Requests. Rate limited. Try after a while.
TECILCHEM.NS,,,,,,,,,,,,,,failed,Too Many Requests. Rate limited. Try after a while.
TEJASNET.NS,,,,,,,,,,,,,,failed,Too Many Requests. Rate limited. Try after a while.
TECHNVISN.NS,,,,,,,,,,,,,,failed,Too Many Requests. Rate limited. Try after a while.
TEGA.NS,,,,,,,,,,,,,,failed,Too Many Requests. Rate limited. Try after a while.
TEMBO.NS,,,,,,,,,,,,,,failed,Too Many Requests. Rate limited. Try after a while.
TENNIND.NS,,,,,,,,,,,,,,failed,Too Many Requests. Rate limited. Try after a while.
TEXMOPIPES.NS,,,,,,,,,,,,,,failed,Too Many Requests. Rate limited. Try after a while.
TERASOFT.NS,,,,,,,,,,,,,,failed,Too Many Requests. Rate limited. Try after a while.
TEXINFRA.NS,,,,,,,,,,,,,,failed,Too Many Requests. Rate limited. Try after a while.
TGBHOTELS.NS,,,,,,,,,,,,,,failed,Too Many Requests. Rate limited. Try after a while.
TEXRAIL.NS,,,,,,,,,,,,,,failed,Too Many Requests. Rate limited. Try after a while.
TFCILTD.NS,,,,,,,,,,,,,,failed,Too Many Requests. Rate limited. Try after a while.
TFL.NS,,,,,,,,,,,,,,failed,Too Many Requests. Rate limited. Try after a while.
THACKER.NS,,,,,,,,,,,,,,failed,Too Many Requests. Rate limited. Try after a while.
THAKDEV.NS,,,,,,,,,,,,,,failed,Too Many Requests. Rate limited. Try after a while.
THEINVEST.NS,,,,,,,,,,,,,,failed,Too Many Requests. Rate limited. Try after a while.
THANGAMAYL.NS,,,,,,,,,,,,,,failed,Too Many Requests. Rate limited. Try after a while.
THEJO.NS,,,,,,,,,,,,,,failed,Too Many Requests. Rate limited. Try after a while.
THEMISMED.NS,,,,,,,,,,,,,,failed,Too Many Requests. Rate limited. Try after a while.
THERMAX.NS,,,,,,,,,,,,,,failed,Too Many Requests. Rate limited. Try after a while.
THELEELA.NS,,,,,,,,,,,,,,failed,Too Many Requests. Rate limited. Try after a while.
THOMASCOOK.NS,,,,,,,,,,,,,,failed,Too Many Requests. Rate limited. Try after a while.
THYROCARE.NS,,,,,,,,,,,,,,failed,Too Many Requests. Rate limited. Try after a while.
THOMASCOTT.NS,,,,,,,,,,,,,,failed,Too Many Requests. Rate limited. Try after a while.
TI.NS,,,,,,,,,,,,,,failed,Too Many Requests. Rate limited. Try after a while.
TICL.NS,,,,,,,,,,,,,,failed,Too Many Requests. Rate limited. Try after a while.
TIINDIA.NS,,,,,,,,,,,,,,failed,Too Many Requests. Rate limited. Try after a while.
TIIL.NS,,,,,,,,,,,,,,failed,Too Many Requests. Rate limited. Try after a while.
TIGERLOGS.NS,,,,,,,,,,,,,,failed,Too Many Requests. Rate limited. Try after a while.
TIJARIA.NS,,,,,,,,,,,,,,failed,Too Many Requests. Rate limited. Try after a while.
TIMETECHNO.NS,,,,,,,,,,,,,,failed,Too Many Requests. Rate limited. Try after a while.
TIL.NS,,,,,,,,,,,,,,failed,Too Many Requests. Rate limited. Try after a while.
TIMEX.NS,,,,,,,,,,,,,,failed,Too Many Requests. Rate limited. Try after a while.
TIMKEN.NS,,,,,,,,,,,,,,failed,Too Many Requests. Rate limited. Try after a while.
TIPSMUSIC.NS,,,,,,,,,,,,,,failed,Too Many Requests. Rate limited. Try after a while.
TINNARUBR.NS,,,,,,,,,,,,,,failed,Too Many Requests. Rate limited. Try after a while.
TIPSFILMS.NS,,,,,,,,,,,,,,failed,Too Many Requests. Rate limited. Try after a while.
TIRUMALCHM.NS,,,,,,,,,,,,,,failed,Too Many Requests. Rate limited. Try after a while.
TIRUPATIFL.NS,,,,,,,,,,,,,,failed,Too Many Requests. Rate limited. Try after a while.
TITAN.NS,,,,,,,,,,,,,,failed,Too Many Requests. Rate limited. Try after a while.
TITAGARH.NS,,,,,,,,,,,,,,failed,Too Many Requests. Rate limited. Try after a while.
TMB.NS,,,,,,,,,,,,,,failed,Too Many Requests. Rate limited. Try after a while.
TMPV.NS,,,,,,,,,,,,,,failed,Too Many Requests. Rate limited. Try after a while.
TMCV.NS,,,,,,,,,,,,,,failed,Too Many Requests. Rate limited. Try after a while.
TNPETRO.NS,,,,,,,,,,,,,,failed,Too Many Requests. Rate limited. Try after a while.
TNTELE.NS,,,,,,,,,,,,,,failed,Too Many Requests. Rate limited. Try after a while.
TNPL.NS,,,,,,,,,,,,,,failed,Too Many Requests. Rate limited. Try after a while.
TOLINS.NS,,,,,,,,,,,,,,failed,Too Many Requests. Rate limited. Try after a while.
TOKYOPLAST.NS,,,,,,,,,,,,,,failed,Too Many Requests. Rate limited. Try after a while.
TPHQ.NS,,,,,,,,,,,,,,failed,Too Many Requests. Rate limited. Try after a while.
TOUCHWOOD.NS,,,,,,,,,,,,,,failed,Too Many Requests. Rate limited. Try after a while.
TORNTPHARM.NS,,,,,,,,,,,,,,failed,Too Many Requests. Rate limited. Try after a while.
TOTAL.NS,,,,,,,,,,,,,,failed,Too Many Requests. Rate limited. Try after a while.
TORNTPOWER.NS,,,,,,,,,,,,,,failed,Too Many Requests. Rate limited. Try after a while.
TRANSRAILL.NS,,,,,,,,,,,,,,failed,Too Many Requests. Rate limited. Try after a while.
TPLPLASTEH.NS,,,,,,,,,,,,,,failed,Too Many Requests. Rate limited. Try after a while.
TRACXN.NS,,,,,,,,,,,,,,failed,Too Many Requests. Rate limited. Try after a while.
TRANSPEK.NS,,,,,,,,,,,,,,failed,Too Many Requests. Rate limited. Try after a while.
TRAVELFOOD.NS,,,,,,,,,,,,,,failed,Too Many Requests. Rate limited. Try after a while.
TRANSWORLD.NS,,,,,,,,,,,,,,failed,Too Many Requests. Rate limited. Try after a while.
TREJHARA.NS,,,,,,,,,,,,,,failed,Too Many Requests. Rate limited. Try after a while.
TREEHOUSE.NS,,,,,,,,,,,,,,failed,Too Many Requests. Rate limited. Try after a while.
TREL.NS,,,,,,,,,,,,,,failed,Too Many Requests. Rate limited. Try after a while.
TRENT.NS,,,,,,,,,,,,,,failed,Too Many Requests. Rate limited. Try after a while.
TRF.NS,,,,,,,,,,,,,,failed,Too Many Requests. Rate limited. Try after a while.
TRIDENT.NS,,,,,,,,,,,,,,failed,Too Many Requests. Rate limited. Try after a while.
TRUALT.NS,,,,,,,,,,,,,,failed,Too Many Requests. Rate limited. Try after a while.
TRITURBINE.NS,,,,,,,,,,,,,,failed,Too Many Requests. Rate limited. Try after a while.
TRIVENI.NS,,,,,,,,,,,,,,failed,Too Many Requests. Rate limited. Try after a while.
TRU.NS,,,,,,,,,,,,,,failed,Too Many Requests. Rate limited. Try after a while.
TRIGYN.NS,,,,,,,,,,,,,,failed,Too Many Requests. Rate limited. Try after a while.
TSFINV.NS,,,,,,,,,,,,,,failed,Too Many Requests. Rate limited. Try after a while.
TTKHLTCARE.NS,,,,,,,,,,,,,,failed,Too Many Requests. Rate limited. Try after a while.
TTKPRESTIG.NS,,,,,,,,,,,,,,failed,Too Many Requests. Rate limited. Try after a while.
TTL.NS,,,,,,,,,,,,,,failed,Too Many Requests. Rate limited. Try after a while.
TVSELECT.NS,,,,,,,,,,,,,,failed,Too Many Requests. Rate limited. Try after a while.
TURTLEMINT.NS,,,,,,,,,,,,,,failed,Too Many Requests. Rate limited. Try after a while.
TTML.NS,,,,,,,,,,,,,,failed,Too Many Requests. Rate limited. Try after a while.
TVSHLTD.NS,,,,,,,,,,,,,,failed,Too Many Requests. Rate limited. Try after a while.
TVSMOTOR.NS,,,,,,,,,,,,,,failed,Too Many Requests. Rate limited. Try after a while.
TVSSCS.NS,,,,,,,,,,,,,,failed,Too Many Requests. Rate limited. Try after a while.
TVSSRICHAK.NS,,,,,,,,,,,,,,failed,Too Many Requests. Rate limited. Try after a while.
TVTODAY.NS,,,,,,,,,,,,,,failed,Too Many Requests. Rate limited. Try after a while.
UCAL.NS,,,,,,,,,,,,,,failed,Too Many Requests. Rate limited. Try after a while.
UCOBANK.NS,,,,,,,,,,,,,,failed,Too Many Requests. Rate limited. Try after a while.
UBL.NS,,,,,,,,,,,,,,failed,Too Many Requests. Rate limited. Try after a while.
TVVISION.NS,,,,,,,,,,,,,,failed,Too Many Requests. Rate limited. Try after a while.
UDS.NS,,,,,,,,,,,,,,failed,Too Many Requests. Rate limited. Try after a while.
UFLEX.NS,,,,,,,,,,,,,,failed,Too Many Requests. Rate limited. Try after a while.
UEL.NS,,,,,,,,,,,,,,failed,Too Many Requests. Rate limited. Try after a while.
UFBL.NS,,,,,,,,,,,,,,failed,Too Many Requests. Rate limited. Try after a while.
UFO.NS,,,,,,,,,,,,,,failed,Too Many Requests. Rate limited. Try after a while.
UGARSUGAR.NS,,,,,,,,,,,,,,failed,Too Many Requests. Rate limited. Try after a while.
UJJIVANSFB.NS,,,,,,,,,,,,,,failed,Too Many Requests. Rate limited. Try after a while.
UGROCAP.NS,,,,,,,,,,,,,,failed,Too Many Requests. Rate limited. Try after a while.
ULTRACEMCO.NS,,,,,,,,,,,,,,failed,Too Many Requests. Rate limited. Try after a while.
UMAEXPORTS.NS,,,,,,,,,,,,,,failed,Too Many Requests. Rate limited. Try after a while.
ULTRAMAR.NS,,,,,,,,,,,,,,failed,Too Many Requests. Rate limited. Try after a while.
UMESLTD.NS,,,,,,,,,,,,,,failed,Too Many Requests. Rate limited. Try after a while.
UMIYA-MRO.NS,,,,,,,,,,,,,,failed,Too Many Requests. Rate limited. Try after a while.
UNICHEMLAB.NS,,,,,,,,,,,,,,failed,Too Many Requests. Rate limited. Try after a while.
UNIECOM.NS,,,,,,,,,,,,,,failed,Too Many Requests. Rate limited. Try after a while.
UNIDT.NS,,,,,,,,,,,,,,failed,Too Many Requests. Rate limited. Try after a while.
UNIENTER.NS,,,,,,,,,,,,,,failed,Too Many Requests. Rate limited. Try after a while.
UNIMECH.NS,,,,,,,,,,,,,,failed,Too Many Requests. Rate limited. Try after a while.
UNIINFO.NS,,,,,,,,,,,,,,failed,Too Many Requests. Rate limited. Try after a while.
UNIONBANK.NS,,,,,,,,,,,,,,failed,Too Many Requests. Rate limited. Try after a while.
UNIPARTS.NS,,,,,,,,,,,,,,failed,Too Many Requests. Rate limited. Try after a while.
UNITEDPOLY.NS,,,,,,,,,,,,,,failed,Too Many Requests. Rate limited. Try after a while.
UNITECH.NS,,,,,,,,,,,,,,failed,Too Many Requests. Rate limited. Try after a while.
UNITDSPR.NS,,,,,,,,,,,,,,failed,Too Many Requests. Rate limited. Try after a while.
UNITEDTEA.NS,,,,,,,,,,,,,,failed,Too Many Requests. Rate limited. Try after a while.
UNIVASTU.NS,,,,,,,,,,,,,,failed,Too Many Requests. Rate limited. Try after a while.
UNIVPHOTO.NS,,,,,,,,,,,,,,failed,Too Many Requests. Rate limited. Try after a while.
UNIVCABLES.NS,,,,,,,,,,,,,,failed,Too Many Requests. Rate limited. Try after a while.
UNOMINDA.NS,,,,,,,,,,,,,,failed,Too Many Requests. Rate limited. Try after a while.
URAVIDEF.NS,,,,,,,,,,,,,,failed,Too Many Requests. Rate limited. Try after a while.
URBANCO.NS,,,,,,,,,,,,,,failed,Too Many Requests. Rate limited. Try after a while.
UPL.NS,,,,,,,,,,,,,,failed,Too Many Requests. Rate limited. Try after a while.
UTKARSHBNK.NS,,,,,,,,,,,,,,failed,Too Many Requests. Rate limited. Try after a while.
URJA.NS,,,,,,,,,,,,,,failed,Too Many Requests. Rate limited. Try after a while.
UTIAMC.NS,,,,,,,,,,,,,,failed,Too Many Requests. Rate limited. Try after a while.
USHAMART.NS,,,,,,,,,,,,,,failed,Too Many Requests. Rate limited. Try after a while.
USK.NS,,,,,,,,,,,,,,failed,Too Many Requests. Rate limited. Try after a while.
UTLSOLAR.NS,,,,,,,,,,,,,,failed,Too Many Requests. Rate limited. Try after a while.
UYFINCORP.NS,,,,,,,,,,,,,,failed,Too Many Requests. Rate limited. Try after a while.
UTTAMSUGAR.NS,,,,,,,,,,,,,,failed,Too Many Requests. Rate limited. Try after a while.
V2RETAIL.NS,,,,,,,,,,,,,,failed,Too Many Requests. Rate limited. Try after a while.
VADILALIND.NS,,,,,,,,,,,,,,failed,Too Many Requests. Rate limited. Try after a while.
VAISHALI.NS,,,,,,,,,,,,,,failed,Too Many Requests. Rate limited. Try after a while.
VAIBHAVGBL.NS,,,,,,,,,,,,,,failed,Too Many Requests. Rate limited. Try after a while.
VAKRANGEE.NS,,,,,,,,,,,,,,failed,Too Many Requests. Rate limited. Try after a while.
VARDHACRLC.NS,,,,,,,,,,,,,,failed,Too Many Requests. Rate limited. Try after a while.
VALIANTLAB.NS,,,,,,,,,,,,,,failed,Too Many Requests. Rate limited. Try after a while.
VARROC.NS,,,,,,,,,,,,,,failed,Too Many Requests. Rate limited. Try after a while.
VAML.NS,,,,,,,,,,,,,,failed,Too Many Requests. Rate limited. Try after a while.
VALIANTORG.NS,,,,,,,,,,,,,,failed,Too Many Requests. Rate limited. Try after a while.
VBL.NS,,,,,,,,,,,,,,failed,Too Many Requests. Rate limited. Try after a while.
VARDMNPOLY.NS,,,,,,,,,,,,,,failed,Too Many Requests. Rate limited. Try after a while.
VASCONEQ.NS,,,,,,,,,,,,,,failed,Too Many Requests. Rate limited. Try after a while.
VASWANI.NS,,,,,,,,,,,,,,failed,Too Many Requests. Rate limited. Try after a while.
VCL.NS,,,,,,,,,,,,,,failed,Too Many Requests. Rate limited. Try after a while.
VEDL.NS,,,,,,,,,,,,,,failed,Too Many Requests. Rate limited. Try after a while.
VEEDOL.NS,,,,,,,,,,,,,,failed,Too Many Requests. Rate limited. Try after a while.
VEDPOWER.NS,,,,,,,,,,,,,,failed,Too Many Requests. Rate limited. Try after a while.
VELJAN.NS,,,,,,,,,,,,,,failed,Too Many Requests. Rate limited. Try after a while.
VENKEYS.NS,,,,,,,,,,,,,,failed,Too Many Requests. Rate limited. Try after a while.
VENUSREM.NS,,,,,,,,,,,,,,failed,Too Many Requests. Rate limited. Try after a while.
VENUSPIPES.NS,,,,,,,,,,,,,,failed,Too Many Requests. Rate limited. Try after a while.
VENTIVE.NS,,,,,,,,,,,,,,failed,Too Many Requests. Rate limited. Try after a while.
VETO.NS,,,,,,,,,,,,,,failed,Too Many Requests. Rate limited. Try after a while.
VERANDA.NS,,,,,,,,,,,,,,failed,Too Many Requests. Rate limited. Try after a while.
VERTOZ.NS,,,,,,,,,,,,,,failed,Too Many Requests. Rate limited. Try after a while.
VESUVIUS.NS,,,,,,,,,,,,,,failed,Too Many Requests. Rate limited. Try after a while.
VGL.NS,,,,,,,,,,,,,,failed,Too Many Requests. Rate limited. Try after a while.
VHLTD.NS,,,,,,,,,,,,,,failed,Too Many Requests. Rate limited. Try after a while.
VGUARD.NS,,,,,,,,,,,,,,failed,Too Many Requests. Rate limited. Try after a while.
VHL.NS,,,,,,,,,,,,,,failed,Too Many Requests. Rate limited. Try after a while.
VIKASECO.NS,,,,,,,,,,,,,,failed,Too Many Requests. Rate limited. Try after a while.
VIDHIING.NS,,,,,,,,,,,,,,failed,Too Many Requests. Rate limited. Try after a while.
VIDYAWIRES.NS,,,,,,,,,,,,,,failed,Too Many Requests. Rate limited. Try after a while.
VIJAYA.NS,,,,,,,,,,,,,,failed,Too Many Requests. Rate limited. Try after a while.
VIJIFIN.NS,,,,,,,,,,,,,,failed,Too Many Requests. Rate limited. Try after a while.
VIMTALABS.NS,,,,,,,,,,,,,,failed,Too Many Requests. Rate limited. Try after a while.
VIKASLIFE.NS,,,,,,,,,,,,,,failed,Too Many Requests. Rate limited. Try after a while.
VIKRAMSOLR.NS,,,,,,,,,,,,,,failed,Too Many Requests. Rate limited. Try after a while.
VINATIORGA.NS,,,,,,,,,,,,,,failed,Too Many Requests. Rate limited. Try after a while.
VIKRAN.NS,,,,,,,,,,,,,,failed,Too Many Requests. Rate limited. Try after a while.
VINCOFE.NS,,,,,,,,,,,,,,failed,Too Many Requests. Rate limited. Try after a while.
VINDHYATEL.NS,,,,,,,,,,,,,,failed,Too Many Requests. Rate limited. Try after a while.
VINEETLAB.NS,,,,,,,,,,,,,,failed,Too Many Requests. Rate limited. Try after a while.
VINYLINDIA.NS,,,,,,,,,,,,,,failed,Too Many Requests. Rate limited. Try after a while.
VINNY.NS,,,,,,,,,,,,,,failed,Too Many Requests. Rate limited. Try after a while.
VIPCLOTHNG.NS,,,,,,,,,,,,,,failed,Too Many Requests. Rate limited. Try after a while.
VIPULLTD.NS,,,,,,,,,,,,,,failed,Too Many Requests. Rate limited. Try after a while.
VIPIND.NS,,,,,,,,,,,,,,failed,Too Many Requests. Rate limited. Try after a while.
VISAKAIND.NS,,,,,,,,,,,,,,failed,Too Many Requests. Rate limited. Try after a while.
VIRINCHI.NS,,,,,,,,,,,,,,failed,Too Many Requests. Rate limited. Try after a while.
VISACHROME.NS,,,,,,,,,,,,,,failed,Too Many Requests. Rate limited. Try after a while.
VISHNU.NS,,,,,,,,,,,,,,failed,Too Many Requests. Rate limited. Try after a while.
VISHWARAJ.NS,,,,,,,,,,,,,,failed,Too Many Requests. Rate limited. Try after a while.
VISL.NS,,,,,,,,,,,,,,failed,Too Many Requests. Rate limited. Try after a while.
VITAL.NS,,,,,,,,,,,,,,failed,Too Many Requests. Rate limited. Try after a while.
VIVIANA.NS,,,,,,,,,,,,,,failed,Too Many Requests. Rate limited. Try after a while.
VIVIMEDLAB.NS,,,,,,,,,,,,,,failed,Too Many Requests. Rate limited. Try after a while.
VIYASH.NS,,,,,,,,,,,,,,failed,Too Many Requests. Rate limited. Try after a while.
VIVIDHA.NS,,,,,,,,,,,,,,failed,Too Many Requests. Rate limited. Try after a while.
VLEGOV.NS,,,,,,,,,,,,,,failed,Too Many Requests. Rate limited. Try after a while.
VLSFINANCE.NS,,,,,,,,,,,,,,failed,Too Many Requests. Rate limited. Try after a while.
VMART.NS,,,,,,,,,,,,,,failed,Too Many Requests. Rate limited. Try after a while.
VMM.NS,,,,,,,,,,,,,,failed,Too Many Requests. Rate limited. Try after a while.
VMSTMT.NS,,,,,,,,,,,,,,failed,Too Many Requests. Rate limited. Try after a while.
VOEPL.NS,,,,,,,,,,,,,,failed,Too Many Requests. Rate limited. Try after a while.
VOGL.NS,,,,,,,,,,,,,,failed,Too Many Requests. Rate limited. Try after a while.
VOLTAMP.NS,,,,,,,,,,,,,,failed,Too Many Requests. Rate limited. Try after a while.
VOLTAS.NS,,,,,,,,,,,,,,failed,Too Many Requests. Rate limited. Try after a while.
VPRPL.NS,,,,,,,,,,,,,,failed,Too Many Requests. Rate limited. Try after a while.
VRAJ.NS,,,,,,,,,,,,,,failed,Too Many Requests. Rate limited. Try after a while.
VRLLOG.NS,,,,,,,,,,,,,,failed,Too Many Requests. Rate limited. Try after a while.
VSTIND.NS,,,,,,,,,,,,,,failed,Too Many Requests. Rate limited. Try after a while.
VSSL.NS,,,,,,,,,,,,,,failed,Too Many Requests. Rate limited. Try after a while.
VSTL.NS,,,,,,,,,,,,,,failed,Too Many Requests. Rate limited. Try after a while.
VSTTILLERS.NS,,,,,,,,,,,,,,failed,Too Many Requests. Rate limited. Try after a while.
VTL.NS,,,,,,,,,,,,,,failed,Too Many Requests. Rate limited. Try after a while.
WAAREEENER.NS,,,,,,,,,,,,,,failed,Too Many Requests. Rate limited. Try after a while.
WAAREEINDO.NS,,,,,,,,,,,,,,failed,Too Many Requests. Rate limited. Try after a while.
WABAG.NS,,,,,,,,,,,,,,failed,Too Many Requests. Rate limited. Try after a while.
WAKEFIT.NS,,,,,,,,,,,,,,failed,Too Many Requests. Rate limited. Try after a while.
WAAREERTL.NS,,,,,,,,,,,,,,failed,Too Many Requests. Rate limited. Try after a while.
WALCHANNAG.NS,,,,,,,,,,,,,,failed,Too Many Requests. Rate limited. Try after a while.
WANBURY.NS,,,,,,,,,,,,,,failed,Too Many Requests. Rate limited. Try after a while.
WCIL.NS,,,,,,,,,,,,,,failed,Too Many Requests. Rate limited. Try after a while.
WEALTH.NS,,,,,,,,,,,,,,failed,Too Many Requests. Rate limited. Try after a while.
WEBELSOLAR.NS,,,,,,,,,,,,,,failed,Too Many Requests. Rate limited. Try after a while.
WEL.NS,,,,,,,,,,,,,,failed,Too Many Requests. Rate limited. Try after a while.
WEIZMANIND.NS,,,,,,,,,,,,,,failed,Too Many Requests. Rate limited. Try after a while.
WELCORP.NS,,,,,,,,,,,,,,failed,Too Many Requests. Rate limited. Try after a while.
WELSPLSOL.NS,,,,,,,,,,,,,,failed,Too Many Requests. Rate limited. Try after a while.
WELENT.NS,,,,,,,,,,,,,,failed,Too Many Requests. Rate limited. Try after a while.
WELINV.NS,,,,,,,,,,,,,,failed,Too Many Requests. Rate limited. Try after a while.
WELSPUNLIV.NS,,,,,,,,,,,,,,failed,Too Many Requests. Rate limited. Try after a while.
WENDT.NS,,,,,,,,,,,,,,failed,Too Many Requests. Rate limited. Try after a while.
WESTLIFE.NS,,,,,,,,,,,,,,failed,Too Many Requests. Rate limited. Try after a while.
WEWIN.NS,,,,,,,,,,,,,,failed,Too Many Requests. Rate limited. Try after a while.
WEWORK.NS,,,,,,,,,,,,,,failed,Too Many Requests. Rate limited. Try after a while.
WHEELS.NS,,,,,,,,,,,,,,failed,Too Many Requests. Rate limited. Try after a while.
WHIRLPOOL.NS,,,,,,,,,,,,,,failed,Too Many Requests. Rate limited. Try after a while.
WILLAMAGOR.NS,,,,,,,,,,,,,,failed,Too Many Requests. Rate limited. Try after a while.
WINDLAS.NS,,,,,,,,,,,,,,failed,Too Many Requests. Rate limited. Try after a while.
WINDMACHIN.NS,,,,,,,,,,,,,,failed,Too Many Requests. Rate limited. Try after a while.
WONDERLA.NS,,,,,,,,,,,,,,failed,Too Many Requests. Rate limited. Try after a while.
WIPRO.NS,,,,,,,,,,,,,,failed,Too Many Requests. Rate limited. Try after a while.
WIPL.NS,,,,,,,,,,,,,,failed,Too Many Requests. Rate limited. Try after a while.
WOCKPHARMA.NS,,,,,,,,,,,,,,failed,Too Many Requests. Rate limited. Try after a while.
WPIL.NS,,,,,,,,,,,,,,failed,Too Many Requests. Rate limited. Try after a while.
WSI.NS,,,,,,,,,,,,,,failed,Too Many Requests. Rate limited. Try after a while.
WORTHPERI.NS,,,,,,,,,,,,,,failed,Too Many Requests. Rate limited. Try after a while.
WSTCSTPAPR.NS,,,,,,,,,,,,,,failed,Too Many Requests. Rate limited. Try after a while.
XELPMOC.NS,,,,,,,,,,,,,,failed,Too Many Requests. Rate limited. Try after a while.
XCHANGING.NS,,,,,,,,,,,,,,failed,Too Many Requests. Rate limited. Try after a while.
XPROINDIA.NS,,,,,,,,,,,,,,failed,Too Many Requests. Rate limited. Try after a while.
XTGLOBAL.NS,,,,,,,,,,,,,,failed,Too Many Requests. Rate limited. Try after a while.
XTRANET.NS,,,,,,,,,,,,,,failed,Too Many Requests. Rate limited. Try after a while.
YATHARTH.NS,,,,,,,,,,,,,,failed,Too Many Requests. Rate limited. Try after a while.
YASHO.NS,,,,,,,,,,,,,,failed,Too Many Requests. Rate limited. Try after a while.
YESBANK.NS,,,,,,,,,,,,,,failed,Too Many Requests. Rate limited. Try after a while.
YATRA.NS,,,,,,,,,,,,,,failed,Too Many Requests. Rate limited. Try after a while.
YUKEN.NS,,,,,,,,,,,,,,failed,Too Many Requests. Rate limited. Try after a while.
ZEEL.NS,,,,,,,,,,,,,,failed,Too Many Requests. Rate limited. Try after a while.
ZAGGLE.NS,,,,,,,,,,,,,,failed,Too Many Requests. Rate limited. Try after a while.
ZEELEARN.NS,,,,,,,,,,,,,,failed,Too Many Requests. Rate limited. Try after a while.
ZENITHSTL.NS,,,,,,,,,,,,,,failed,Too Many Requests. Rate limited. Try after a while.
ZEEMEDIA.NS,,,,,,,,,,,,,,failed,Too Many Requests. Rate limited. Try after a while.
ZENITHEXPO.NS,,,,,,,,,,,,,,failed,Too Many Requests. Rate limited. Try after a while.
ZENTEC.NS,,,,,,,,,,,,,,failed,Too Many Requests. Rate limited. Try after a while.
ZENSARTECH.NS,,,,,,,,,,,,,,failed,Too Many Requests. Rate limited. Try after a while.
ZODIAC.NS,,,,,,,,,,,,,,failed,Too Many Requests. Rate limited. Try after a while.
ZFSTEERING.NS,,,,,,,,,,,,,,failed,Too Many Requests. Rate limited. Try after a while.
ZFCVINDIA.NS,,,,,,,,,,,,,,failed,Too Many Requests. Rate limited. Try after a while.
ZIMLAB.NS,,,,,,,,,,,,,,failed,Too Many Requests. Rate limited. Try after a while.
ZSARACOM.NS,,,,,,,,,,,,,,failed,Too Many Requests. Rate limited. Try after a while.
ZODIACLOTH.NS,,,,,,,,,,,,,,failed,Too Many Requests. Rate limited. Try after a while.
ZOTA.NS,,,,,,,,,,,,,,failed,Too Many Requests. Rate limited. Try after a while.
ZUARI.NS,,,,,,,,,,,,,,failed,Too Many Requests. Rate limited. Try after a while.
ZUARIIND.NS,,,,,,,,,,,,,,failed,Too Many Requests. Rate limited. Try after a while.
ZYDUSLIFE.NS,,,,,,,,,,,,,,failed,Too Many Requests. Rate limited. Try after a while.
ZYDUSWELL.NS,,,,,,,,,,,,,,failed,Too Many Requests. Rate limited. Try after a while.
