[17:02:59] ============================================================
[17:02:59] DAILY PIPELINE STARTED
[17:02:59] ============================================================
[17:02:59] Archived previous cache to C:\Users\91769\stock_ai_project\data\archive\universe_fundamentals_2026-08-07.csv and cleared for fresh fetch
[17:02:59] START: Refresh full NSE universe fundamentals

Starting batch fetch for full NSE universe (2395 stocks) ...
Using 8 concurrent workers. This will take a while.

Total symbols: 2395 | Already done: 0 | Remaining: 2395
  Progress: 25/2395
  Progress: 50/2395
  Progress: 75/2395
  Progress: 100/2395
  Progress: 125/2395
  Progress: 150/2395
  Progress: 175/2395
  Progress: 200/2395
  Progress: 225/2395
  Progress: 250/2395
  Progress: 275/2395
  Progress: 300/2395
  Progress: 325/2395
  Progress: 350/2395
  Progress: 375/2395
  Progress: 400/2395
  Progress: 425/2395
  Progress: 450/2395
  Progress: 475/2395
  Progress: 500/2395
  Progress: 525/2395
  Progress: 550/2395
  Progress: 575/2395
  Progress: 600/2395
  Progress: 625/2395
  Progress: 650/2395
  Progress: 675/2395
  Progress: 700/2395
  Progress: 725/2395
  Progress: 750/2395
  Progress: 775/2395
  Progress: 800/2395
  Progress: 825/2395
  Progress: 850/2395
  Progress: 875/2395
  Progress: 900/2395
  Progress: 925/2395
  Progress: 950/2395
  Progress: 975/2395
  Progress: 1000/2395
  Progress: 1025/2395
  Progress: 1050/2395
  Progress: 1075/2395
  Progress: 1100/2395
  Progress: 1125/2395
  Progress: 1150/2395
  Progress: 1175/2395
  Progress: 1200/2395
  Progress: 1225/2395
  Progress: 1250/2395
  Progress: 1275/2395
  Progress: 1300/2395
  Progress: 1325/2395
  Progress: 1350/2395
  Progress: 1375/2395
  Progress: 1400/2395
  Progress: 1425/2395
  Progress: 1450/2395
  Progress: 1475/2395
  Progress: 1500/2395
  Progress: 1525/2395
  Progress: 1550/2395
  Progress: 1575/2395
  Progress: 1600/2395
  Progress: 1625/2395
  Progress: 1650/2395
  Progress: 1675/2395
  Progress: 1700/2395
  Progress: 1725/2395
  Progress: 1750/2395
  Progress: 1775/2395
  Progress: 1800/2395
  Progress: 1825/2395
  Progress: 1850/2395
  Progress: 1875/2395
  Progress: 1900/2395
  Progress: 1925/2395
  Progress: 1950/2395
  Progress: 1975/2395
  Progress: 2000/2395
  Progress: 2025/2395
  Progress: 2050/2395
  Progress: 2075/2395
  Progress: 2100/2395
  Progress: 2125/2395
  Progress: 2150/2395
  Progress: 2175/2395
  Progress: 2200/2395
  Progress: 2225/2395
  Progress: 2250/2395
  Progress: 2275/2395
  Progress: 2300/2395
  Progress: 2325/2395
  Progress: 2350/2395
  Progress: 2375/2395

=== BATCH FETCH COMPLETE ===
Time elapsed: 3.8 minutes
Successful: 1491
Failed: 904
Total in checkpoint file: 2395

Saved to data/processed/universe_fundamentals.csv

Re-run this script anytime to resume/refresh -- it skips symbols
already fetched and only retries failures or fetches new ones.
HTTP Error 401: {"finance":{"result":null,"error":{"code":"Unauthorized","description":"Invalid Crumb"}}}
HTTP Error 401: {"finance":{"result":null,"error":{"code":"Unauthorized","description":"Invalid Crumb"}}}
HTTP Error 401: {"finance":{"result":null,"error":{"code":"Unauthorized","description":"Invalid Crumb"}}}
HTTP Error 401: {"finance":{"result":null,"error":{"code":"Unauthorized","description":"Invalid Crumb"}}}
HTTP Error 401: {"finance":{"result":null,"error":{"code":"Unauthorized","description":"Invalid Crumb"}}}
HTTP Error 401: {"finance":{"result":null,"error":{"code":"Unauthorized","description":"Invalid Crumb"}}}
HTTP Error 401: {"finance":{"result":null,"error":{"code":"Unauthorized","description":"Invalid Crumb"}}}
HTTP Error 401: {"finance":{"result":null,"error":{"code":"Unauthorized","description":"Invalid Crumb"}}}
HTTP Error 401: {"finance":{"result":null,"error":{"code":"Unauthorized","description":"Invalid Crumb"}}}
HTTP Error 401: {"finance":{"result":null,"error":{"code":"Unauthorized","description":"Invalid Crumb"}}}
HTTP Error 401: {"finance":{"result":null,"error":{"code":"Unauthorized","description":"Invalid Crumb"}}}
HTTP Error 401: {"finance":{"result":null,"error":{"code":"Unauthorized","description":"Invalid Crumb"}}}
HTTP Error 401: {"finance":{"result":null,"error":{"code":"Unauthorized","description":"Invalid Crumb"}}}
HTTP Error 401: {"finance":{"result":null,"error":{"code":"Unauthorized","description":"Invalid Crumb"}}}
HTTP Error 401: {"finance":{"result":null,"error":{"code":"Unauthorized","description":"Invalid Crumb"}}}
HTTP Error 401: {"finance":{"result":null,"error":{"code":"Unauthorized","description":"Invalid Crumb"}}}
HTTP Error 401: {"finance":{"result":null,"error":{"code":"Unauthorized","description":"Invalid Crumb"}}}
HTTP Error 401: {"finance":{"result":null,"error":{"code":"Unauthorized","description":"Invalid Crumb"}}}
HTTP Error 401: {"finance":{"result":null,"error":{"code":"Unauthorized","description":"Invalid Crumb"}}}
HTTP Error 401: {"finance":{"result":null,"error":{"code":"Unauthorized","description":"Invalid Crumb"}}}
HTTP Error 401: {"finance":{"result":null,"error":{"code":"Unauthorized","description":"Invalid Crumb"}}}
HTTP Error 401: {"finance":{"result":null,"error":{"code":"Unauthorized","description":"Invalid Crumb"}}}
HTTP Error 401: {"finance":{"result":null,"error":{"code":"Unauthorized","description":"Invalid Crumb"}}}
HTTP Error 401: {"finance":{"result":null,"error":{"code":"Unauthorized","description":"Invalid Crumb"}}}
HTTP Error 401: {"finance":{"result":null,"error":{"code":"Unauthorized","description":"Invalid Crumb"}}}
HTTP Error 401: {"finance":{"result":null,"error":{"code":"Unauthorized","description":"Invalid Crumb"}}}
HTTP Error 401: {"finance":{"result":null,"error":{"code":"Unauthorized","description":"Invalid Crumb"}}}
HTTP Error 401: {"finance":{"result":null,"error":{"code":"Unauthorized","description":"Invalid Crumb"}}}
HTTP Error 401: {"finance":{"result":null,"error":{"code":"Unauthorized","description":"Invalid Crumb"}}}
HTTP Error 401: {"finance":{"result":null,"error":{"code":"Unauthorized","description":"Invalid Crumb"}}}
HTTP Error 401: {"finance":{"result":null,"error":{"code":"Unauthorized","description":"Invalid Crumb"}}}
HTTP Error 401: {"finance":{"result":null,"error":{"code":"Unauthorized","description":"Invalid Crumb"}}}
HTTP Error 401: {"finance":{"result":null,"error":{"code":"Unauthorized","description":"Invalid Crumb"}}}
HTTP Error 401: {"finance":{"result":null,"error":{"code":"Unauthorized","description":"Invalid Crumb"}}}
HTTP Error 401: {"finance":{"result":null,"error":{"code":"Unauthorized","description":"Invalid Crumb"}}}
HTTP Error 401: {"finance":{"result":null,"error":{"code":"Unauthorized","description":"Invalid Crumb"}}}
HTTP Error 401: {"finance":{"result":null,"error":{"code":"Unauthorized","description":"Invalid Crumb"}}}
HTTP Error 401: {"finance":{"result":null,"error":{"code":"Unauthorized","description":"Invalid Crumb"}}}
HTTP Error 401: {"finance":{"result":null,"error":{"code":"Unauthorized","description":"Invalid Crumb"}}}
HTTP Error 401: {"finance":{"result":null,"error":{"code":"Unauthorized","description":"Invalid Crumb"}}}
HTTP Error 401: {"finance":{"result":null,"error":{"code":"Unauthorized","description":"Invalid Crumb"}}}
HTTP Error 401: {"finance":{"result":null,"error":{"code":"Unauthorized","description":"Invalid Crumb"}}}
HTTP Error 401: {"finance":{"result":null,"error":{"code":"Unauthorized","description":"Invalid Crumb"}}}
HTTP Error 401: {"finance":{"result":null,"error":{"code":"Unauthorized","description":"Invalid Crumb"}}}
HTTP Error 401: {"finance":{"result":null,"error":{"code":"Unauthorized","description":"Invalid Crumb"}}}
HTTP Error 401: {"finance":{"result":null,"error":{"code":"Unauthorized","description":"Invalid Crumb"}}}
HTTP Error 401: {"finance":{"result":null,"error":{"code":"Unauthorized","description":"Invalid Crumb"}}}
HTTP Error 401: {"finance":{"result":null,"error":{"code":"Unauthorized","description":"Invalid Crumb"}}}
HTTP Error 401: {"finance":{"result":null,"error":{"code":"Unauthorized","description":"Invalid Crumb"}}}
HTTP Error 401: {"finance":{"result":null,"error":{"code":"Unauthorized","description":"Invalid Crumb"}}}
HTTP Error 401: {"finance":{"result":null,"error":{"code":"Unauthorized","description":"Invalid Crumb"}}}
HTTP Error 401: {"finance":{"result":null,"error":{"code":"Unauthorized","description":"Invalid Crumb"}}}
HTTP Error 401: {"finance":{"result":null,"error":{"code":"Unauthorized","description":"Invalid Crumb"}}}
HTTP Error 401: {"finance":{"result":null,"error":{"code":"Unauthorized","description":"Invalid Crumb"}}}
HTTP Error 401: {"finance":{"result":null,"error":{"code":"Unauthorized","description":"Invalid Crumb"}}}
HTTP Error 401: {"finance":{"result":null,"error":{"code":"Unauthorized","description":"Invalid Crumb"}}}
HTTP Error 401: {"finance":{"result":null,"error":{"code":"Unauthorized","description":"Invalid Crumb"}}}
HTTP Error 401: {"finance":{"result":null,"error":{"code":"Unauthorized","description":"Invalid Crumb"}}}
HTTP Error 401: {"finance":{"result":null,"error":{"code":"Unauthorized","description":"Invalid Crumb"}}}
HTTP Error 401: {"finance":{"result":null,"error":{"code":"Unauthorized","description":"Invalid Crumb"}}}
HTTP Error 401: {"finance":{"result":null,"error":{"code":"Unauthorized","description":"Invalid Crumb"}}}
HTTP Error 401: {"finance":{"result":null,"error":{"code":"Unauthorized","description":"Invalid Crumb"}}}
HTTP Error 401: {"finance":{"result":null,"error":{"code":"Unauthorized","description":"Invalid Crumb"}}}
HTTP Error 401: {"finance":{"result":null,"error":{"code":"Unauthorized","description":"Invalid Crumb"}}}
HTTP Error 401: {"finance":{"result":null,"error":{"code":"Unauthorized","description":"Invalid Crumb"}}}
HTTP Error 401: {"finance":{"result":null,"error":{"code":"Unauthorized","description":"Invalid Crumb"}}}
HTTP Error 401: {"finance":{"result":null,"error":{"code":"Unauthorized","description":"Invalid Crumb"}}}
HTTP Error 401: {"finance":{"result":null,"error":{"code":"Unauthorized","description":"Invalid Crumb"}}}
HTTP Error 401: {"finance":{"result":null,"error":{"code":"Unauthorized","description":"Invalid Crumb"}}}
HTTP Error 401: {"finance":{"result":null,"error":{"code":"Unauthorized","description":"Invalid Crumb"}}}
HTTP Error 401: {"finance":{"result":null,"error":{"code":"Unauthorized","description":"Invalid Crumb"}}}
HTTP Error 401: {"finance":{"result":null,"error":{"code":"Unauthorized","description":"Invalid Crumb"}}}
HTTP Error 401: {"finance":{"result":null,"error":{"code":"Unauthorized","description":"Invalid Crumb"}}}
HTTP Error 401: {"finance":{"result":null,"error":{"code":"Unauthorized","description":"Invalid Crumb"}}}
HTTP Error 401: {"finance":{"result":null,"error":{"code":"Unauthorized","description":"Invalid Crumb"}}}
HTTP Error 401: {"finance":{"result":null,"error":{"code":"Unauthorized","description":"Invalid Crumb"}}}
HTTP Error 401: {"finance":{"result":null,"error":{"code":"Unauthorized","description":"Invalid Crumb"}}}
HTTP Error 401: {"finance":{"result":null,"error":{"code":"Unauthorized","description":"Invalid Crumb"}}}
HTTP Error 401: {"finance":{"result":null,"error":{"code":"Unauthorized","description":"Invalid Crumb"}}}
HTTP Error 401: {"finance":{"result":null,"error":{"code":"Unauthorized","description":"Invalid Crumb"}}}
HTTP Error 401: {"finance":{"result":null,"error":{"code":"Unauthorized","description":"Invalid Crumb"}}}
HTTP Error 401: {"finance":{"result":null,"error":{"code":"Unauthorized","description":"Invalid Crumb"}}}
HTTP Error 401: {"finance":{"result":null,"error":{"code":"Unauthorized","description":"Invalid Crumb"}}}
HTTP Error 401: {"finance":{"result":null,"error":{"code":"Unauthorized","description":"Invalid Crumb"}}}
HTTP Error 401: {"finance":{"result":null,"error":{"code":"Unauthorized","description":"Invalid Crumb"}}}
HTTP Error 401: {"finance":{"result":null,"error":{"code":"Unauthorized","description":"Invalid Crumb"}}}
HTTP Error 401: {"finance":{"result":null,"error":{"code":"Unauthorized","description":"Invalid Crumb"}}}
HTTP Error 401: {"finance":{"result":null,"error":{"code":"Unauthorized","description":"Invalid Crumb"}}}
HTTP Error 401: {"finance":{"result":null,"error":{"code":"Unauthorized","description":"Invalid Crumb"}}}
HTTP Error 401: {"finance":{"result":null,"error":{"code":"Unauthorized","description":"Invalid Crumb"}}}
HTTP Error 401: {"finance":{"result":null,"error":{"code":"Unauthorized","description":"Invalid Crumb"}}}
HTTP Error 401: {"finance":{"result":null,"error":{"code":"Unauthorized","description":"Invalid Crumb"}}}
HTTP Error 401: {"finance":{"result":null,"error":{"code":"Unauthorized","description":"Invalid Crumb"}}}
HTTP Error 401: {"finance":{"result":null,"error":{"code":"Unauthorized","description":"Invalid Crumb"}}}
HTTP Error 401: {"finance":{"result":null,"error":{"code":"Unauthorized","description":"Invalid Crumb"}}}
HTTP Error 401: {"finance":{"result":null,"error":{"code":"Unauthorized","description":"Invalid Crumb"}}}
HTTP Error 401: {"finance":{"result":null,"error":{"code":"Unauthorized","description":"Invalid Crumb"}}}
HTTP Error 401: {"finance":{"result":null,"error":{"code":"Unauthorized","description":"Invalid Crumb"}}}
HTTP Error 401: {"finance":{"result":null,"error":{"code":"Unauthorized","description":"Invalid Crumb"}}}
HTTP Error 401: {"finance":{"result":null,"error":{"code":"Unauthorized","description":"Invalid Crumb"}}}
HTTP Error 401: {"finance":{"result":null,"error":{"code":"Unauthorized","description":"Invalid Crumb"}}}
HTTP Error 401: {"finance":{"result":null,"error":{"code":"Unauthorized","description":"Invalid Crumb"}}}
HTTP Error 401: {"finance":{"result":null,"error":{"code":"Unauthorized","description":"Invalid Crumb"}}}
HTTP Error 401: {"finance":{"result":null,"error":{"code":"Unauthorized","description":"Invalid Crumb"}}}
HTTP Error 401: {"finance":{"result":null,"error":{"code":"Unauthorized","description":"Invalid Crumb"}}}
HTTP Error 401: {"finance":{"result":null,"error":{"code":"Unauthorized","description":"Invalid Crumb"}}}
HTTP Error 401: {"finance":{"result":null,"error":{"code":"Unauthorized","description":"Invalid Crumb"}}}
HTTP Error 401: {"finance":{"result":null,"error":{"code":"Unauthorized","description":"Invalid Crumb"}}}
HTTP Error 401: {"finance":{"result":null,"error":{"code":"Unauthorized","description":"Invalid Crumb"}}}
HTTP Error 401: {"finance":{"result":null,"error":{"code":"Unauthorized","description":"Invalid Crumb"}}}
HTTP Error 401: {"finance":{"result":null,"error":{"code":"Unauthorized","description":"Invalid Crumb"}}}
HTTP Error 401: {"finance":{"result":null,"error":{"code":"Unauthorized","description":"Invalid Crumb"}}}
HTTP Error 401: {"finance":{"result":null,"error":{"code":"Unauthorized","description":"Invalid Crumb"}}}
HTTP Error 401: {"finance":{"result":null,"error":{"code":"Unauthorized","description":"Invalid Crumb"}}}
HTTP Error 401: {"finance":{"result":null,"error":{"code":"Unauthorized","description":"Invalid Crumb"}}}
HTTP Error 401: {"finance":{"result":null,"error":{"code":"Unauthorized","description":"Invalid Crumb"}}}
HTTP Error 401: {"finance":{"result":null,"error":{"code":"Unauthorized","description":"Invalid Crumb"}}}
HTTP Error 401: {"finance":{"result":null,"error":{"code":"Unauthorized","description":"Invalid Crumb"}}}
HTTP Error 401: {"finance":{"result":null,"error":{"code":"Unauthorized","description":"Invalid Crumb"}}}
HTTP Error 401: {"finance":{"result":null,"error":{"code":"Unauthorized","description":"Invalid Crumb"}}}
HTTP Error 401: {"finance":{"result":null,"error":{"code":"Unauthorized","description":"Invalid Crumb"}}}
HTTP Error 401: {"finance":{"result":null,"error":{"code":"Unauthorized","description":"Invalid Crumb"}}}
HTTP Error 401: {"finance":{"result":null,"error":{"code":"Unauthorized","description":"Invalid Crumb"}}}
HTTP Error 401: {"finance":{"result":null,"error":{"code":"Unauthorized","description":"Invalid Crumb"}}}
HTTP Error 401: {"finance":{"result":null,"error":{"code":"Unauthorized","description":"Invalid Crumb"}}}
HTTP Error 401: {"finance":{"result":null,"error":{"code":"Unauthorized","description":"Invalid Crumb"}}}
HTTP Error 401: {"finance":{"result":null,"error":{"code":"Unauthorized","description":"Invalid Crumb"}}}
HTTP Error 401: {"finance":{"result":null,"error":{"code":"Unauthorized","description":"Invalid Crumb"}}}
HTTP Error 401: {"finance":{"result":null,"error":{"code":"Unauthorized","description":"Invalid Crumb"}}}
HTTP Error 401: {"finance":{"result":null,"error":{"code":"Unauthorized","description":"Invalid Crumb"}}}
HTTP Error 401: {"finance":{"result":null,"error":{"code":"Unauthorized","description":"Invalid Crumb"}}}
HTTP Error 401: {"finance":{"result":null,"error":{"code":"Unauthorized","description":"Invalid Crumb"}}}
HTTP Error 401: {"finance":{"result":null,"error":{"code":"Unauthorized","description":"Invalid Crumb"}}}
HTTP Error 401: {"finance":{"result":null,"error":{"code":"Unauthorized","description":"Invalid Crumb"}}}
HTTP Error 401: {"finance":{"result":null,"error":{"code":"Unauthorized","description":"Invalid Crumb"}}}
HTTP Error 401: {"finance":{"result":null,"error":{"code":"Unauthorized","description":"Invalid Crumb"}}}
HTTP Error 401: {"finance":{"result":null,"error":{"code":"Unauthorized","description":"Invalid Crumb"}}}
HTTP Error 401: {"finance":{"result":null,"error":{"code":"Unauthorized","description":"Invalid Crumb"}}}
HTTP Error 401: {"finance":{"result":null,"error":{"code":"Unauthorized","description":"Invalid Crumb"}}}
HTTP Error 401: {"finance":{"result":null,"error":{"code":"Unauthorized","description":"Invalid Crumb"}}}
HTTP Error 401: {"finance":{"result":null,"error":{"code":"Unauthorized","description":"Invalid Crumb"}}}
HTTP Error 401: {"finance":{"result":null,"error":{"code":"Unauthorized","description":"Invalid Crumb"}}}
HTTP Error 401: {"finance":{"result":null,"error":{"code":"Unauthorized","description":"Invalid Crumb"}}}
HTTP Error 401: {"finance":{"result":null,"error":{"code":"Unauthorized","description":"Invalid Crumb"}}}
HTTP Error 401: {"finance":{"result":null,"error":{"code":"Unauthorized","description":"Invalid Crumb"}}}
HTTP Error 401: {"finance":{"result":null,"error":{"code":"Unauthorized","description":"Invalid Crumb"}}}
HTTP Error 401: {"finance":{"result":null,"error":{"code":"Unauthorized","description":"Invalid Crumb"}}}
HTTP Error 401: {"finance":{"result":null,"error":{"code":"Unauthorized","description":"Invalid Crumb"}}}
HTTP Error 401: {"finance":{"result":null,"error":{"code":"Unauthorized","description":"Invalid Crumb"}}}
HTTP Error 401: {"finance":{"result":null,"error":{"code":"Unauthorized","description":"Invalid Crumb"}}}
HTTP Error 401: {"finance":{"result":null,"error":{"code":"Unauthorized","description":"Invalid Crumb"}}}
HTTP Error 401: {"finance":{"result":null,"error":{"code":"Unauthorized","description":"Invalid Crumb"}}}
HTTP Error 401: {"finance":{"result":null,"error":{"code":"Unauthorized","description":"Invalid Crumb"}}}
HTTP Error 401: {"finance":{"result":null,"error":{"code":"Unauthorized","description":"Invalid Crumb"}}}
HTTP Error 401: {"finance":{"result":null,"error":{"code":"Unauthorized","description":"Invalid Crumb"}}}
HTTP Error 401: {"finance":{"result":null,"error":{"code":"Unauthorized","description":"Invalid Crumb"}}}
HTTP Error 401: {"finance":{"result":null,"error":{"code":"Unauthorized","description":"Invalid Crumb"}}}
HTTP Error 401: {"finance":{"result":null,"error":{"code":"Unauthorized","description":"Invalid Crumb"}}}
HTTP Error 401: {"finance":{"result":null,"error":{"code":"Unauthorized","description":"Invalid Crumb"}}}
HTTP Error 401: {"finance":{"result":null,"error":{"code":"Unauthorized","description":"Invalid Crumb"}}}
HTTP Error 401: {"finance":{"result":null,"error":{"code":"Unauthorized","description":"Invalid Crumb"}}}
HTTP Error 401: {"finance":{"result":null,"error":{"code":"Unauthorized","description":"Invalid Crumb"}}}
HTTP Error 401: {"finance":{"result":null,"error":{"code":"Unauthorized","description":"Invalid Crumb"}}}
HTTP Error 401: {"finance":{"result":null,"error":{"code":"Unauthorized","description":"Invalid Crumb"}}}
HTTP Error 401: {"finance":{"result":null,"error":{"code":"Unauthorized","description":"User is unable to access this feature - https://bit.ly/yahoo-finance-api-feedback"}}}
HTTP Error 401: {"finance":{"result":null,"error":{"code":"Unauthorized","description":"Invalid Crumb"}}}
HTTP Error 401: {"finance":{"result":null,"error":{"code":"Unauthorized","description":"Invalid Crumb"}}}
HTTP Error 401: {"finance":{"result":null,"error":{"code":"Unauthorized","description":"Invalid Crumb"}}}
HTTP Error 401: {"finance":{"result":null,"error":{"code":"Unauthorized","description":"Invalid Crumb"}}}
HTTP Error 401: {"finance":{"result":null,"error":{"code":"Unauthorized","description":"Invalid Crumb"}}}
HTTP Error 401: {"finance":{"result":null,"error":{"code":"Unauthorized","description":"Invalid Crumb"}}}
HTTP Error 401: {"finance":{"result":null,"error":{"code":"Unauthorized","description":"Invalid Crumb"}}}
HTTP Error 401: {"finance":{"result":null,"error":{"code":"Unauthorized","description":"Invalid Crumb"}}}
HTTP Error 401: {"finance":{"result":null,"error":{"code":"Unauthorized","description":"Invalid Crumb"}}}
HTTP Error 401: {"finance":{"result":null,"error":{"code":"Unauthorized","description":"Invalid Crumb"}}}
HTTP Error 401: {"finance":{"result":null,"error":{"code":"Unauthorized","description":"Invalid Crumb"}}}
HTTP Error 401: {"finance":{"result":null,"error":{"code":"Unauthorized","description":"Invalid Crumb"}}}
HTTP Error 401: {"finance":{"result":null,"error":{"code":"Unauthorized","description":"Invalid Crumb"}}}
HTTP Error 401: {"finance":{"result":null,"error":{"code":"Unauthorized","description":"Invalid Crumb"}}}
HTTP Error 401: {"finance":{"result":null,"error":{"code":"Unauthorized","description":"Invalid Crumb"}}}
HTTP Error 401: {"finance":{"result":null,"error":{"code":"Unauthorized","description":"Invalid Crumb"}}}
HTTP Error 401: {"finance":{"result":null,"error":{"code":"Unauthorized","description":"Invalid Crumb"}}}
HTTP Error 401: {"finance":{"result":null,"error":{"code":"Unauthorized","description":"Invalid Crumb"}}}
HTTP Error 401: {"finance":{"result":null,"error":{"code":"Unauthorized","description":"Invalid Crumb"}}}
HTTP Error 401: {"finance":{"result":null,"error":{"code":"Unauthorized","description":"Invalid Crumb"}}}
HTTP Error 401: {"finance":{"result":null,"error":{"code":"Unauthorized","description":"Invalid Crumb"}}}
HTTP Error 401: {"finance":{"result":null,"error":{"code":"Unauthorized","description":"Invalid Crumb"}}}
HTTP Error 401: {"finance":{"result":null,"error":{"code":"Unauthorized","description":"Invalid Crumb"}}}
HTTP Error 401: {"finance":{"result":null,"error":{"code":"Unauthorized","description":"Invalid Crumb"}}}
HTTP Error 401: {"finance":{"result":null,"error":{"code":"Unauthorized","description":"Invalid Crumb"}}}
HTTP Error 401: {"finance":{"result":null,"error":{"code":"Unauthorized","description":"Invalid Crumb"}}}
HTTP Error 401: {"finance":{"result":null,"error":{"code":"Unauthorized","description":"Invalid Crumb"}}}
HTTP Error 401: {"finance":{"result":null,"error":{"code":"Unauthorized","description":"Invalid Crumb"}}}
HTTP Error 401: {"finance":{"result":null,"error":{"code":"Unauthorized","description":"Invalid Crumb"}}}
HTTP Error 401: {"finance":{"result":null,"error":{"code":"Unauthorized","description":"Invalid Crumb"}}}
HTTP Error 401: {"finance":{"result":null,"error":{"code":"Unauthorized","description":"Invalid Crumb"}}}
HTTP Error 401: {"finance":{"result":null,"error":{"code":"Unauthorized","description":"Invalid Crumb"}}}
HTTP Error 401: {"finance":{"result":null,"error":{"code":"Unauthorized","description":"Invalid Crumb"}}}
HTTP Error 401: {"finance":{"result":null,"error":{"code":"Unauthorized","description":"Invalid Crumb"}}}
HTTP Error 401: {"finance":{"result":null,"error":{"code":"Unauthorized","description":"Invalid Crumb"}}}
HTTP Error 401: {"finance":{"result":null,"error":{"code":"Unauthorized","description":"Invalid Crumb"}}}
HTTP Error 401: {"finance":{"result":null,"error":{"code":"Unauthorized","description":"Invalid Crumb"}}}
HTTP Error 401: {"finance":{"result":null,"error":{"code":"Unauthorized","description":"Invalid Crumb"}}}
HTTP Error 401: {"finance":{"result":null,"error":{"code":"Unauthorized","description":"Invalid Crumb"}}}
HTTP Error 401: {"finance":{"result":null,"error":{"code":"Unauthorized","description":"Invalid Crumb"}}}
HTTP Error 401: {"finance":{"result":null,"error":{"code":"Unauthorized","description":"Invalid Crumb"}}}
HTTP Error 401: {"finance":{"result":null,"error":{"code":"Unauthorized","description":"Invalid Crumb"}}}
HTTP Error 401: {"finance":{"result":null,"error":{"code":"Unauthorized","description":"Invalid Crumb"}}}
HTTP Error 401: {"finance":{"result":null,"error":{"code":"Unauthorized","description":"Invalid Crumb"}}}
HTTP Error 401: {"finance":{"result":null,"error":{"code":"Unauthorized","description":"Invalid Crumb"}}}
HTTP Error 401: {"finance":{"result":null,"error":{"code":"Unauthorized","description":"Invalid Crumb"}}}
HTTP Error 401: {"finance":{"result":null,"error":{"code":"Unauthorized","description":"Invalid Crumb"}}}
HTTP Error 401: {"finance":{"result":null,"error":{"code":"Unauthorized","description":"Invalid Crumb"}}}
HTTP Error 401: {"finance":{"result":null,"error":{"code":"Unauthorized","description":"Invalid Crumb"}}}
HTTP Error 401: {"finance":{"result":null,"error":{"code":"Unauthorized","description":"Invalid Crumb"}}}
HTTP Error 401: {"finance":{"result":null,"error":{"code":"Unauthorized","description":"Invalid Crumb"}}}
HTTP Error 401: {"finance":{"result":null,"error":{"code":"Unauthorized","description":"Invalid Crumb"}}}
HTTP Error 401: {"finance":{"result":null,"error":{"code":"Unauthorized","description":"Invalid Crumb"}}}
HTTP Error 401: {"finance":{"result":null,"error":{"code":"Unauthorized","description":"Invalid Crumb"}}}
HTTP Error 401: {"finance":{"result":null,"error":{"code":"Unauthorized","description":"Invalid Crumb"}}}
HTTP Error 401: {"finance":{"result":null,"error":{"code":"Unauthorized","description":"Invalid Crumb"}}}
HTTP Error 401: {"finance":{"result":null,"error":{"code":"Unauthorized","description":"Invalid Crumb"}}}
HTTP Error 401: {"finance":{"result":null,"error":{"code":"Unauthorized","description":"Invalid Crumb"}}}
HTTP Error 401: {"finance":{"result":null,"error":{"code":"Unauthorized","description":"Invalid Crumb"}}}
HTTP Error 401: {"finance":{"result":null,"error":{"code":"Unauthorized","description":"Invalid Crumb"}}}
HTTP Error 401: {"finance":{"result":null,"error":{"code":"Unauthorized","description":"Invalid Crumb"}}}
HTTP Error 401: {"finance":{"result":null,"error":{"code":"Unauthorized","description":"Invalid Crumb"}}}
HTTP Error 401: {"finance":{"result":null,"error":{"code":"Unauthorized","description":"Invalid Crumb"}}}
HTTP Error 401: {"finance":{"result":null,"error":{"code":"Unauthorized","description":"Invalid Crumb"}}}
HTTP Error 401: {"finance":{"result":null,"error":{"code":"Unauthorized","description":"Invalid Crumb"}}}
HTTP Error 401: {"finance":{"result":null,"error":{"code":"Unauthorized","description":"Invalid Crumb"}}}
HTTP Error 401: {"finance":{"result":null,"error":{"code":"Unauthorized","description":"Invalid Crumb"}}}
HTTP Error 401: {"finance":{"result":null,"error":{"code":"Unauthorized","description":"Invalid Crumb"}}}
HTTP Error 401: {"finance":{"result":null,"error":{"code":"Unauthorized","description":"Invalid Crumb"}}}
HTTP Error 401: {"finance":{"result":null,"error":{"code":"Unauthorized","description":"Invalid Crumb"}}}
HTTP Error 401: {"finance":{"result":null,"error":{"code":"Unauthorized","description":"Invalid Crumb"}}}
HTTP Error 401: {"finance":{"result":null,"error":{"code":"Unauthorized","description":"Invalid Crumb"}}}
HTTP Error 401: {"finance":{"result":null,"error":{"code":"Unauthorized","description":"Invalid Crumb"}}}
HTTP Error 401: {"finance":{"result":null,"error":{"code":"Unauthorized","description":"Invalid Crumb"}}}
HTTP Error 401: {"finance":{"result":null,"error":{"code":"Unauthorized","description":"Invalid Crumb"}}}
HTTP Error 401: {"finance":{"result":null,"error":{"code":"Unauthorized","description":"Invalid Crumb"}}}
HTTP Error 401: {"finance":{"result":null,"error":{"code":"Unauthorized","description":"Invalid Crumb"}}}
HTTP Error 401: {"finance":{"result":null,"error":{"code":"Unauthorized","description":"Invalid Crumb"}}}
HTTP Error 401: {"finance":{"result":null,"error":{"code":"Unauthorized","description":"Invalid Crumb"}}}
HTTP Error 401: {"finance":{"result":null,"error":{"code":"Unauthorized","description":"Invalid Crumb"}}}
HTTP Error 401: {"finance":{"result":null,"error":{"code":"Unauthorized","description":"Invalid Crumb"}}}
HTTP Error 401: {"finance":{"result":null,"error":{"code":"Unauthorized","description":"Invalid Crumb"}}}
HTTP Error 401: {"finance":{"result":null,"error":{"code":"Unauthorized","description":"Invalid Crumb"}}}
HTTP Error 401: {"finance":{"result":null,"error":{"code":"Unauthorized","description":"Invalid Crumb"}}}
HTTP Error 401: {"finance":{"result":null,"error":{"code":"Unauthorized","description":"Invalid Crumb"}}}
HTTP Error 401: {"finance":{"result":null,"error":{"code":"Unauthorized","description":"Invalid Crumb"}}}
HTTP Error 401: {"finance":{"result":null,"error":{"code":"Unauthorized","description":"Invalid Crumb"}}}
HTTP Error 401: {"finance":{"result":null,"error":{"code":"Unauthorized","description":"Invalid Crumb"}}}
HTTP Error 401: {"finance":{"result":null,"error":{"code":"Unauthorized","description":"Invalid Crumb"}}}
HTTP Error 401: {"finance":{"result":null,"error":{"code":"Unauthorized","description":"Invalid Crumb"}}}
HTTP Error 401: {"finance":{"result":null,"error":{"code":"Unauthorized","description":"Invalid Crumb"}}}
HTTP Error 401: {"finance":{"result":null,"error":{"code":"Unauthorized","description":"Invalid Crumb"}}}
HTTP Error 401: {"finance":{"result":null,"error":{"code":"Unauthorized","description":"Invalid Crumb"}}}
HTTP Error 401: {"finance":{"result":null,"error":{"code":"Unauthorized","description":"Invalid Crumb"}}}
HTTP Error 401: {"finance":{"result":null,"error":{"code":"Unauthorized","description":"Invalid Crumb"}}}
HTTP Error 401: {"finance":{"result":null,"error":{"code":"Unauthorized","description":"Invalid Crumb"}}}
HTTP Error 401: {"finance":{"result":null,"error":{"code":"Unauthorized","description":"Invalid Crumb"}}}
HTTP Error 401: {"finance":{"result":null,"error":{"code":"Unauthorized","description":"Invalid Crumb"}}}
HTTP Error 401: {"finance":{"result":null,"error":{"code":"Unauthorized","description":"Invalid Crumb"}}}
HTTP Error 401: {"finance":{"result":null,"error":{"code":"Unauthorized","description":"Invalid Crumb"}}}
HTTP Error 401: {"finance":{"result":null,"error":{"code":"Unauthorized","description":"Invalid Crumb"}}}
HTTP Error 401: {"finance":{"result":null,"error":{"code":"Unauthorized","description":"Invalid Crumb"}}}
HTTP Error 401: {"finance":{"result":null,"error":{"code":"Unauthorized","description":"Invalid Crumb"}}}
HTTP Error 401: {"finance":{"result":null,"error":{"code":"Unauthorized","description":"Invalid Crumb"}}}
HTTP Error 401: {"finance":{"result":null,"error":{"code":"Unauthorized","description":"Invalid Crumb"}}}
HTTP Error 401: {"finance":{"result":null,"error":{"code":"Unauthorized","description":"Invalid Crumb"}}}
HTTP Error 401: {"finance":{"result":null,"error":{"code":"Unauthorized","description":"Invalid Crumb"}}}
HTTP Error 401: {"finance":{"result":null,"error":{"code":"Unauthorized","description":"Invalid Crumb"}}}
HTTP Error 401: {"finance":{"result":null,"error":{"code":"Unauthorized","description":"Invalid Crumb"}}}
HTTP Error 401: {"finance":{"result":null,"error":{"code":"Unauthorized","description":"Invalid Crumb"}}}
HTTP Error 401: {"finance":{"result":null,"error":{"code":"Unauthorized","description":"Invalid Crumb"}}}
HTTP Error 401: {"finance":{"result":null,"error":{"code":"Unauthorized","description":"Invalid Crumb"}}}
HTTP Error 401: {"finance":{"result":null,"error":{"code":"Unauthorized","description":"Invalid Crumb"}}}
HTTP Error 401: {"finance":{"result":null,"error":{"code":"Unauthorized","description":"Invalid Crumb"}}}
HTTP Error 401: {"finance":{"result":null,"error":{"code":"Unauthorized","description":"Invalid Crumb"}}}
HTTP Error 401: {"finance":{"result":null,"error":{"code":"Unauthorized","description":"Invalid Crumb"}}}
HTTP Error 401: {"finance":{"result":null,"error":{"code":"Unauthorized","description":"Invalid Crumb"}}}
HTTP Error 401: {"finance":{"result":null,"error":{"code":"Unauthorized","description":"Invalid Crumb"}}}
HTTP Error 401: {"finance":{"result":null,"error":{"code":"Unauthorized","description":"Invalid Crumb"}}}
HTTP Error 401: {"finance":{"result":null,"error":{"code":"Unauthorized","description":"Invalid Crumb"}}}
HTTP Error 401: {"finance":{"result":null,"error":{"code":"Unauthorized","description":"Invalid Crumb"}}}
HTTP Error 401: {"finance":{"result":null,"error":{"code":"Unauthorized","description":"Invalid Crumb"}}}
HTTP Error 401: {"finance":{"result":null,"error":{"code":"Unauthorized","description":"Invalid Crumb"}}}
HTTP Error 401: {"finance":{"result":null,"error":{"code":"Unauthorized","description":"Invalid Crumb"}}}
HTTP Error 401: {"finance":{"result":null,"error":{"code":"Unauthorized","description":"Invalid Crumb"}}}
HTTP Error 401: {"finance":{"result":null,"error":{"code":"Unauthorized","description":"Invalid Crumb"}}}
HTTP Error 401: {"finance":{"result":null,"error":{"code":"Unauthorized","description":"Invalid Crumb"}}}
HTTP Error 401: {"finance":{"result":null,"error":{"code":"Unauthorized","description":"Invalid Crumb"}}}
HTTP Error 401: {"finance":{"result":null,"error":{"code":"Unauthorized","description":"Invalid Crumb"}}}
HTTP Error 401: {"finance":{"result":null,"error":{"code":"Unauthorized","description":"Invalid Crumb"}}}
HTTP Error 401: {"finance":{"result":null,"error":{"code":"Unauthorized","description":"Invalid Crumb"}}}
HTTP Error 401: {"finance":{"result":null,"error":{"code":"Unauthorized","description":"Invalid Crumb"}}}
HTTP Error 401: {"finance":{"result":null,"error":{"code":"Unauthorized","description":"Invalid Crumb"}}}
HTTP Error 401: {"finance":{"result":null,"error":{"code":"Unauthorized","description":"Invalid Crumb"}}}
HTTP Error 401: {"finance":{"result":null,"error":{"code":"Unauthorized","description":"Invalid Crumb"}}}
HTTP Error 401: {"finance":{"result":null,"error":{"code":"Unauthorized","description":"Invalid Crumb"}}}
HTTP Error 401: {"finance":{"result":null,"error":{"code":"Unauthorized","description":"Invalid Crumb"}}}
HTTP Error 401: {"finance":{"result":null,"error":{"code":"Unauthorized","description":"Invalid Crumb"}}}
HTTP Error 401: {"finance":{"result":null,"error":{"code":"Unauthorized","description":"Invalid Crumb"}}}
HTTP Error 401: {"finance":{"result":null,"error":{"code":"Unauthorized","description":"Invalid Crumb"}}}
HTTP Error 401: {"finance":{"result":null,"error":{"code":"Unauthorized","description":"Invalid Crumb"}}}
HTTP Error 401: {"finance":{"result":null,"error":{"code":"Unauthorized","description":"Invalid Crumb"}}}
HTTP Error 401: {"finance":{"result":null,"error":{"code":"Unauthorized","description":"Invalid Crumb"}}}
HTTP Error 401: {"finance":{"result":null,"error":{"code":"Unauthorized","description":"Invalid Crumb"}}}
HTTP Error 401: {"finance":{"result":null,"error":{"code":"Unauthorized","description":"Invalid Crumb"}}}
HTTP Error 401: {"finance":{"result":null,"error":{"code":"Unauthorized","description":"Invalid Crumb"}}}
HTTP Error 401: {"finance":{"result":null,"error":{"code":"Unauthorized","description":"Invalid Crumb"}}}
HTTP Error 401: {"finance":{"result":null,"error":{"code":"Unauthorized","description":"Invalid Crumb"}}}
HTTP Error 401: {"finance":{"result":null,"error":{"code":"Unauthorized","description":"Invalid Crumb"}}}
HTTP Error 401: {"finance":{"result":null,"error":{"code":"Unauthorized","description":"Invalid Crumb"}}}
HTTP Error 401: {"finance":{"result":null,"error":{"code":"Unauthorized","description":"Invalid Crumb"}}}
HTTP Error 401: {"finance":{"result":null,"error":{"code":"Unauthorized","description":"Invalid Crumb"}}}
HTTP Error 401: {"finance":{"result":null,"error":{"code":"Unauthorized","description":"Invalid Crumb"}}}
HTTP Error 401: {"finance":{"result":null,"error":{"code":"Unauthorized","description":"Invalid Crumb"}}}
HTTP Error 401: {"finance":{"result":null,"error":{"code":"Unauthorized","description":"Invalid Crumb"}}}
HTTP Error 401: {"finance":{"result":null,"error":{"code":"Unauthorized","description":"Invalid Crumb"}}}
HTTP Error 401: {"finance":{"result":null,"error":{"code":"Unauthorized","description":"Invalid Crumb"}}}
HTTP Error 401: {"finance":{"result":null,"error":{"code":"Unauthorized","description":"Invalid Crumb"}}}
HTTP Error 401: {"finance":{"result":null,"error":{"code":"Unauthorized","description":"Invalid Crumb"}}}
HTTP Error 401: {"finance":{"result":null,"error":{"code":"Unauthorized","description":"Invalid Crumb"}}}
HTTP Error 401: {"finance":{"result":null,"error":{"code":"Unauthorized","description":"Invalid Crumb"}}}
HTTP Error 401: {"finance":{"result":null,"error":{"code":"Unauthorized","description":"Invalid Crumb"}}}
HTTP Error 401: {"finance":{"result":null,"error":{"code":"Unauthorized","description":"Invalid Crumb"}}}
HTTP Error 401: {"finance":{"result":null,"error":{"code":"Unauthorized","description":"Invalid Crumb"}}}
HTTP Error 401: {"finance":{"result":null,"error":{"code":"Unauthorized","description":"Invalid Crumb"}}}
HTTP Error 401: {"finance":{"result":null,"error":{"code":"Unauthorized","description":"Invalid Crumb"}}}
HTTP Error 401: {"finance":{"result":null,"error":{"code":"Unauthorized","description":"Invalid Crumb"}}}
HTTP Error 401: {"finance":{"result":null,"error":{"code":"Unauthorized","description":"Invalid Crumb"}}}
HTTP Error 401: {"finance":{"result":null,"error":{"code":"Unauthorized","description":"Invalid Crumb"}}}
HTTP Error 401: {"finance":{"result":null,"error":{"code":"Unauthorized","description":"Invalid Crumb"}}}
HTTP Error 401: {"finance":{"result":null,"error":{"code":"Unauthorized","description":"Invalid Crumb"}}}
HTTP Error 401: {"finance":{"result":null,"error":{"code":"Unauthorized","description":"Invalid Crumb"}}}
HTTP Error 401: {"finance":{"result":null,"error":{"code":"Unauthorized","description":"Invalid Crumb"}}}
HTTP Error 401: {"finance":{"result":null,"error":{"code":"Unauthorized","description":"Invalid Crumb"}}}
HTTP Error 401: {"finance":{"result":null,"error":{"code":"Unauthorized","description":"Invalid Crumb"}}}
HTTP Error 401: {"finance":{"result":null,"error":{"code":"Unauthorized","description":"Invalid Crumb"}}}
HTTP Error 401: {"finance":{"result":null,"error":{"code":"Unauthorized","description":"Invalid Crumb"}}}
HTTP Error 401: {"finance":{"result":null,"error":{"code":"Unauthorized","description":"Invalid Crumb"}}}
HTTP Error 401: {"finance":{"result":null,"error":{"code":"Unauthorized","description":"Invalid Crumb"}}}
HTTP Error 401: {"finance":{"result":null,"error":{"code":"Unauthorized","description":"Invalid Crumb"}}}
HTTP Error 401: {"finance":{"result":null,"error":{"code":"Unauthorized","description":"Invalid Crumb"}}}
HTTP Error 401: {"finance":{"result":null,"error":{"code":"Unauthorized","description":"Invalid Crumb"}}}
HTTP Error 401: {"finance":{"result":null,"error":{"code":"Unauthorized","description":"Invalid Crumb"}}}
HTTP Error 401: {"finance":{"result":null,"error":{"code":"Unauthorized","description":"Invalid Crumb"}}}
HTTP Error 401: {"finance":{"result":null,"error":{"code":"Unauthorized","description":"Invalid Crumb"}}}
HTTP Error 401: {"finance":{"result":null,"error":{"code":"Unauthorized","description":"Invalid Crumb"}}}
HTTP Error 401: {"finance":{"result":null,"error":{"code":"Unauthorized","description":"Invalid Crumb"}}}
HTTP Error 401: {"finance":{"result":null,"error":{"code":"Unauthorized","description":"Invalid Crumb"}}}
HTTP Error 401: {"finance":{"result":null,"error":{"code":"Unauthorized","description":"Invalid Crumb"}}}
HTTP Error 401: {"finance":{"result":null,"error":{"code":"Unauthorized","description":"Invalid Crumb"}}}
HTTP Error 401: {"finance":{"result":null,"error":{"code":"Unauthorized","description":"Invalid Crumb"}}}
HTTP Error 401: {"finance":{"result":null,"error":{"code":"Unauthorized","description":"Invalid Crumb"}}}
HTTP Error 401: {"finance":{"result":null,"error":{"code":"Unauthorized","description":"Invalid Crumb"}}}
HTTP Error 401: {"finance":{"result":null,"error":{"code":"Unauthorized","description":"Invalid Crumb"}}}
HTTP Error 401: {"finance":{"result":null,"error":{"code":"Unauthorized","description":"Invalid Crumb"}}}
HTTP Error 401: {"finance":{"result":null,"error":{"code":"Unauthorized","description":"Invalid Crumb"}}}
HTTP Error 401: {"finance":{"result":null,"error":{"code":"Unauthorized","description":"Invalid Crumb"}}}
HTTP Error 401: {"finance":{"result":null,"error":{"code":"Unauthorized","description":"Invalid Crumb"}}}
HTTP Error 401: {"finance":{"result":null,"error":{"code":"Unauthorized","description":"Invalid Crumb"}}}
HTTP Error 401: {"finance":{"result":null,"error":{"code":"Unauthorized","description":"Invalid Crumb"}}}
HTTP Error 401: {"finance":{"result":null,"error":{"code":"Unauthorized","description":"Invalid Crumb"}}}
HTTP Error 401: {"finance":{"result":null,"error":{"code":"Unauthorized","description":"Invalid Crumb"}}}
HTTP Error 401: {"finance":{"result":null,"error":{"code":"Unauthorized","description":"Invalid Crumb"}}}
HTTP Error 401: {"finance":{"result":null,"error":{"code":"Unauthorized","description":"Invalid Crumb"}}}
HTTP Error 401: {"finance":{"result":null,"error":{"code":"Unauthorized","description":"Invalid Crumb"}}}
HTTP Error 401: {"finance":{"result":null,"error":{"code":"Unauthorized","description":"Invalid Crumb"}}}
HTTP Error 401: {"finance":{"result":null,"error":{"code":"Unauthorized","description":"Invalid Crumb"}}}
HTTP Error 401: {"finance":{"result":null,"error":{"code":"Unauthorized","description":"Invalid Crumb"}}}
HTTP Error 401: {"finance":{"result":null,"error":{"code":"Unauthorized","description":"Invalid Crumb"}}}
HTTP Error 401: {"finance":{"result":null,"error":{"code":"Unauthorized","description":"Invalid Crumb"}}}
HTTP Error 401: {"finance":{"result":null,"error":{"code":"Unauthorized","description":"Invalid Crumb"}}}
HTTP Error 401: {"finance":{"result":null,"error":{"code":"Unauthorized","description":"Invalid Crumb"}}}
HTTP Error 401: {"finance":{"result":null,"error":{"code":"Unauthorized","description":"Invalid Crumb"}}}
HTTP Error 401: {"finance":{"result":null,"error":{"code":"Unauthorized","description":"Invalid Crumb"}}}
HTTP Error 401: {"finance":{"result":null,"error":{"code":"Unauthorized","description":"Invalid Crumb"}}}
HTTP Error 401: {"finance":{"result":null,"error":{"code":"Unauthorized","description":"Invalid Crumb"}}}
HTTP Error 401: {"finance":{"result":null,"error":{"code":"Unauthorized","description":"Invalid Crumb"}}}
HTTP Error 401: {"finance":{"result":null,"error":{"code":"Unauthorized","description":"Invalid Crumb"}}}
HTTP Error 401: {"finance":{"result":null,"error":{"code":"Unauthorized","description":"Invalid Crumb"}}}
HTTP Error 401: {"finance":{"result":null,"error":{"code":"Unauthorized","description":"Invalid Crumb"}}}
HTTP Error 401: {"finance":{"result":null,"error":{"code":"Unauthorized","description":"Invalid Crumb"}}}
HTTP Error 401: {"finance":{"result":null,"error":{"code":"Unauthorized","description":"Invalid Crumb"}}}
HTTP Error 401: {"finance":{"result":null,"error":{"code":"Unauthorized","description":"Invalid Crumb"}}}
HTTP Error 401: {"finance":{"result":null,"error":{"code":"Unauthorized","description":"Invalid Crumb"}}}
HTTP Error 401: {"finance":{"result":null,"error":{"code":"Unauthorized","description":"Invalid Crumb"}}}
HTTP Error 401: {"finance":{"result":null,"error":{"code":"Unauthorized","description":"Invalid Crumb"}}}
HTTP Error 401: {"finance":{"result":null,"error":{"code":"Unauthorized","description":"Invalid Crumb"}}}
HTTP Error 401: {"finance":{"result":null,"error":{"code":"Unauthorized","description":"Invalid Crumb"}}}
HTTP Error 401: {"finance":{"result":null,"error":{"code":"Unauthorized","description":"Invalid Crumb"}}}
HTTP Error 401: {"finance":{"result":null,"error":{"code":"Unauthorized","description":"Invalid Crumb"}}}
HTTP Error 401: {"finance":{"result":null,"error":{"code":"Unauthorized","description":"Invalid Crumb"}}}
HTTP Error 401: {"finance":{"result":null,"error":{"code":"Unauthorized","description":"Invalid Crumb"}}}
HTTP Error 401: {"finance":{"result":null,"error":{"code":"Unauthorized","description":"Invalid Crumb"}}}
HTTP Error 401: {"finance":{"result":null,"error":{"code":"Unauthorized","description":"Invalid Crumb"}}}
HTTP Error 401: {"finance":{"result":null,"error":{"code":"Unauthorized","description":"Invalid Crumb"}}}
HTTP Error 401: {"finance":{"result":null,"error":{"code":"Unauthorized","description":"Invalid Crumb"}}}
HTTP Error 401: {"finance":{"result":null,"error":{"code":"Unauthorized","description":"Invalid Crumb"}}}
HTTP Error 401: {"finance":{"result":null,"error":{"code":"Unauthorized","description":"Invalid Crumb"}}}
HTTP Error 401: {"finance":{"result":null,"error":{"code":"Unauthorized","description":"Invalid Crumb"}}}
HTTP Error 401: {"finance":{"result":null,"error":{"code":"Unauthorized","description":"Invalid Crumb"}}}
HTTP Error 401: {"finance":{"result":null,"error":{"code":"Unauthorized","description":"Invalid Crumb"}}}
HTTP Error 401: {"finance":{"result":null,"error":{"code":"Unauthorized","description":"Invalid Crumb"}}}
HTTP Error 401: {"finance":{"result":null,"error":{"code":"Unauthorized","description":"Invalid Crumb"}}}
HTTP Error 401: {"finance":{"result":null,"error":{"code":"Unauthorized","description":"Invalid Crumb"}}}
HTTP Error 401: {"finance":{"result":null,"error":{"code":"Unauthorized","description":"Invalid Crumb"}}}
HTTP Error 401: {"finance":{"result":null,"error":{"code":"Unauthorized","description":"Invalid Crumb"}}}
HTTP Error 401: {"finance":{"result":null,"error":{"code":"Unauthorized","description":"Invalid Crumb"}}}
HTTP Error 401: {"finance":{"result":null,"error":{"code":"Unauthorized","description":"Invalid Crumb"}}}
HTTP Error 401: {"finance":{"result":null,"error":{"code":"Unauthorized","description":"Invalid Crumb"}}}
HTTP Error 401: {"finance":{"result":null,"error":{"code":"Unauthorized","description":"Invalid Crumb"}}}
HTTP Error 401: {"finance":{"result":null,"error":{"code":"Unauthorized","description":"Invalid Crumb"}}}
HTTP Error 401: {"finance":{"result":null,"error":{"code":"Unauthorized","description":"Invalid Crumb"}}}
HTTP Error 401: {"finance":{"result":null,"error":{"code":"Unauthorized","description":"Invalid Crumb"}}}
HTTP Error 401: {"finance":{"result":null,"error":{"code":"Unauthorized","description":"Invalid Crumb"}}}
HTTP Error 401: {"finance":{"result":null,"error":{"code":"Unauthorized","description":"Invalid Crumb"}}}
HTTP Error 401: {"finance":{"result":null,"error":{"code":"Unauthorized","description":"Invalid Crumb"}}}
HTTP Error 401: {"finance":{"result":null,"error":{"code":"Unauthorized","description":"Invalid Crumb"}}}
HTTP Error 401: {"finance":{"result":null,"error":{"code":"Unauthorized","description":"Invalid Crumb"}}}
HTTP Error 401: {"finance":{"result":null,"error":{"code":"Unauthorized","description":"Invalid Crumb"}}}
HTTP Error 401: {"finance":{"result":null,"error":{"code":"Unauthorized","description":"Invalid Crumb"}}}
HTTP Error 401: {"finance":{"result":null,"error":{"code":"Unauthorized","description":"Invalid Crumb"}}}
HTTP Error 401: {"finance":{"result":null,"error":{"code":"Unauthorized","description":"Invalid Crumb"}}}
HTTP Error 401: {"finance":{"result":null,"error":{"code":"Unauthorized","description":"Invalid Crumb"}}}
HTTP Error 401: {"finance":{"result":null,"error":{"code":"Unauthorized","description":"Invalid Crumb"}}}
HTTP Error 401: {"finance":{"result":null,"error":{"code":"Unauthorized","description":"Invalid Crumb"}}}
HTTP Error 401: {"finance":{"result":null,"error":{"code":"Unauthorized","description":"Invalid Crumb"}}}
HTTP Error 401: {"finance":{"result":null,"error":{"code":"Unauthorized","description":"Invalid Crumb"}}}
HTTP Error 401: {"finance":{"result":null,"error":{"code":"Unauthorized","description":"Invalid Crumb"}}}
HTTP Error 401: {"finance":{"result":null,"error":{"code":"Unauthorized","description":"Invalid Crumb"}}}
HTTP Error 401: {"finance":{"result":null,"error":{"code":"Unauthorized","description":"Invalid Crumb"}}}
HTTP Error 401: {"finance":{"result":null,"error":{"code":"Unauthorized","description":"Invalid Crumb"}}}
HTTP Error 401: {"finance":{"result":null,"error":{"code":"Unauthorized","description":"Invalid Crumb"}}}
HTTP Error 401: {"finance":{"result":null,"error":{"code":"Unauthorized","description":"Invalid Crumb"}}}
HTTP Error 401: {"finance":{"result":null,"error":{"code":"Unauthorized","description":"Invalid Crumb"}}}
HTTP Error 401: {"finance":{"result":null,"error":{"code":"Unauthorized","description":"Invalid Crumb"}}}
HTTP Error 401: {"finance":{"result":null,"error":{"code":"Unauthorized","description":"Invalid Crumb"}}}
HTTP Error 401: {"finance":{"result":null,"error":{"code":"Unauthorized","description":"Invalid Crumb"}}}
HTTP Error 401: {"finance":{"result":null,"error":{"code":"Unauthorized","description":"Invalid Crumb"}}}
HTTP Error 401: {"finance":{"result":null,"error":{"code":"Unauthorized","description":"Invalid Crumb"}}}
HTTP Error 401: {"finance":{"result":null,"error":{"code":"Unauthorized","description":"Invalid Crumb"}}}
HTTP Error 401: {"finance":{"result":null,"error":{"code":"Unauthorized","description":"Invalid Crumb"}}}
HTTP Error 401: {"finance":{"result":null,"error":{"code":"Unauthorized","description":"Invalid Crumb"}}}
HTTP Error 401: {"finance":{"result":null,"error":{"code":"Unauthorized","description":"Invalid Crumb"}}}
HTTP Error 401: {"finance":{"result":null,"error":{"code":"Unauthorized","description":"Invalid Crumb"}}}
HTTP Error 401: {"finance":{"result":null,"error":{"code":"Unauthorized","description":"Invalid Crumb"}}}
HTTP Error 401: {"finance":{"result":null,"error":{"code":"Unauthorized","description":"Invalid Crumb"}}}
HTTP Error 401: {"finance":{"result":null,"error":{"code":"Unauthorized","description":"Invalid Crumb"}}}
HTTP Error 401: {"finance":{"result":null,"error":{"code":"Unauthorized","description":"Invalid Crumb"}}}
HTTP Error 401: {"finance":{"result":null,"error":{"code":"Unauthorized","description":"Invalid Crumb"}}}
HTTP Error 401: {"finance":{"result":null,"error":{"code":"Unauthorized","description":"Invalid Crumb"}}}
HTTP Error 401: {"finance":{"result":null,"error":{"code":"Unauthorized","description":"Invalid Crumb"}}}
HTTP Error 401: {"finance":{"result":null,"error":{"code":"Unauthorized","description":"Invalid Crumb"}}}
HTTP Error 401: {"finance":{"result":null,"error":{"code":"Unauthorized","description":"Invalid Crumb"}}}
HTTP Error 401: {"finance":{"result":null,"error":{"code":"Unauthorized","description":"Invalid Crumb"}}}
HTTP Error 401: {"finance":{"result":null,"error":{"code":"Unauthorized","description":"Invalid Crumb"}}}
HTTP Error 401: {"finance":{"result":null,"error":{"code":"Unauthorized","description":"Invalid Crumb"}}}
HTTP Error 401: {"finance":{"result":null,"error":{"code":"Unauthorized","description":"Invalid Crumb"}}}
HTTP Error 401: {"finance":{"result":null,"error":{"code":"Unauthorized","description":"Invalid Crumb"}}}
HTTP Error 401: {"finance":{"result":null,"error":{"code":"Unauthorized","description":"Invalid Crumb"}}}
HTTP Error 401: {"finance":{"result":null,"error":{"code":"Unauthorized","description":"Invalid Crumb"}}}
HTTP Error 401: {"finance":{"result":null,"error":{"code":"Unauthorized","description":"Invalid Crumb"}}}
HTTP Error 401: {"finance":{"result":null,"error":{"code":"Unauthorized","description":"Invalid Crumb"}}}
HTTP Error 401: {"finance":{"result":null,"error":{"code":"Unauthorized","description":"Invalid Crumb"}}}
HTTP Error 401: {"finance":{"result":null,"error":{"code":"Unauthorized","description":"Invalid Crumb"}}}
HTTP Error 401: {"finance":{"result":null,"error":{"code":"Unauthorized","description":"Invalid Crumb"}}}
HTTP Error 401: {"finance":{"result":null,"error":{"code":"Unauthorized","description":"Invalid Crumb"}}}
HTTP Error 401: {"finance":{"result":null,"error":{"code":"Unauthorized","description":"Invalid Crumb"}}}
HTTP Error 401: {"finance":{"result":null,"error":{"code":"Unauthorized","description":"Invalid Crumb"}}}
HTTP Error 401: {"finance":{"result":null,"error":{"code":"Unauthorized","description":"Invalid Crumb"}}}
HTTP Error 401: {"finance":{"result":null,"error":{"code":"Unauthorized","description":"Invalid Crumb"}}}
HTTP Error 401: {"finance":{"result":null,"error":{"code":"Unauthorized","description":"Invalid Crumb"}}}
HTTP Error 401: {"finance":{"result":null,"error":{"code":"Unauthorized","description":"Invalid Crumb"}}}
HTTP Error 401: {"finance":{"result":null,"error":{"code":"Unauthorized","description":"Invalid Crumb"}}}
HTTP Error 401: {"finance":{"result":null,"error":{"code":"Unauthorized","description":"Invalid Crumb"}}}
HTTP Error 401: {"finance":{"result":null,"error":{"code":"Unauthorized","description":"Invalid Crumb"}}}
HTTP Error 401: {"finance":{"result":null,"error":{"code":"Unauthorized","description":"Invalid Crumb"}}}
HTTP Error 401: {"finance":{"result":null,"error":{"code":"Unauthorized","description":"Invalid Crumb"}}}
HTTP Error 401: {"finance":{"result":null,"error":{"code":"Unauthorized","description":"Invalid Crumb"}}}
HTTP Error 401: {"finance":{"result":null,"error":{"code":"Unauthorized","description":"Invalid Crumb"}}}
HTTP Error 401: {"finance":{"result":null,"error":{"code":"Unauthorized","description":"Invalid Crumb"}}}
HTTP Error 401: {"finance":{"result":null,"error":{"code":"Unauthorized","description":"Invalid Crumb"}}}
HTTP Error 401: {"finance":{"result":null,"error":{"code":"Unauthorized","description":"Invalid Crumb"}}}
HTTP Error 401: {"finance":{"result":null,"error":{"code":"Unauthorized","description":"Invalid Crumb"}}}
HTTP Error 401: {"finance":{"result":null,"error":{"code":"Unauthorized","description":"Invalid Crumb"}}}
HTTP Error 401: {"finance":{"result":null,"error":{"code":"Unauthorized","description":"Invalid Crumb"}}}
HTTP Error 401: {"finance":{"result":null,"error":{"code":"Unauthorized","description":"Invalid Crumb"}}}
HTTP Error 401: {"finance":{"result":null,"error":{"code":"Unauthorized","description":"Invalid Crumb"}}}
HTTP Error 401: {"finance":{"result":null,"error":{"code":"Unauthorized","description":"Invalid Crumb"}}}
HTTP Error 401: {"finance":{"result":null,"error":{"code":"Unauthorized","description":"Invalid Crumb"}}}
HTTP Error 401: {"finance":{"result":null,"error":{"code":"Unauthorized","description":"Invalid Crumb"}}}
HTTP Error 401: {"finance":{"result":null,"error":{"code":"Unauthorized","description":"Invalid Crumb"}}}
HTTP Error 401: {"finance":{"result":null,"error":{"code":"Unauthorized","description":"Invalid Crumb"}}}
HTTP Error 401: {"finance":{"result":null,"error":{"code":"Unauthorized","description":"Invalid Crumb"}}}
HTTP Error 401: {"finance":{"result":null,"error":{"code":"Unauthorized","description":"Invalid Crumb"}}}
HTTP Error 401: {"finance":{"result":null,"error":{"code":"Unauthorized","description":"Invalid Crumb"}}}
HTTP Error 401: {"finance":{"result":null,"error":{"code":"Unauthorized","description":"Invalid Crumb"}}}
HTTP Error 401: {"finance":{"result":null,"error":{"code":"Unauthorized","description":"Invalid Crumb"}}}
HTTP Error 401: {"finance":{"result":null,"error":{"code":"Unauthorized","description":"Invalid Crumb"}}}
HTTP Error 401: {"finance":{"result":null,"error":{"code":"Unauthorized","description":"Invalid Crumb"}}}
HTTP Error 401: {"finance":{"result":null,"error":{"code":"Unauthorized","description":"Invalid Crumb"}}}
HTTP Error 401: {"finance":{"result":null,"error":{"code":"Unauthorized","description":"Invalid Crumb"}}}
HTTP Error 401: {"finance":{"result":null,"error":{"code":"Unauthorized","description":"Invalid Crumb"}}}
HTTP Error 401: {"finance":{"result":null,"error":{"code":"Unauthorized","description":"Invalid Crumb"}}}
HTTP Error 401: {"finance":{"result":null,"error":{"code":"Unauthorized","description":"Invalid Crumb"}}}
HTTP Error 401: {"finance":{"result":null,"error":{"code":"Unauthorized","description":"Invalid Crumb"}}}
HTTP Error 401: {"finance":{"result":null,"error":{"code":"Unauthorized","description":"Invalid Crumb"}}}
HTTP Error 401: {"finance":{"result":null,"error":{"code":"Unauthorized","description":"Invalid Crumb"}}}
HTTP Error 401: {"finance":{"result":null,"error":{"code":"Unauthorized","description":"Invalid Crumb"}}}
HTTP Error 401: {"finance":{"result":null,"error":{"code":"Unauthorized","description":"Invalid Crumb"}}}
HTTP Error 401: {"finance":{"result":null,"error":{"code":"Unauthorized","description":"Invalid Crumb"}}}
HTTP Error 401: {"finance":{"result":null,"error":{"code":"Unauthorized","description":"Invalid Crumb"}}}
HTTP Error 401: {"finance":{"result":null,"error":{"code":"Unauthorized","description":"Invalid Crumb"}}}
HTTP Error 401: {"finance":{"result":null,"error":{"code":"Unauthorized","description":"Invalid Crumb"}}}
HTTP Error 401: {"finance":{"result":null,"error":{"code":"Unauthorized","description":"Invalid Crumb"}}}
HTTP Error 401: {"finance":{"result":null,"error":{"code":"Unauthorized","description":"Invalid Crumb"}}}
HTTP Error 401: {"finance":{"result":null,"error":{"code":"Unauthorized","description":"Invalid Crumb"}}}
HTTP Error 401: {"finance":{"result":null,"error":{"code":"Unauthorized","description":"Invalid Crumb"}}}
HTTP Error 401: {"finance":{"result":null,"error":{"code":"Unauthorized","description":"Invalid Crumb"}}}
HTTP Error 401: {"finance":{"result":null,"error":{"code":"Unauthorized","description":"Invalid Crumb"}}}
HTTP Error 401: {"finance":{"result":null,"error":{"code":"Unauthorized","description":"Invalid Crumb"}}}
HTTP Error 401: {"finance":{"result":null,"error":{"code":"Unauthorized","description":"Invalid Crumb"}}}
HTTP Error 401: {"finance":{"result":null,"error":{"code":"Unauthorized","description":"Invalid Crumb"}}}
HTTP Error 401: {"finance":{"result":null,"error":{"code":"Unauthorized","description":"Invalid Crumb"}}}
HTTP Error 401: {"finance":{"result":null,"error":{"code":"Unauthorized","description":"Invalid Crumb"}}}
HTTP Error 401: {"finance":{"result":null,"error":{"code":"Unauthorized","description":"Invalid Crumb"}}}
HTTP Error 401: {"finance":{"result":null,"error":{"code":"Unauthorized","description":"Invalid Crumb"}}}
HTTP Error 401: {"finance":{"result":null,"error":{"code":"Unauthorized","description":"Invalid Crumb"}}}
HTTP Error 401: {"finance":{"result":null,"error":{"code":"Unauthorized","description":"Invalid Crumb"}}}
HTTP Error 401: {"finance":{"result":null,"error":{"code":"Unauthorized","description":"Invalid Crumb"}}}
HTTP Error 401: {"finance":{"result":null,"error":{"code":"Unauthorized","description":"Invalid Crumb"}}}
HTTP Error 401: {"finance":{"result":null,"error":{"code":"Unauthorized","description":"Invalid Crumb"}}}
HTTP Error 401: {"finance":{"result":null,"error":{"code":"Unauthorized","description":"Invalid Crumb"}}}
HTTP Error 401: {"finance":{"result":null,"error":{"code":"Unauthorized","description":"Invalid Crumb"}}}
HTTP Error 401: {"finance":{"result":null,"error":{"code":"Unauthorized","description":"Invalid Crumb"}}}
HTTP Error 401: {"finance":{"result":null,"error":{"code":"Unauthorized","description":"Invalid Crumb"}}}
HTTP Error 401: {"finance":{"result":null,"error":{"code":"Unauthorized","description":"Invalid Crumb"}}}
HTTP Error 401: {"finance":{"result":null,"error":{"code":"Unauthorized","description":"Invalid Crumb"}}}
HTTP Error 401: {"finance":{"result":null,"error":{"code":"Unauthorized","description":"Invalid Crumb"}}}
HTTP Error 401: {"finance":{"result":null,"error":{"code":"Unauthorized","description":"Invalid Crumb"}}}
HTTP Error 401: {"finance":{"result":null,"error":{"code":"Unauthorized","description":"Invalid Crumb"}}}
HTTP Error 401: {"finance":{"result":null,"error":{"code":"Unauthorized","description":"Invalid Crumb"}}}
HTTP Error 401: {"finance":{"result":null,"error":{"code":"Unauthorized","description":"Invalid Crumb"}}}
HTTP Error 401: {"finance":{"result":null,"error":{"code":"Unauthorized","description":"Invalid Crumb"}}}
HTTP Error 401: {"finance":{"result":null,"error":{"code":"Unauthorized","description":"Invalid Crumb"}}}
HTTP Error 401: {"finance":{"result":null,"error":{"code":"Unauthorized","description":"Invalid Crumb"}}}
HTTP Error 401: {"finance":{"result":null,"error":{"code":"Unauthorized","description":"Invalid Crumb"}}}
HTTP Error 401: {"finance":{"result":null,"error":{"code":"Unauthorized","description":"Invalid Crumb"}}}
HTTP Error 401: {"finance":{"result":null,"error":{"code":"Unauthorized","description":"Invalid Crumb"}}}
HTTP Error 401: {"finance":{"result":null,"error":{"code":"Unauthorized","description":"Invalid Crumb"}}}
HTTP Error 401: {"finance":{"result":null,"error":{"code":"Unauthorized","description":"Invalid Crumb"}}}
HTTP Error 401: {"finance":{"result":null,"error":{"code":"Unauthorized","description":"Invalid Crumb"}}}
HTTP Error 401: {"finance":{"result":null,"error":{"code":"Unauthorized","description":"Invalid Crumb"}}}
HTTP Error 401: {"finance":{"result":null,"error":{"code":"Unauthorized","description":"Invalid Crumb"}}}
HTTP Error 401: {"finance":{"result":null,"error":{"code":"Unauthorized","description":"Invalid Crumb"}}}
HTTP Error 401: {"finance":{"result":null,"error":{"code":"Unauthorized","description":"Invalid Crumb"}}}
HTTP Error 401: {"finance":{"result":null,"error":{"code":"Unauthorized","description":"Invalid Crumb"}}}
HTTP Error 401: {"finance":{"result":null,"error":{"code":"Unauthorized","description":"Invalid Crumb"}}}
HTTP Error 401: {"finance":{"result":null,"error":{"code":"Unauthorized","description":"Invalid Crumb"}}}
HTTP Error 401: {"finance":{"result":null,"error":{"code":"Unauthorized","description":"Invalid Crumb"}}}
HTTP Error 401: {"finance":{"result":null,"error":{"code":"Unauthorized","description":"Invalid Crumb"}}}
HTTP Error 401: {"finance":{"result":null,"error":{"code":"Unauthorized","description":"Invalid Crumb"}}}
HTTP Error 401: {"finance":{"result":null,"error":{"code":"Unauthorized","description":"Invalid Crumb"}}}
HTTP Error 401: {"finance":{"result":null,"error":{"code":"Unauthorized","description":"Invalid Crumb"}}}
HTTP Error 401: {"finance":{"result":null,"error":{"code":"Unauthorized","description":"Invalid Crumb"}}}
HTTP Error 401: {"finance":{"result":null,"error":{"code":"Unauthorized","description":"Invalid Crumb"}}}
HTTP Error 401: {"finance":{"result":null,"error":{"code":"Unauthorized","description":"Invalid Crumb"}}}
HTTP Error 401: {"finance":{"result":null,"error":{"code":"Unauthorized","description":"Invalid Crumb"}}}
HTTP Error 401: {"finance":{"result":null,"error":{"code":"Unauthorized","description":"Invalid Crumb"}}}
HTTP Error 401: {"finance":{"result":null,"error":{"code":"Unauthorized","description":"Invalid Crumb"}}}
HTTP Error 401: {"finance":{"result":null,"error":{"code":"Unauthorized","description":"Invalid Crumb"}}}
HTTP Error 401: {"finance":{"result":null,"error":{"code":"Unauthorized","description":"Invalid Crumb"}}}
HTTP Error 401: {"finance":{"result":null,"error":{"code":"Unauthorized","description":"Invalid Crumb"}}}
HTTP Error 401: {"finance":{"result":null,"error":{"code":"Unauthorized","description":"Invalid Crumb"}}}
HTTP Error 401: {"finance":{"result":null,"error":{"code":"Unauthorized","description":"Invalid Crumb"}}}
HTTP Error 401: {"finance":{"result":null,"error":{"code":"Unauthorized","description":"Invalid Crumb"}}}
HTTP Error 401: {"finance":{"result":null,"error":{"code":"Unauthorized","description":"Invalid Crumb"}}}
HTTP Error 401: {"finance":{"result":null,"error":{"code":"Unauthorized","description":"Invalid Crumb"}}}
HTTP Error 401: {"finance":{"result":null,"error":{"code":"Unauthorized","description":"Invalid Crumb"}}}
HTTP Error 401: {"finance":{"result":null,"error":{"code":"Unauthorized","description":"Invalid Crumb"}}}
HTTP Error 401: {"finance":{"result":null,"error":{"code":"Unauthorized","description":"Invalid Crumb"}}}
HTTP Error 401: {"finance":{"result":null,"error":{"code":"Unauthorized","description":"Invalid Crumb"}}}
HTTP Error 401: {"finance":{"result":null,"error":{"code":"Unauthorized","description":"Invalid Crumb"}}}
HTTP Error 401: {"finance":{"result":null,"error":{"code":"Unauthorized","description":"Invalid Crumb"}}}
HTTP Error 401: {"finance":{"result":null,"error":{"code":"Unauthorized","description":"Invalid Crumb"}}}
HTTP Error 401: {"finance":{"result":null,"error":{"code":"Unauthorized","description":"Invalid Crumb"}}}
HTTP Error 401: {"finance":{"result":null,"error":{"code":"Unauthorized","description":"Invalid Crumb"}}}
HTTP Error 401: {"finance":{"result":null,"error":{"code":"Unauthorized","description":"Invalid Crumb"}}}
HTTP Error 401: {"finance":{"result":null,"error":{"code":"Unauthorized","description":"Invalid Crumb"}}}
HTTP Error 401: {"finance":{"result":null,"error":{"code":"Unauthorized","description":"Invalid Crumb"}}}
HTTP Error 401: {"finance":{"result":null,"error":{"code":"Unauthorized","description":"Invalid Crumb"}}}
HTTP Error 401: {"finance":{"result":null,"error":{"code":"Unauthorized","description":"Invalid Crumb"}}}
HTTP Error 401: {"finance":{"result":null,"error":{"code":"Unauthorized","description":"Invalid Crumb"}}}
HTTP Error 401: {"finance":{"result":null,"error":{"code":"Unauthorized","description":"Invalid Crumb"}}}
HTTP Error 401: {"finance":{"result":null,"error":{"code":"Unauthorized","description":"Invalid Crumb"}}}
HTTP Error 401: {"finance":{"result":null,"error":{"code":"Unauthorized","description":"Invalid Crumb"}}}
HTTP Error 401: {"finance":{"result":null,"error":{"code":"Unauthorized","description":"Invalid Crumb"}}}
HTTP Error 401: {"finance":{"result":null,"error":{"code":"Unauthorized","description":"Invalid Crumb"}}}
HTTP Error 401: {"finance":{"result":null,"error":{"code":"Unauthorized","description":"Invalid Crumb"}}}
HTTP Error 401: {"finance":{"result":null,"error":{"code":"Unauthorized","description":"Invalid Crumb"}}}
HTTP Error 401: {"finance":{"result":null,"error":{"code":"Unauthorized","description":"Invalid Crumb"}}}
HTTP Error 401: {"finance":{"result":null,"error":{"code":"Unauthorized","description":"Invalid Crumb"}}}
HTTP Error 401: {"finance":{"result":null,"error":{"code":"Unauthorized","description":"Invalid Crumb"}}}
HTTP Error 401: {"finance":{"result":null,"error":{"code":"Unauthorized","description":"Invalid Crumb"}}}
HTTP Error 401: {"finance":{"result":null,"error":{"code":"Unauthorized","description":"Invalid Crumb"}}}
HTTP Error 401: {"finance":{"result":null,"error":{"code":"Unauthorized","description":"Invalid Crumb"}}}
HTTP Error 401: {"finance":{"result":null,"error":{"code":"Unauthorized","description":"Invalid Crumb"}}}
HTTP Error 401: {"finance":{"result":null,"error":{"code":"Unauthorized","description":"Invalid Crumb"}}}
HTTP Error 401: {"finance":{"result":null,"error":{"code":"Unauthorized","description":"Invalid Crumb"}}}
HTTP Error 401: {"finance":{"result":null,"error":{"code":"Unauthorized","description":"Invalid Crumb"}}}
HTTP Error 401: {"finance":{"result":null,"error":{"code":"Unauthorized","description":"Invalid Crumb"}}}
HTTP Error 401: {"finance":{"result":null,"error":{"code":"Unauthorized","description":"Invalid Crumb"}}}
HTTP Error 401: {"finance":{"result":null,"error":{"code":"Unauthorized","description":"Invalid Crumb"}}}
HTTP Error 401: {"finance":{"result":null,"error":{"code":"Unauthorized","description":"Invalid Crumb"}}}
HTTP Error 401: {"finance":{"result":null,"error":{"code":"Unauthorized","description":"Invalid Crumb"}}}
HTTP Error 401: {"finance":{"result":null,"error":{"code":"Unauthorized","description":"Invalid Crumb"}}}
HTTP Error 401: {"finance":{"result":null,"error":{"code":"Unauthorized","description":"Invalid Crumb"}}}
HTTP Error 401: {"finance":{"result":null,"error":{"code":"Unauthorized","description":"Invalid Crumb"}}}
HTTP Error 401: {"finance":{"result":null,"error":{"code":"Unauthorized","description":"Invalid Crumb"}}}
HTTP Error 401: {"finance":{"result":null,"error":{"code":"Unauthorized","description":"Invalid Crumb"}}}
HTTP Error 401: {"finance":{"result":null,"error":{"code":"Unauthorized","description":"Invalid Crumb"}}}
HTTP Error 401: {"finance":{"result":null,"error":{"code":"Unauthorized","description":"Invalid Crumb"}}}
HTTP Error 401: {"finance":{"result":null,"error":{"code":"Unauthorized","description":"Invalid Crumb"}}}
HTTP Error 401: {"finance":{"result":null,"error":{"code":"Unauthorized","description":"Invalid Crumb"}}}
HTTP Error 401: {"finance":{"result":null,"error":{"code":"Unauthorized","description":"Invalid Crumb"}}}
HTTP Error 401: {"finance":{"result":null,"error":{"code":"Unauthorized","description":"Invalid Crumb"}}}
HTTP Error 401: {"finance":{"result":null,"error":{"code":"Unauthorized","description":"Invalid Crumb"}}}
HTTP Error 401: {"finance":{"result":null,"error":{"code":"Unauthorized","description":"Invalid Crumb"}}}
HTTP Error 401: {"finance":{"result":null,"error":{"code":"Unauthorized","description":"Invalid Crumb"}}}
HTTP Error 401: {"finance":{"result":null,"error":{"code":"Unauthorized","description":"Invalid Crumb"}}}
HTTP Error 401: {"finance":{"result":null,"error":{"code":"Unauthorized","description":"Invalid Crumb"}}}
HTTP Error 401: {"finance":{"result":null,"error":{"code":"Unauthorized","description":"Invalid Crumb"}}}
HTTP Error 401: {"finance":{"result":null,"error":{"code":"Unauthorized","description":"Invalid Crumb"}}}
HTTP Error 401: {"finance":{"result":null,"error":{"code":"Unauthorized","description":"Invalid Crumb"}}}
HTTP Error 401: {"finance":{"result":null,"error":{"code":"Unauthorized","description":"Invalid Crumb"}}}
HTTP Error 401: {"finance":{"result":null,"error":{"code":"Unauthorized","description":"Invalid Crumb"}}}
HTTP Error 401: {"finance":{"result":null,"error":{"code":"Unauthorized","description":"Invalid Crumb"}}}
HTTP Error 401: {"finance":{"result":null,"error":{"code":"Unauthorized","description":"Invalid Crumb"}}}
HTTP Error 401: {"finance":{"result":null,"error":{"code":"Unauthorized","description":"Invalid Crumb"}}}
HTTP Error 401: {"finance":{"result":null,"error":{"code":"Unauthorized","description":"Invalid Crumb"}}}
HTTP Error 401: {"finance":{"result":null,"error":{"code":"Unauthorized","description":"Invalid Crumb"}}}
HTTP Error 401: {"finance":{"result":null,"error":{"code":"Unauthorized","description":"Invalid Crumb"}}}
HTTP Error 401: {"finance":{"result":null,"error":{"code":"Unauthorized","description":"Invalid Crumb"}}}
HTTP Error 401: {"finance":{"result":null,"error":{"code":"Unauthorized","description":"Invalid Crumb"}}}
HTTP Error 401: {"finance":{"result":null,"error":{"code":"Unauthorized","description":"Invalid Crumb"}}}
HTTP Error 401: {"finance":{"result":null,"error":{"code":"Unauthorized","description":"Invalid Crumb"}}}
HTTP Error 401: {"finance":{"result":null,"error":{"code":"Unauthorized","description":"Invalid Crumb"}}}
HTTP Error 401: {"finance":{"result":null,"error":{"code":"Unauthorized","description":"Invalid Crumb"}}}
HTTP Error 401: {"finance":{"result":null,"error":{"code":"Unauthorized","description":"Invalid Crumb"}}}
HTTP Error 401: {"finance":{"result":null,"error":{"code":"Unauthorized","description":"Invalid Crumb"}}}
HTTP Error 401: {"finance":{"result":null,"error":{"code":"Unauthorized","description":"Invalid Crumb"}}}
HTTP Error 401: {"finance":{"result":null,"error":{"code":"Unauthorized","description":"Invalid Crumb"}}}
HTTP Error 401: {"finance":{"result":null,"error":{"code":"Unauthorized","description":"Invalid Crumb"}}}
HTTP Error 401: {"finance":{"result":null,"error":{"code":"Unauthorized","description":"Invalid Crumb"}}}
HTTP Error 401: {"finance":{"result":null,"error":{"code":"Unauthorized","description":"Invalid Crumb"}}}
HTTP Error 401: {"finance":{"result":null,"error":{"code":"Unauthorized","description":"Invalid Crumb"}}}
HTTP Error 401: {"finance":{"result":null,"error":{"code":"Unauthorized","description":"Invalid Crumb"}}}
HTTP Error 401: {"finance":{"result":null,"error":{"code":"Unauthorized","description":"Invalid Crumb"}}}
HTTP Error 401: {"finance":{"result":null,"error":{"code":"Unauthorized","description":"Invalid Crumb"}}}
HTTP Error 401: {"finance":{"result":null,"error":{"code":"Unauthorized","description":"Invalid Crumb"}}}
HTTP Error 401: {"finance":{"result":null,"error":{"code":"Unauthorized","description":"Invalid Crumb"}}}
HTTP Error 401: {"finance":{"result":null,"error":{"code":"Unauthorized","description":"Invalid Crumb"}}}
HTTP Error 401: {"finance":{"result":null,"error":{"code":"Unauthorized","description":"Invalid Crumb"}}}
HTTP Error 401: {"finance":{"result":null,"error":{"code":"Unauthorized","description":"Invalid Crumb"}}}
HTTP Error 401: {"finance":{"result":null,"error":{"code":"Unauthorized","description":"Invalid Crumb"}}}
HTTP Error 401: {"finance":{"result":null,"error":{"code":"Unauthorized","description":"Invalid Crumb"}}}
HTTP Error 401: {"finance":{"result":null,"error":{"code":"Unauthorized","description":"Invalid Crumb"}}}
HTTP Error 401: {"finance":{"result":null,"error":{"code":"Unauthorized","description":"Invalid Crumb"}}}
HTTP Error 401: {"finance":{"result":null,"error":{"code":"Unauthorized","description":"Invalid Crumb"}}}
HTTP Error 401: {"finance":{"result":null,"error":{"code":"Unauthorized","description":"Invalid Crumb"}}}
HTTP Error 401: {"finance":{"result":null,"error":{"code":"Unauthorized","description":"Invalid Crumb"}}}
HTTP Error 401: {"finance":{"result":null,"error":{"code":"Unauthorized","description":"Invalid Crumb"}}}
HTTP Error 401: {"finance":{"result":null,"error":{"code":"Unauthorized","description":"Invalid Crumb"}}}
HTTP Error 401: {"finance":{"result":null,"error":{"code":"Unauthorized","description":"Invalid Crumb"}}}
HTTP Error 401: {"finance":{"result":null,"error":{"code":"Unauthorized","description":"Invalid Crumb"}}}
HTTP Error 401: {"finance":{"result":null,"error":{"code":"Unauthorized","description":"Invalid Crumb"}}}
HTTP Error 401: {"finance":{"result":null,"error":{"code":"Unauthorized","description":"Invalid Crumb"}}}
HTTP Error 401: {"finance":{"result":null,"error":{"code":"Unauthorized","description":"Invalid Crumb"}}}
HTTP Error 401: {"finance":{"result":null,"error":{"code":"Unauthorized","description":"Invalid Crumb"}}}
HTTP Error 401: {"finance":{"result":null,"error":{"code":"Unauthorized","description":"Invalid Crumb"}}}
HTTP Error 401: {"finance":{"result":null,"error":{"code":"Unauthorized","description":"Invalid Crumb"}}}
HTTP Error 401: {"finance":{"result":null,"error":{"code":"Unauthorized","description":"Invalid Crumb"}}}
HTTP Error 401: {"finance":{"result":null,"error":{"code":"Unauthorized","description":"Invalid Crumb"}}}
HTTP Error 401: {"finance":{"result":null,"error":{"code":"Unauthorized","description":"Invalid Crumb"}}}
HTTP Error 401: {"finance":{"result":null,"error":{"code":"Unauthorized","description":"Invalid Crumb"}}}
HTTP Error 401: {"finance":{"result":null,"error":{"code":"Unauthorized","description":"Invalid Crumb"}}}
HTTP Error 401: {"finance":{"result":null,"error":{"code":"Unauthorized","description":"Invalid Crumb"}}}
HTTP Error 401: {"finance":{"result":null,"error":{"code":"Unauthorized","description":"Invalid Crumb"}}}
HTTP Error 401: {"finance":{"result":null,"error":{"code":"Unauthorized","description":"Invalid Crumb"}}}
HTTP Error 401: {"finance":{"result":null,"error":{"code":"Unauthorized","description":"Invalid Crumb"}}}
HTTP Error 401: {"finance":{"result":null,"error":{"code":"Unauthorized","description":"Invalid Crumb"}}}
HTTP Error 401: {"finance":{"result":null,"error":{"code":"Unauthorized","description":"Invalid Crumb"}}}
HTTP Error 401: {"finance":{"result":null,"error":{"code":"Unauthorized","description":"Invalid Crumb"}}}
HTTP Error 401: {"finance":{"result":null,"error":{"code":"Unauthorized","description":"Invalid Crumb"}}}
HTTP Error 401: {"finance":{"result":null,"error":{"code":"Unauthorized","description":"Invalid Crumb"}}}
HTTP Error 401: {"finance":{"result":null,"error":{"code":"Unauthorized","description":"Invalid Crumb"}}}
HTTP Error 401: {"finance":{"result":null,"error":{"code":"Unauthorized","description":"Invalid Crumb"}}}
HTTP Error 401: {"finance":{"result":null,"error":{"code":"Unauthorized","description":"Invalid Crumb"}}}
HTTP Error 401: {"finance":{"result":null,"error":{"code":"Unauthorized","description":"Invalid Crumb"}}}
HTTP Error 401: {"finance":{"result":null,"error":{"code":"Unauthorized","description":"Invalid Crumb"}}}
HTTP Error 401: {"finance":{"result":null,"error":{"code":"Unauthorized","description":"Invalid Crumb"}}}
HTTP Error 401: {"finance":{"result":null,"error":{"code":"Unauthorized","description":"User is unable to access this feature - https://bit.ly/yahoo-finance-api-feedback"}}}
HTTP Error 401: {"finance":{"result":null,"error":{"code":"Unauthorized","description":"Invalid Crumb"}}}
HTTP Error 401: {"finance":{"result":null,"error":{"code":"Unauthorized","description":"Invalid Crumb"}}}
HTTP Error 401: {"finance":{"result":null,"error":{"code":"Unauthorized","description":"Invalid Crumb"}}}
HTTP Error 401: {"finance":{"result":null,"error":{"code":"Unauthorized","description":"Invalid Crumb"}}}
HTTP Error 401: {"finance":{"result":null,"error":{"code":"Unauthorized","description":"Invalid Crumb"}}}
HTTP Error 401: {"finance":{"result":null,"error":{"code":"Unauthorized","description":"Invalid Crumb"}}}
HTTP Error 401: {"finance":{"result":null,"error":{"code":"Unauthorized","description":"Invalid Crumb"}}}
HTTP Error 401: {"finance":{"result":null,"error":{"code":"Unauthorized","description":"Invalid Crumb"}}}
HTTP Error 401: {"finance":{"result":null,"error":{"code":"Unauthorized","description":"Invalid Crumb"}}}
HTTP Error 401: {"finance":{"result":null,"error":{"code":"Unauthorized","description":"Invalid Crumb"}}}
HTTP Error 401: {"finance":{"result":null,"error":{"code":"Unauthorized","description":"Invalid Crumb"}}}
HTTP Error 401: {"finance":{"result":null,"error":{"code":"Unauthorized","description":"Invalid Crumb"}}}
HTTP Error 401: {"finance":{"result":null,"error":{"code":"Unauthorized","description":"Invalid Crumb"}}}
HTTP Error 401: {"finance":{"result":null,"error":{"code":"Unauthorized","description":"Invalid Crumb"}}}
HTTP Error 401: {"finance":{"result":null,"error":{"code":"Unauthorized","description":"Invalid Crumb"}}}
HTTP Error 401: {"finance":{"result":null,"error":{"code":"Unauthorized","description":"Invalid Crumb"}}}
HTTP Error 401: {"finance":{"result":null,"error":{"code":"Unauthorized","description":"Invalid Crumb"}}}
HTTP Error 401: {"finance":{"result":null,"error":{"code":"Unauthorized","description":"Invalid Crumb"}}}
HTTP Error 401: {"finance":{"result":null,"error":{"code":"Unauthorized","description":"Invalid Crumb"}}}
HTTP Error 401: {"finance":{"result":null,"error":{"code":"Unauthorized","description":"Invalid Crumb"}}}
HTTP Error 401: {"finance":{"result":null,"error":{"code":"Unauthorized","description":"Invalid Crumb"}}}
HTTP Error 401: {"finance":{"result":null,"error":{"code":"Unauthorized","description":"Invalid Crumb"}}}
HTTP Error 401: {"finance":{"result":null,"error":{"code":"Unauthorized","description":"Invalid Crumb"}}}
HTTP Error 401: {"finance":{"result":null,"error":{"code":"Unauthorized","description":"Invalid Crumb"}}}
HTTP Error 401: {"finance":{"result":null,"error":{"code":"Unauthorized","description":"Invalid Crumb"}}}
HTTP Error 401: {"finance":{"result":null,"error":{"code":"Unauthorized","description":"Invalid Crumb"}}}
HTTP Error 401: {"finance":{"result":null,"error":{"code":"Unauthorized","description":"Invalid Crumb"}}}
HTTP Error 401: {"finance":{"result":null,"error":{"code":"Unauthorized","description":"Invalid Crumb"}}}
HTTP Error 401: {"finance":{"result":null,"error":{"code":"Unauthorized","description":"Invalid Crumb"}}}
HTTP Error 401: {"finance":{"result":null,"error":{"code":"Unauthorized","description":"Invalid Crumb"}}}
HTTP Error 401: {"finance":{"result":null,"error":{"code":"Unauthorized","description":"Invalid Crumb"}}}
HTTP Error 401: {"finance":{"result":null,"error":{"code":"Unauthorized","description":"Invalid Crumb"}}}
HTTP Error 401: {"finance":{"result":null,"error":{"code":"Unauthorized","description":"Invalid Crumb"}}}
HTTP Error 401: {"finance":{"result":null,"error":{"code":"Unauthorized","description":"Invalid Crumb"}}}
HTTP Error 401: {"finance":{"result":null,"error":{"code":"Unauthorized","description":"Invalid Crumb"}}}
HTTP Error 401: {"finance":{"result":null,"error":{"code":"Unauthorized","description":"Invalid Crumb"}}}
HTTP Error 401: {"finance":{"result":null,"error":{"code":"Unauthorized","description":"Invalid Crumb"}}}
HTTP Error 401: {"finance":{"result":null,"error":{"code":"Unauthorized","description":"Invalid Crumb"}}}
HTTP Error 401: {"finance":{"result":null,"error":{"code":"Unauthorized","description":"Invalid Crumb"}}}
HTTP Error 401: {"finance":{"result":null,"error":{"code":"Unauthorized","description":"Invalid Crumb"}}}
HTTP Error 401: {"finance":{"result":null,"error":{"code":"Unauthorized","description":"Invalid Crumb"}}}
HTTP Error 401: {"finance":{"result":null,"error":{"code":"Unauthorized","description":"Invalid Crumb"}}}
HTTP Error 401: {"finance":{"result":null,"error":{"code":"Unauthorized","description":"Invalid Crumb"}}}
HTTP Error 401: {"finance":{"result":null,"error":{"code":"Unauthorized","description":"Invalid Crumb"}}}
HTTP Error 401: {"finance":{"result":null,"error":{"code":"Unauthorized","description":"Invalid Crumb"}}}
HTTP Error 401: {"finance":{"result":null,"error":{"code":"Unauthorized","description":"Invalid Crumb"}}}
HTTP Error 401: {"finance":{"result":null,"error":{"code":"Unauthorized","description":"Invalid Crumb"}}}
HTTP Error 401: {"finance":{"result":null,"error":{"code":"Unauthorized","description":"Invalid Crumb"}}}
HTTP Error 401: {"finance":{"result":null,"error":{"code":"Unauthorized","description":"Invalid Crumb"}}}
HTTP Error 401: {"finance":{"result":null,"error":{"code":"Unauthorized","description":"Invalid Crumb"}}}
HTTP Error 401: {"finance":{"result":null,"error":{"code":"Unauthorized","description":"Invalid Crumb"}}}
HTTP Error 401: {"finance":{"result":null,"error":{"code":"Unauthorized","description":"Invalid Crumb"}}}
HTTP Error 401: {"finance":{"result":null,"error":{"code":"Unauthorized","description":"Invalid Crumb"}}}
HTTP Error 401: {"finance":{"result":null,"error":{"code":"Unauthorized","description":"Invalid Crumb"}}}
HTTP Error 401: {"finance":{"result":null,"error":{"code":"Unauthorized","description":"Invalid Crumb"}}}
HTTP Error 401: {"finance":{"result":null,"error":{"code":"Unauthorized","description":"Invalid Crumb"}}}
HTTP Error 401: {"finance":{"result":null,"error":{"code":"Unauthorized","description":"Invalid Crumb"}}}
HTTP Error 401: {"finance":{"result":null,"error":{"code":"Unauthorized","description":"Invalid Crumb"}}}
HTTP Error 401: {"finance":{"result":null,"error":{"code":"Unauthorized","description":"Invalid Crumb"}}}
HTTP Error 401: {"finance":{"result":null,"error":{"code":"Unauthorized","description":"Invalid Crumb"}}}
HTTP Error 401: {"finance":{"result":null,"error":{"code":"Unauthorized","description":"Invalid Crumb"}}}
HTTP Error 401: {"finance":{"result":null,"error":{"code":"Unauthorized","description":"Invalid Crumb"}}}
HTTP Error 401: {"finance":{"result":null,"error":{"code":"Unauthorized","description":"Invalid Crumb"}}}
HTTP Error 401: {"finance":{"result":null,"error":{"code":"Unauthorized","description":"Invalid Crumb"}}}
HTTP Error 401: {"finance":{"result":null,"error":{"code":"Unauthorized","description":"Invalid Crumb"}}}
HTTP Error 401: {"finance":{"result":null,"error":{"code":"Unauthorized","description":"Invalid Crumb"}}}
HTTP Error 401: {"finance":{"result":null,"error":{"code":"Unauthorized","description":"Invalid Crumb"}}}
HTTP Error 401: {"finance":{"result":null,"error":{"code":"Unauthorized","description":"Invalid Crumb"}}}
HTTP Error 401: {"finance":{"result":null,"error":{"code":"Unauthorized","description":"Invalid Crumb"}}}
HTTP Error 401: {"finance":{"result":null,"error":{"code":"Unauthorized","description":"Invalid Crumb"}}}
HTTP Error 401: {"finance":{"result":null,"error":{"code":"Unauthorized","description":"Invalid Crumb"}}}
HTTP Error 401: {"finance":{"result":null,"error":{"code":"Unauthorized","description":"Invalid Crumb"}}}
HTTP Error 401: {"finance":{"result":null,"error":{"code":"Unauthorized","description":"Invalid Crumb"}}}
HTTP Error 401: {"finance":{"result":null,"error":{"code":"Unauthorized","description":"Invalid Crumb"}}}
HTTP Error 401: {"finance":{"result":null,"error":{"code":"Unauthorized","description":"Invalid Crumb"}}}
HTTP Error 401: {"finance":{"result":null,"error":{"code":"Unauthorized","description":"Invalid Crumb"}}}
HTTP Error 401: {"finance":{"result":null,"error":{"code":"Unauthorized","description":"Invalid Crumb"}}}
HTTP Error 401: {"finance":{"result":null,"error":{"code":"Unauthorized","description":"Invalid Crumb"}}}
HTTP Error 401: {"finance":{"result":null,"error":{"code":"Unauthorized","description":"Invalid Crumb"}}}
HTTP Error 401: {"finance":{"result":null,"error":{"code":"Unauthorized","description":"Invalid Crumb"}}}
HTTP Error 401: {"finance":{"result":null,"error":{"code":"Unauthorized","description":"Invalid Crumb"}}}
HTTP Error 401: {"finance":{"result":null,"error":{"code":"Unauthorized","description":"Invalid Crumb"}}}
HTTP Error 401: {"finance":{"result":null,"error":{"code":"Unauthorized","description":"Invalid Crumb"}}}
HTTP Error 401: {"finance":{"result":null,"error":{"code":"Unauthorized","description":"Invalid Crumb"}}}
HTTP Error 401: {"finance":{"result":null,"error":{"code":"Unauthorized","description":"Invalid Crumb"}}}
HTTP Error 401: {"finance":{"result":null,"error":{"code":"Unauthorized","description":"Invalid Crumb"}}}
HTTP Error 401: {"finance":{"result":null,"error":{"code":"Unauthorized","description":"Invalid Crumb"}}}
HTTP Error 401: {"finance":{"result":null,"error":{"code":"Unauthorized","description":"Invalid Crumb"}}}
HTTP Error 401: {"finance":{"result":null,"error":{"code":"Unauthorized","description":"Invalid Crumb"}}}
HTTP Error 401: {"finance":{"result":null,"error":{"code":"Unauthorized","description":"Invalid Crumb"}}}
HTTP Error 401: {"finance":{"result":null,"error":{"code":"Unauthorized","description":"Invalid Crumb"}}}
HTTP Error 401: {"finance":{"result":null,"error":{"code":"Unauthorized","description":"Invalid Crumb"}}}
HTTP Error 401: {"finance":{"result":null,"error":{"code":"Unauthorized","description":"Invalid Crumb"}}}
HTTP Error 401: {"finance":{"result":null,"error":{"code":"Unauthorized","description":"Invalid Crumb"}}}
HTTP Error 401: {"finance":{"result":null,"error":{"code":"Unauthorized","description":"Invalid Crumb"}}}
HTTP Error 401: {"finance":{"result":null,"error":{"code":"Unauthorized","description":"Invalid Crumb"}}}
HTTP Error 401: {"finance":{"result":null,"error":{"code":"Unauthorized","description":"Invalid Crumb"}}}
HTTP Error 401: {"finance":{"result":null,"error":{"code":"Unauthorized","description":"Invalid Crumb"}}}
HTTP Error 401: {"finance":{"result":null,"error":{"code":"Unauthorized","description":"Invalid Crumb"}}}
HTTP Error 401: {"finance":{"result":null,"error":{"code":"Unauthorized","description":"Invalid Crumb"}}}
HTTP Error 401: {"finance":{"result":null,"error":{"code":"Unauthorized","description":"Invalid Crumb"}}}
HTTP Error 401: {"finance":{"result":null,"error":{"code":"Unauthorized","description":"Invalid Crumb"}}}
HTTP Error 401: {"finance":{"result":null,"error":{"code":"Unauthorized","description":"Invalid Crumb"}}}
HTTP Error 401: {"finance":{"result":null,"error":{"code":"Unauthorized","description":"Invalid Crumb"}}}
HTTP Error 401: {"finance":{"result":null,"error":{"code":"Unauthorized","description":"Invalid Crumb"}}}
HTTP Error 401: {"finance":{"result":null,"error":{"code":"Unauthorized","description":"Invalid Crumb"}}}
HTTP Error 401: {"finance":{"result":null,"error":{"code":"Unauthorized","description":"Invalid Crumb"}}}
HTTP Error 401: {"finance":{"result":null,"error":{"code":"Unauthorized","description":"Invalid Crumb"}}}
HTTP Error 401: {"finance":{"result":null,"error":{"code":"Unauthorized","description":"Invalid Crumb"}}}
HTTP Error 401: {"finance":{"result":null,"error":{"code":"Unauthorized","description":"Invalid Crumb"}}}
HTTP Error 401: {"finance":{"result":null,"error":{"code":"Unauthorized","description":"Invalid Crumb"}}}
HTTP Error 401: {"finance":{"result":null,"error":{"code":"Unauthorized","description":"Invalid Crumb"}}}
HTTP Error 401: {"finance":{"result":null,"error":{"code":"Unauthorized","description":"Invalid Crumb"}}}
HTTP Error 401: {"finance":{"result":null,"error":{"code":"Unauthorized","description":"Invalid Crumb"}}}
HTTP Error 401: {"finance":{"result":null,"error":{"code":"Unauthorized","description":"Invalid Crumb"}}}
HTTP Error 401: {"finance":{"result":null,"error":{"code":"Unauthorized","description":"Invalid Crumb"}}}
HTTP Error 401: {"finance":{"result":null,"error":{"code":"Unauthorized","description":"Invalid Crumb"}}}
HTTP Error 401: {"finance":{"result":null,"error":{"code":"Unauthorized","description":"Invalid Crumb"}}}
HTTP Error 401: {"finance":{"result":null,"error":{"code":"Unauthorized","description":"Invalid Crumb"}}}
HTTP Error 401: {"finance":{"result":null,"error":{"code":"Unauthorized","description":"Invalid Crumb"}}}
HTTP Error 401: {"finance":{"result":null,"error":{"code":"Unauthorized","description":"Invalid Crumb"}}}
HTTP Error 401: {"finance":{"result":null,"error":{"code":"Unauthorized","description":"Invalid Crumb"}}}
HTTP Error 401: {"finance":{"result":null,"error":{"code":"Unauthorized","description":"Invalid Crumb"}}}
HTTP Error 401: {"finance":{"result":null,"error":{"code":"Unauthorized","description":"Invalid Crumb"}}}
HTTP Error 401: {"finance":{"result":null,"error":{"code":"Unauthorized","description":"Invalid Crumb"}}}
HTTP Error 401: {"finance":{"result":null,"error":{"code":"Unauthorized","description":"Invalid Crumb"}}}
HTTP Error 401: {"finance":{"result":null,"error":{"code":"Unauthorized","description":"Invalid Crumb"}}}
HTTP Error 401: {"finance":{"result":null,"error":{"code":"Unauthorized","description":"Invalid Crumb"}}}
HTTP Error 401: {"finance":{"result":null,"error":{"code":"Unauthorized","description":"Invalid Crumb"}}}
HTTP Error 401: {"finance":{"result":null,"error":{"code":"Unauthorized","description":"Invalid Crumb"}}}
HTTP Error 401: {"finance":{"result":null,"error":{"code":"Unauthorized","description":"Invalid Crumb"}}}
HTTP Error 401: {"finance":{"result":null,"error":{"code":"Unauthorized","description":"Invalid Crumb"}}}
HTTP Error 401: {"finance":{"result":null,"error":{"code":"Unauthorized","description":"Invalid Crumb"}}}
HTTP Error 401: {"finance":{"result":null,"error":{"code":"Unauthorized","description":"Invalid Crumb"}}}
HTTP Error 401: {"finance":{"result":null,"error":{"code":"Unauthorized","description":"Invalid Crumb"}}}
HTTP Error 401: {"finance":{"result":null,"error":{"code":"Unauthorized","description":"Invalid Crumb"}}}
HTTP Error 401: {"finance":{"result":null,"error":{"code":"Unauthorized","description":"Invalid Crumb"}}}
HTTP Error 401: {"finance":{"result":null,"error":{"code":"Unauthorized","description":"Invalid Crumb"}}}
HTTP Error 401: {"finance":{"result":null,"error":{"code":"Unauthorized","description":"Invalid Crumb"}}}
HTTP Error 401: {"finance":{"result":null,"error":{"code":"Unauthorized","description":"Invalid Crumb"}}}
HTTP Error 401: {"finance":{"result":null,"error":{"code":"Unauthorized","description":"Invalid Crumb"}}}
HTTP Error 401: {"finance":{"result":null,"error":{"code":"Unauthorized","description":"Invalid Crumb"}}}
HTTP Error 401: {"finance":{"result":null,"error":{"code":"Unauthorized","description":"Invalid Crumb"}}}
HTTP Error 401: {"finance":{"result":null,"error":{"code":"Unauthorized","description":"Invalid Crumb"}}}
HTTP Error 401: {"finance":{"result":null,"error":{"code":"Unauthorized","description":"Invalid Crumb"}}}
HTTP Error 401: {"finance":{"result":null,"error":{"code":"Unauthorized","description":"Invalid Crumb"}}}
HTTP Error 401: {"finance":{"result":null,"error":{"code":"Unauthorized","description":"Invalid Crumb"}}}
HTTP Error 401: {"finance":{"result":null,"error":{"code":"Unauthorized","description":"Invalid Crumb"}}}
HTTP Error 401: {"finance":{"result":null,"error":{"code":"Unauthorized","description":"Invalid Crumb"}}}
HTTP Error 401: {"finance":{"result":null,"error":{"code":"Unauthorized","description":"Invalid Crumb"}}}
HTTP Error 401: {"finance":{"result":null,"error":{"code":"Unauthorized","description":"Invalid Crumb"}}}
HTTP Error 401: {"finance":{"result":null,"error":{"code":"Unauthorized","description":"Invalid Crumb"}}}
HTTP Error 401: {"finance":{"result":null,"error":{"code":"Unauthorized","description":"Invalid Crumb"}}}
HTTP Error 401: {"finance":{"result":null,"error":{"code":"Unauthorized","description":"Invalid Crumb"}}}
HTTP Error 401: {"finance":{"result":null,"error":{"code":"Unauthorized","description":"Invalid Crumb"}}}
HTTP Error 401: {"finance":{"result":null,"error":{"code":"Unauthorized","description":"Invalid Crumb"}}}
HTTP Error 401: {"finance":{"result":null,"error":{"code":"Unauthorized","description":"Invalid Crumb"}}}
HTTP Error 401: {"finance":{"result":null,"error":{"code":"Unauthorized","description":"Invalid Crumb"}}}
[17:06:50] SUCCESS: Refresh full NSE universe fundamentals
[17:06:50] START: Recompute long-term fundamental scores
Scoring 1491 stocks against sector medians ...

=== LONG-TERM FUNDAMENTAL SCORES (sorted best to worst) ===
       symbol                 sector cap_category  total_score  score_percentile                               recommendation
    GARUDA.NS            Industrials    Small Cap         99.7         99.966465                       Strong Buy (Long-Term)
 HBLENGINE.NS            Industrials    Small Cap         99.7         99.966465                       Strong Buy (Long-Term)
       BLS.NS            Industrials    Small Cap         98.5         99.865862                       Strong Buy (Long-Term)
CASTROLIND.NS                 Energy    Small Cap         98.3         99.798793                       Strong Buy (Long-Term)
      JSLL.NS             Healthcare    Small Cap         97.3         99.731724                       Strong Buy (Long-Term)
     DEVIT.NS             Technology    Small Cap         97.2         99.631120                       Strong Buy (Long-Term)
    KRONOX.NS        Basic Materials    Small Cap         97.2         99.631120                       Strong Buy (Long-Term)
       IKS.NS             Healthcare      Mid Cap         96.2         99.530516                       Strong Buy (Long-Term)
    BORANA.NS      Consumer Cyclical    Small Cap         95.8         99.463447                       Strong Buy (Long-Term)
   CEINSYS.NS            Industrials    Small Cap         94.7         99.396378                       Strong Buy (Long-Term)
HEROMOTOCO.NS      Consumer Cyclical    Large Cap         94.1         99.329309                       Strong Buy (Long-Term)
     LUPIN.NS             Healthcare    Large Cap         94.0         99.262240                       Strong Buy (Long-Term)
GAUDIUMIVF.NS             Healthcare    Small Cap         93.9         99.195171                       Strong Buy (Long-Term)
  GKENERGY.NS              Utilities    Small Cap         93.6         99.128102                       Strong Buy (Long-Term)
      GPPL.NS            Industrials    Small Cap         93.0         99.061033                       Strong Buy (Long-Term)
  EVEREADY.NS            Industrials    Small Cap         92.7         98.993964                       Strong Buy (Long-Term)
      NMDC.NS        Basic Materials      Mid Cap         92.6         98.926895                       Strong Buy (Long-Term)
   MARSONS.NS            Industrials    Small Cap         92.5         98.859826                       Strong Buy (Long-Term)
      MMTC.NS            Industrials    Small Cap         91.9         98.792757                       Strong Buy (Long-Term)
   JUBLCPL.NS        Basic Materials    Small Cap         91.8         98.725687                       Strong Buy (Long-Term)
   MONARCH.NS     Financial Services    Small Cap         91.7         98.658618                       Strong Buy (Long-Term)
  MHLXMIRU.NS      Consumer Cyclical    Small Cap         90.4         98.558015                       Strong Buy (Long-Term)
      BBTC.NS     Consumer Defensive    Small Cap         90.4         98.558015                       Strong Buy (Long-Term)
 KIRIINDUS.NS        Basic Materials    Small Cap         89.9         98.457411                       Strong Buy (Long-Term)
KRISHNADEF.NS            Industrials    Small Cap         88.8         98.390342                       Strong Buy (Long-Term)
NATIONALUM.NS        Basic Materials      Mid Cap         87.5         98.289738                       Strong Buy (Long-Term)
DRCSYSTEMS.NS             Technology    Small Cap         87.5         98.289738                       Strong Buy (Long-Term)
  NAHARCAP.NS     Financial Services    Small Cap         87.4         98.155600                       Strong Buy (Long-Term)
 MAYURUNIQ.NS      Consumer Cyclical    Small Cap         87.4         98.155600                       Strong Buy (Long-Term)
    ALIVUS.NS             Healthcare    Small Cap         87.3         98.054997                       Strong Buy (Long-Term)
EUROPRATIK.NS        Basic Materials    Small Cap         87.2         97.987928                       Strong Buy (Long-Term)
   CALSOFT.NS             Technology    Small Cap         87.1         97.920858                       Strong Buy (Long-Term)
    NEWGEN.NS             Technology    Small Cap         87.0         97.820255                       Strong Buy (Long-Term)
CAPLIPOINT.NS             Healthcare    Small Cap         87.0         97.820255                       Strong Buy (Long-Term)
    GESHIP.NS            Industrials    Small Cap         86.9         97.719651                       Strong Buy (Long-Term)
AJANTPHARM.NS             Healthcare      Mid Cap         86.7         97.619048                       Strong Buy (Long-Term)
  INDOTHAI.NS     Financial Services    Small Cap         86.7         97.619048                       Strong Buy (Long-Term)
    AIAENG.NS            Industrials      Mid Cap         86.6         97.518444                       Strong Buy (Long-Term)
  DEEPINDS.NS                 Energy    Small Cap         86.5         97.417840                       Strong Buy (Long-Term)
    EMMVEE.NS             Technology    Small Cap         86.5         97.417840                       Strong Buy (Long-Term)
   CARRARO.NS      Consumer Cyclical    Small Cap         86.4         97.283702                       Strong Buy (Long-Term)
   FRONTSP.NS                    NaN    Small Cap         86.4         97.283702                       Strong Buy (Long-Term)
    NINSYS.NS             Technology    Small Cap         86.3         97.183099                       Strong Buy (Long-Term)
 NITTAGELA.NS        Basic Materials    Small Cap         86.2         97.116030                       Strong Buy (Long-Term)
    CRISIL.NS     Financial Services      Mid Cap         86.1         96.981891                       Strong Buy (Long-Term)
  BUILDPRO.NS      Consumer Cyclical    Small Cap         86.1         96.981891                       Strong Buy (Long-Term)
 JAMNAAUTO.NS      Consumer Cyclical    Small Cap         86.1         96.981891                       Strong Buy (Long-Term)
      KPEL.NS            Industrials    Small Cap         86.0         96.814219                       Strong Buy (Long-Term)
 LANCORHOL.NS            Real Estate    Small Cap         86.0         96.814219                       Strong Buy (Long-Term)
      NBCC.NS            Industrials      Mid Cap         85.9         96.680080                       Strong Buy (Long-Term)
HINDCOPPER.NS        Basic Materials      Mid Cap         85.9         96.680080                       Strong Buy (Long-Term)
 INDOBORAX.NS        Basic Materials    Small Cap         85.8         96.545942                       Strong Buy (Long-Term)
      GHCL.NS        Basic Materials    Small Cap         85.8         96.545942                       Strong Buy (Long-Term)
ABBOTINDIA.NS             Healthcare      Mid Cap         85.7         96.445339                       Strong Buy (Long-Term)
   KSOLVES.NS             Technology    Small Cap         85.6         96.378270                       Strong Buy (Long-Term)
 ANTELOPUS.NS                 Energy    Small Cap         85.4         96.311201                       Strong Buy (Long-Term)
   GOLDIAM.NS      Consumer Cyclical    Small Cap         85.2         96.210597                       Strong Buy (Long-Term)
     CMPDI.NS        Basic Materials    Small Cap         85.2         96.210597                       Strong Buy (Long-Term)
 EXPLEOSOL.NS             Technology    Small Cap         85.1         96.109993                       Strong Buy (Long-Term)
 MUKANDLTD.NS        Basic Materials    Small Cap         85.0         96.009390                       Strong Buy (Long-Term)
GENUSPOWER.NS            Industrials    Small Cap         85.0         96.009390                       Strong Buy (Long-Term)
      JARO.NS     Consumer Defensive    Small Cap         84.9         95.875252                       Strong Buy (Long-Term)
  GOCLCORP.NS        Basic Materials    Small Cap         84.9         95.875252                       Strong Buy (Long-Term)
   EIHOTEL.NS      Consumer Cyclical    Small Cap         84.8         95.774648                       Strong Buy (Long-Term)
  MASTERTR.NS     Financial Services    Small Cap         84.7         95.674044                       Strong Buy (Long-Term)
    MCLOUD.NS             Technology    Small Cap         84.7         95.674044                       Strong Buy (Long-Term)
   FIEMIND.NS      Consumer Cyclical    Small Cap         84.5         95.573441                       Strong Buy (Long-Term)
ASHAPURMIN.NS        Basic Materials    Small Cap         84.3         95.506372                       Strong Buy (Long-Term)
   ALMONDZ.NS     Financial Services    Small Cap         84.2         95.405768                       Strong Buy (Long-Term)
    MPSLTD.NS Communication Services    Small Cap         84.2         95.405768                       Strong Buy (Long-Term)
      GPIL.NS        Basic Materials    Small Cap         84.1         95.238095                       Strong Buy (Long-Term)
 MODINATUR.NS     Consumer Defensive    Small Cap         84.1         95.238095                       Strong Buy (Long-Term)
  MAHABANK.NS     Financial Services      Mid Cap         84.1         95.238095                       Strong Buy (Long-Term)
 INDIAMART.NS Communication Services    Large Cap         84.0         95.070423                       Strong Buy (Long-Term)
ADVENZYMES.NS        Basic Materials    Small Cap         84.0         95.070423                       Strong Buy (Long-Term)
      GNFC.NS        Basic Materials    Small Cap         83.7         94.969819                       Strong Buy (Long-Term)
  MARKSANS.NS             Healthcare    Small Cap         83.6         94.869215                       Strong Buy (Long-Term)
  HINDZINC.NS        Basic Materials    Large Cap         83.6         94.869215                       Strong Buy (Long-Term)
  AVONMORE.NS     Financial Services    Small Cap         83.5         94.735077                       Strong Buy (Long-Term)
  LOTUSDEV.NS            Industrials    Small Cap         83.5         94.735077                       Strong Buy (Long-Term)
NILASPACES.NS            Real Estate    Small Cap         83.4         94.500335                       Strong Buy (Long-Term)
    DBCORP.NS Communication Services    Small Cap         83.4         94.500335                       Strong Buy (Long-Term)
CONCORDBIO.NS             Healthcare    Small Cap         83.4         94.500335                       Strong Buy (Long-Term)
      IRIS.NS             Technology    Small Cap         83.4         94.500335                       Strong Buy (Long-Term)
    KERNEX.NS             Technology    Small Cap         83.4         94.500335                       Strong Buy (Long-Term)
    GLOBAL.NS     Consumer Defensive    Small Cap         83.3         94.265594                       Strong Buy (Long-Term)
     AGIIL.NS            Real Estate    Small Cap         83.3         94.265594                       Strong Buy (Long-Term)
      BANG.NS      Consumer Cyclical    Small Cap         83.1         94.164990                       Strong Buy (Long-Term)
      ATUL.NS        Basic Materials    Small Cap         82.9         94.030852                       Strong Buy (Long-Term)
    BROOKS.NS             Healthcare    Small Cap         82.9         94.030852                       Strong Buy (Long-Term)
   CHEVIOT.NS      Consumer Cyclical    Small Cap         82.9         94.030852                       Strong Buy (Long-Term)
      AHCL.NS             Healthcare    Small Cap         82.8         93.863179                       Strong Buy (Long-Term)
      HMVL.NS Communication Services    Small Cap         82.8         93.863179                       Strong Buy (Long-Term)
JAGSNPHARM.NS             Healthcare    Small Cap         82.7         93.729041                       Strong Buy (Long-Term)
  KAMDHENU.NS        Basic Materials    Small Cap         82.7         93.729041                       Strong Buy (Long-Term)
     BSOFT.NS             Technology    Small Cap         82.5         93.628437                       Strong Buy (Long-Term)
      IMFA.NS        Basic Materials    Small Cap         82.3         93.561368                       Strong Buy (Long-Term)
      IGIL.NS        Basic Materials    Small Cap         82.2         93.460765                       Strong Buy (Long-Term)
 HESTERBIO.NS             Healthcare    Small Cap         82.2         93.460765                       Strong Buy (Long-Term)
       INA.NS             Technology    Small Cap         82.1         93.360161                       Strong Buy (Long-Term)
     CRAMC.NS     Financial Services    Small Cap         82.0         93.259557                       Strong Buy (Long-Term)
  GLENMARK.NS             Healthcare      Mid Cap         82.0         93.259557                       Strong Buy (Long-Term)
   KIRLPNU.NS            Industrials    Small Cap         81.8         93.091885                       Strong Buy (Long-Term)
      IZMO.NS             Technology    Small Cap         81.8         93.091885                       Strong Buy (Long-Term)
       LTM.NS             Technology    Large Cap         81.8         93.091885                       Strong Buy (Long-Term)
       ACE.NS            Industrials    Small Cap         81.7         92.957746                       Strong Buy (Long-Term)
    GMBREW.NS     Consumer Defensive    Small Cap         81.6         92.890677                       Strong Buy (Long-Term)
BLBLIMITED.NS     Financial Services    Small Cap         81.5         92.790074                       Strong Buy (Long-Term)
    MEDICO.NS             Healthcare    Small Cap         81.5         92.790074                       Strong Buy (Long-Term)
    IVALUE.NS             Technology    Small Cap         81.4         92.655936                       Strong Buy (Long-Term)
DATAMATICS.NS             Technology    Small Cap         81.4         92.655936                       Strong Buy (Long-Term)
CARERATING.NS     Financial Services    Small Cap         81.3         92.488263                       Strong Buy (Long-Term)
 AUTOAXLES.NS      Consumer Cyclical    Small Cap         81.3         92.488263                       Strong Buy (Long-Term)
  CENTENKA.NS      Consumer Cyclical    Small Cap         81.3         92.488263                       Strong Buy (Long-Term)
   MAHLIFE.NS            Real Estate    Small Cap         81.1         92.287056                       Strong Buy (Long-Term)
   IPCALAB.NS             Healthcare      Mid Cap         81.1         92.287056                       Strong Buy (Long-Term)
  BLISSGVS.NS             Healthcare    Small Cap         81.1         92.287056                       Strong Buy (Long-Term)
 BHARATRAS.NS        Basic Materials    Small Cap         81.0         92.119383                       Strong Buy (Long-Term)
APCOTEXIND.NS        Basic Materials    Small Cap         81.0         92.119383                       Strong Buy (Long-Term)
  MANORAMA.NS     Consumer Defensive    Small Cap         80.8         92.018779                       Strong Buy (Long-Term)
AUROPHARMA.NS             Healthcare      Mid Cap         80.7         91.951710                       Strong Buy (Long-Term)
     GLAND.NS             Healthcare      Mid Cap         80.6         91.884641                       Strong Buy (Long-Term)
      MEIL.NS            Industrials    Small Cap         80.5         91.784038                       Strong Buy (Long-Term)
     LODHA.NS            Real Estate    Large Cap         80.5         91.784038                       Strong Buy (Long-Term)
   JPPOWER.NS              Utilities    Small Cap         80.4         91.582830                       Strong Buy (Long-Term)
KAJARIACER.NS            Industrials    Small Cap         80.4         91.582830                       Strong Buy (Long-Term)
  GRANULES.NS             Healthcare    Small Cap         80.4         91.582830                       Strong Buy (Long-Term)
      ADOR.NS            Industrials    Small Cap         80.4         91.582830                       Strong Buy (Long-Term)
 NILAINFRA.NS            Real Estate    Small Cap         80.3         91.415158                       Strong Buy (Long-Term)
     CLSEL.NS     Consumer Defensive    Small Cap         80.2         91.314554                       Strong Buy (Long-Term)
ARIHANTCAP.NS     Financial Services    Small Cap         80.2         91.314554                       Strong Buy (Long-Term)
   MAZDOCK.NS            Industrials    Large Cap         80.1         91.180416                       Strong Buy (Long-Term)
      DYCL.NS            Industrials    Small Cap         80.1         91.180416                       Strong Buy (Long-Term)
    NIRLON.NS            Real Estate    Small Cap         80.0         90.979209                       Strong Buy (Long-Term)
BAJAJ-AUTO.NS      Consumer Cyclical    Large Cap         80.0         90.979209                       Strong Buy (Long-Term)
  CHEMBOND.NS        Basic Materials    Small Cap         80.0         90.979209                       Strong Buy (Long-Term)
MUTHOOTFIN.NS     Financial Services    Large Cap         80.0         90.979209                       Strong Buy (Long-Term)
JPOLYINVST.NS     Financial Services    Small Cap         79.9         90.677398                       Strong Buy (Long-Term)
     KROSS.NS      Consumer Cyclical    Small Cap         79.9         90.677398                       Strong Buy (Long-Term)
  LLOYDSME.NS        Basic Materials    Large Cap         79.9         90.677398                       Strong Buy (Long-Term)
       CSM.NS             Technology    Small Cap         79.9         90.677398                       Strong Buy (Long-Term)
GHCLTEXTIL.NS      Consumer Cyclical    Small Cap         79.9         90.677398                       Strong Buy (Long-Term)
 BUTTERFLY.NS      Consumer Cyclical    Small Cap         79.8         90.409121                       Strong Buy (Long-Term)
   MENONBE.NS      Consumer Cyclical    Small Cap         79.8         90.409121                       Strong Buy (Long-Term)
MEDIASSIST.NS             Healthcare    Small Cap         79.8         90.409121                       Strong Buy (Long-Term)
  INDOTECH.NS            Industrials    Small Cap         79.7         90.207914                       Strong Buy (Long-Term)
 GULFPETRO.NS                 Energy    Small Cap         79.7         90.207914                       Strong Buy (Long-Term)
   FINPIPE.NS            Industrials    Small Cap         79.7         90.207914                       Strong Buy (Long-Term)
      GAEL.NS     Consumer Defensive    Small Cap         79.6         90.040241                       Strong Buy (Long-Term)
     GVPIL.NS            Industrials    Small Cap         79.6         90.040241                       Strong Buy (Long-Term)
   DIFFNKG.NS            Industrials    Small Cap         79.5         89.939638                       Strong Buy (Long-Term)
  GANESHCP.NS     Consumer Defensive    Small Cap         79.4         89.839034                       Strong Buy (Long-Term)
MANALIPETC.NS        Basic Materials    Small Cap         79.4         89.839034                       Strong Buy (Long-Term)
  BAJAJCON.NS     Consumer Defensive    Small Cap         79.3         89.671362                       Strong Buy (Long-Term)
 ITCHOTELS.NS      Consumer Cyclical      Mid Cap         79.3         89.671362                       Strong Buy (Long-Term)
ADANIPOWER.NS              Utilities    Large Cap         79.3         89.671362                       Strong Buy (Long-Term)
LAXMIDENTL.NS             Healthcare    Small Cap         79.2         89.470154                       Strong Buy (Long-Term)
  KRITINUT.NS     Consumer Defensive    Small Cap         79.2         89.470154                       Strong Buy (Long-Term)
     KOVAI.NS             Healthcare    Small Cap         79.2         89.470154                       Strong Buy (Long-Term)
  BHAGERIA.NS        Basic Materials    Small Cap         79.1         89.302482                       Strong Buy (Long-Term)
  INDOAMIN.NS        Basic Materials    Small Cap         79.1         89.302482                       Strong Buy (Long-Term)
 GPTHEALTH.NS             Healthcare    Small Cap         78.9         89.134809                       Strong Buy (Long-Term)
DCMSHRIRAM.NS            Industrials    Small Cap         78.9         89.134809                       Strong Buy (Long-Term)
      GRSE.NS            Industrials      Mid Cap         78.9         89.134809                       Strong Buy (Long-Term)
       IOB.NS     Financial Services      Mid Cap         78.8         88.933602                       Strong Buy (Long-Term)
 ELGIEQUIP.NS            Industrials    Small Cap         78.8         88.933602                       Strong Buy (Long-Term)
   KIRLFER.NS            Industrials    Small Cap         78.8         88.933602                       Strong Buy (Long-Term)
     GLAXO.NS             Healthcare      Mid Cap         78.7         88.765929                       Strong Buy (Long-Term)
KHAITANLTD.NS            Industrials    Small Cap         78.7         88.765929                       Strong Buy (Long-Term)
    EMCURE.NS             Healthcare      Mid Cap         78.6         88.631791                       Strong Buy (Long-Term)
   EMUDHRA.NS             Technology    Small Cap         78.6         88.631791                       Strong Buy (Long-Term)
   INDIANB.NS     Financial Services    Large Cap         78.5         88.497653                       Strong Buy (Long-Term)
   KILITCH.NS             Healthcare    Small Cap         78.5         88.497653                       Strong Buy (Long-Term)
   3MINDIA.NS            Industrials      Mid Cap         78.4         88.363514                       Strong Buy (Long-Term)
   DOLPHIN.NS                 Energy    Small Cap         78.4         88.363514                       Strong Buy (Long-Term)
   ACCELYA.NS             Technology    Small Cap         78.3         88.262911                       Strong Buy (Long-Term)
      INFY.NS             Technology    Large Cap         78.2         88.061704                       Strong Buy (Long-Term)
GULFOILLUB.NS        Basic Materials    Small Cap         78.2         88.061704                       Strong Buy (Long-Term)
   GANDHAR.NS                 Energy    Small Cap         78.2         88.061704                       Strong Buy (Long-Term)
APOLLOTYRE.NS      Consumer Cyclical      Mid Cap         78.2         88.061704                       Strong Buy (Long-Term)
    DICIND.NS        Basic Materials    Small Cap         78.2         88.061704                       Strong Buy (Long-Term)
      GAIL.NS              Utilities    Large Cap         78.1         87.759893                       Strong Buy (Long-Term)
     IRCTC.NS      Consumer Cyclical      Mid Cap         78.1         87.759893                       Strong Buy (Long-Term)
  MINDTECK.NS             Technology    Small Cap         78.1         87.759893                       Strong Buy (Long-Term)
     GIPCL.NS              Utilities    Small Cap         78.1         87.759893                       Strong Buy (Long-Term)
      ERIS.NS             Healthcare    Small Cap         78.0         87.558685                       Strong Buy (Long-Term)
       DCI.NS             Technology    Small Cap         78.0         87.558685                       Strong Buy (Long-Term)
   CHEMCON.NS        Basic Materials    Small Cap         77.9         87.458082                       Strong Buy (Long-Term)
 BALAMINES.NS        Basic Materials    Small Cap         77.8         87.391013                       Strong Buy (Long-Term)
       MRF.NS      Consumer Cyclical      Mid Cap         77.6         87.189805                       Strong Buy (Long-Term)
    ASHOKA.NS            Industrials    Small Cap         77.6         87.189805                       Strong Buy (Long-Term)
    AVTNPL.NS        Basic Materials    Small Cap         77.6         87.189805                       Strong Buy (Long-Term)
 INNOVACAP.NS             Healthcare    Small Cap         77.6         87.189805                       Strong Buy (Long-Term)
   HCLTECH.NS             Technology    Large Cap         77.6         87.189805                       Strong Buy (Long-Term)
   DCBBANK.NS     Financial Services    Small Cap         77.5         86.552649                       Strong Buy (Long-Term)
FEDERALBNK.NS     Financial Services      Mid Cap         77.5         86.552649                       Strong Buy (Long-Term)
LALPATHLAB.NS             Healthcare      Mid Cap         77.5         86.552649                       Strong Buy (Long-Term)
   KTKBANK.NS     Financial Services    Small Cap         77.5         86.552649                       Strong Buy (Long-Term)
       GTL.NS Communication Services    Small Cap         77.5         86.552649                       Strong Buy (Long-Term)
KARURVYSYA.NS     Financial Services      Mid Cap         77.5         86.552649                       Strong Buy (Long-Term)
      MOIL.NS        Basic Materials    Small Cap         77.5         86.552649                       Strong Buy (Long-Term)
    JAYKAY.NS            Industrials    Small Cap         77.5         86.552649                       Strong Buy (Long-Term)
 NOIDATOLL.NS            Industrials    Small Cap         77.5         86.552649                       Strong Buy (Long-Term)
     CANBK.NS     Financial Services    Large Cap         77.5         86.552649                       Strong Buy (Long-Term)
 EICHERMOT.NS      Consumer Cyclical    Large Cap         77.5         86.552649                       Strong Buy (Long-Term)
   CSBBANK.NS     Financial Services    Small Cap         77.5         86.552649                       Strong Buy (Long-Term)
       CUB.NS     Financial Services    Small Cap         77.5         86.552649                       Strong Buy (Long-Term)
       EKC.NS            Industrials    Small Cap         77.5         86.552649                       Strong Buy (Long-Term)
    APLLTD.NS             Healthcare    Small Cap         77.4         85.949027                       Strong Buy (Long-Term)
   ADVANCE.NS        Basic Materials    Small Cap         77.4         85.949027                       Strong Buy (Long-Term)
   MSTCLTD.NS            Industrials    Small Cap         77.4         85.949027                       Strong Buy (Long-Term)
     ARE&M.NS            Industrials    Small Cap         77.4         85.949027                       Strong Buy (Long-Term)
       CPL.NS            Industrials    Small Cap         77.3         85.781355                       Strong Buy (Long-Term)
       AWL.NS     Consumer Defensive      Mid Cap         77.2         85.680751                       Strong Buy (Long-Term)
    ECLERX.NS             Technology    Small Cap         77.2         85.680751                       Strong Buy (Long-Term)
CHEMBONDCH.NS        Basic Materials    Small Cap         77.1         85.546613                       Strong Buy (Long-Term)
   LTFOODS.NS     Consumer Defensive    Small Cap         77.1         85.546613                       Strong Buy (Long-Term)
 AEROENTER.NS        Basic Materials    Small Cap         77.0         85.446009                       Strong Buy (Long-Term)
 ALGOQUANT.NS     Financial Services    Small Cap         76.9         85.378940                       Strong Buy (Long-Term)
 DOLATALGO.NS     Financial Services    Small Cap         76.8         85.278337                       Strong Buy (Long-Term)
       KCP.NS        Basic Materials    Small Cap         76.8         85.278337                       Strong Buy (Long-Term)
  MAJESAUT.NS            Real Estate    Small Cap         76.7         85.144199                       Strong Buy (Long-Term)
EIHAHOTELS.NS      Consumer Cyclical    Small Cap         76.7         85.144199                       Strong Buy (Long-Term)
    NCLIND.NS        Basic Materials    Small Cap         76.6         84.976526                       Strong Buy (Long-Term)
   NGLFINE.NS             Healthcare    Small Cap         76.6         84.976526                       Strong Buy (Long-Term)
   KRYSTAL.NS            Industrials    Small Cap         76.6         84.976526                       Strong Buy (Long-Term)
   COFORGE.NS             Technology      Mid Cap         76.5         84.842388                       Strong Buy (Long-Term)
  KANPRPLA.NS      Consumer Cyclical    Small Cap         76.4         84.607646                       Strong Buy (Long-Term)
 BANKINDIA.NS     Financial Services      Mid Cap         76.4         84.607646                       Strong Buy (Long-Term)
   GULPOLY.NS        Basic Materials    Small Cap         76.4         84.607646                       Strong Buy (Long-Term)
 BORORENEW.NS             Technology    Small Cap         76.4         84.607646                       Strong Buy (Long-Term)
    AJMERA.NS            Real Estate    Small Cap         76.4         84.607646                       Strong Buy (Long-Term)
      GKSL.NS             Healthcare    Small Cap         76.4         84.607646                       Strong Buy (Long-Term)
 CYBERTECH.NS             Technology    Small Cap         76.3         84.339370                       Strong Buy (Long-Term)
       HAL.NS            Industrials    Large Cap         76.3         84.339370                       Strong Buy (Long-Term)
HARRMALAYA.NS     Consumer Defensive    Small Cap         76.1         84.238766                       Strong Buy (Long-Term)
   HEXAGON.NS     Consumer Defensive    Small Cap         76.0         84.138162                       Strong Buy (Long-Term)
 IBULLSLTD.NS            Real Estate    Small Cap         76.0         84.138162                       Strong Buy (Long-Term)
     ELLEN.NS        Basic Materials    Small Cap         75.9         83.970490                       Strong Buy (Long-Term)
      LICI.NS     Financial Services    Large Cap         75.9         83.970490                       Strong Buy (Long-Term)
 JAYAGROGN.NS        Basic Materials    Small Cap         75.9         83.970490                       Strong Buy (Long-Term)
      BASF.NS        Basic Materials    Small Cap         75.8         83.836351                       Strong Buy (Long-Term)
 ASAHISONG.NS        Basic Materials    Small Cap         75.7         83.668679                       Strong Buy (Long-Term)
   CEIGALL.NS            Industrials    Small Cap         75.7         83.668679                       Strong Buy (Long-Term)
 BEARDSELL.NS            Industrials    Small Cap         75.7         83.668679                       Strong Buy (Long-Term)
       IRB.NS            Industrials    Small Cap         75.7         83.668679                       Strong Buy (Long-Term)
MOREPENLAB.NS             Healthcare    Small Cap         75.6         83.366868                       Strong Buy (Long-Term)
       LCL.NS            Industrials    Small Cap         75.6         83.366868                       Strong Buy (Long-Term)
BFUTILITIE.NS            Industrials    Small Cap         75.6         83.366868                       Strong Buy (Long-Term)
     KNACK.NS      Consumer Cyclical    Small Cap         75.6         83.366868                       Strong Buy (Long-Term)
   FINEORG.NS        Basic Materials    Small Cap         75.6         83.366868                       Strong Buy (Long-Term)
     AARVI.NS            Industrials    Small Cap         75.5         83.132126                       Strong Buy (Long-Term)
 KOTAKBANK.NS     Financial Services    Large Cap         75.5         83.132126                       Strong Buy (Long-Term)
 HUHTAMAKI.NS      Consumer Cyclical    Small Cap         75.4         82.997988                       Strong Buy (Long-Term)
DPABHUSHAN.NS      Consumer Cyclical    Small Cap         75.4         82.997988                       Strong Buy (Long-Term)
      JASH.NS            Industrials    Small Cap         75.3         82.830315                       Strong Buy (Long-Term)
   CARYSIL.NS      Consumer Cyclical    Small Cap         75.3         82.830315                       Strong Buy (Long-Term)
NAVKARCORP.NS            Industrials    Small Cap         75.3         82.830315                       Strong Buy (Long-Term)
   MANKIND.NS             Healthcare    Large Cap         75.2         82.562039                       Strong Buy (Long-Term)
    KINGFA.NS        Basic Materials    Small Cap         75.2         82.562039                       Strong Buy (Long-Term)
   JKPAPER.NS        Basic Materials    Small Cap         75.2         82.562039                       Strong Buy (Long-Term)
      ASMS.NS             Technology    Small Cap         75.2         82.562039                       Strong Buy (Long-Term)
HAPPYFORGE.NS            Industrials    Small Cap         75.2         82.562039                       Strong Buy (Long-Term)
   ALLDIGI.NS            Industrials    Small Cap         75.1         82.293763                       Strong Buy (Long-Term)
 BRIGHOTEL.NS      Consumer Cyclical    Small Cap         75.1         82.293763                       Strong Buy (Long-Term)
  JNKINDIA.NS            Industrials    Small Cap         75.1         82.293763                       Strong Buy (Long-Term)
    KRSNAA.NS             Healthcare    Small Cap         75.0         82.126090                       Strong Buy (Long-Term)
  ANANTRAJ.NS            Real Estate    Small Cap         75.0         82.126090                       Strong Buy (Long-Term)
HINDCOMPOS.NS      Consumer Cyclical    Small Cap         74.9         81.991952                       Strong Buy (Long-Term)
INDRAMEDCO.NS             Healthcare    Small Cap         74.9         81.991952                       Strong Buy (Long-Term)
   NIITMTS.NS     Consumer Defensive    Small Cap         74.8         81.891348                       Strong Buy (Long-Term)
    ADVAIT.NS            Industrials    Small Cap         74.7         81.824279                       Strong Buy (Long-Term)
GANDHITUBE.NS            Industrials    Small Cap         74.6         81.690141                       Strong Buy (Long-Term)
MODISONLTD.NS            Industrials    Small Cap         74.6         81.690141                       Strong Buy (Long-Term)
 FINCABLES.NS            Industrials    Small Cap         74.6         81.690141                       Strong Buy (Long-Term)
  JSWSTEEL.NS        Basic Materials    Large Cap         74.5         81.488934                       Strong Buy (Long-Term)
 LORDSCHLO.NS        Basic Materials    Small Cap         74.5         81.488934                       Strong Buy (Long-Term)
 GLOBUSSPR.NS     Consumer Defensive    Small Cap         74.5         81.488934                       Strong Buy (Long-Term)
      BEPL.NS        Basic Materials    Small Cap         74.4         81.321261                       Strong Buy (Long-Term)
      KPIL.NS            Industrials    Small Cap         74.4         81.321261                       Strong Buy (Long-Term)
 BALUFORGE.NS            Industrials    Small Cap         74.3         81.120054                       Strong Buy (Long-Term)
 AARTISURF.NS        Basic Materials    Small Cap         74.3         81.120054                       Strong Buy (Long-Term)
HONDAPOWER.NS            Industrials    Small Cap         74.3         81.120054                       Strong Buy (Long-Term)
       MOL.NS        Basic Materials    Small Cap         74.3         81.120054                       Strong Buy (Long-Term)
      CAMS.NS             Technology    Small Cap         74.2         80.885312                       Strong Buy (Long-Term)
 GOKULAGRO.NS     Consumer Defensive    Small Cap         74.2         80.885312                       Strong Buy (Long-Term)
       KPL.NS                    NaN    Small Cap         74.2         80.885312                       Strong Buy (Long-Term)
      JSFB.NS     Financial Services    Small Cap         74.0         80.684105                       Strong Buy (Long-Term)
    JTLIND.NS        Basic Materials    Small Cap         74.0         80.684105                       Strong Buy (Long-Term)
DEEPAKFERT.NS        Basic Materials    Small Cap         74.0         80.684105                       Strong Buy (Long-Term)
  DIVISLAB.NS             Healthcare    Large Cap         73.9         80.449363                       Strong Buy (Long-Term)
METROPOLIS.NS             Healthcare    Small Cap         73.9         80.449363                       Strong Buy (Long-Term)
GRWRHITECH.NS        Basic Materials    Small Cap         73.9         80.449363                       Strong Buy (Long-Term)
  AXISBANK.NS     Financial Services    Large Cap         73.9         80.449363                       Strong Buy (Long-Term)
     FLAIR.NS            Industrials    Small Cap         73.8         80.147552                       Strong Buy (Long-Term)
CAPITALSFB.NS     Financial Services    Small Cap         73.8         80.147552                       Strong Buy (Long-Term)
     IOLCP.NS             Healthcare    Small Cap         73.8         80.147552                       Strong Buy (Long-Term)
  MOLDTECH.NS            Industrials    Small Cap         73.8         80.147552                       Strong Buy (Long-Term)
 BAYERCROP.NS        Basic Materials    Small Cap         73.8         80.147552                       Strong Buy (Long-Term)
       IEX.NS     Financial Services    Small Cap         73.7         79.845741                                   Accumulate
 BLACKBUCK.NS             Technology    Small Cap         73.7         79.845741                                   Accumulate
MAITHANALL.NS        Basic Materials    Small Cap         73.7         79.845741                                   Accumulate
JAYNECOIND.NS        Basic Materials    Small Cap         73.7         79.845741                                   Accumulate
    MASTEK.NS             Technology    Small Cap         73.6         79.577465                                   Accumulate
  MACPOWER.NS            Industrials    Small Cap         73.6         79.577465                                   Accumulate
  GALAPREC.NS            Industrials    Small Cap         73.6         79.577465                                   Accumulate
ENGINERSIN.NS            Industrials    Small Cap         73.6         79.577465                                   Accumulate
KAMATHOTEL.NS      Consumer Cyclical    Small Cap         73.5         79.376258                                   Accumulate
      KMEW.NS            Industrials    Small Cap         73.5         79.376258                                   Accumulate
ARROWGREEN.NS      Consumer Cyclical    Small Cap         73.4         79.275654                                   Accumulate
  ARVSMART.NS            Real Estate    Small Cap         73.3         79.175050                                   Accumulate
BANDHANBNK.NS     Financial Services      Mid Cap         73.3         79.175050                                   Accumulate
  GANESHBE.NS        Basic Materials    Small Cap         73.2         79.007378                                   Accumulate
   IFBAGRO.NS     Consumer Defensive    Small Cap         73.2         79.007378                                   Accumulate
     CUPID.NS     Consumer Defensive      Mid Cap         73.2         79.007378                                   Accumulate
      DJML.NS            Industrials    Small Cap         73.1         78.772636                                   Accumulate
  MANYAVAR.NS      Consumer Cyclical    Small Cap         73.1         78.772636                                   Accumulate
 GARFIBRES.NS      Consumer Cyclical    Small Cap         73.1         78.772636                                   Accumulate
 ALPINETEX.NS      Consumer Cyclical    Small Cap         73.1         78.772636                                   Accumulate
   FRACTAL.NS             Technology    Small Cap         73.0         78.604963                                   Accumulate
FEDDERSHOL.NS                    NaN    Small Cap         72.9         78.336687                                   Accumulate
MANAKSTEEL.NS        Basic Materials    Small Cap         72.9         78.336687                                   Accumulate
 NAM-INDIA.NS     Financial Services      Mid Cap         72.9         78.336687                                   Accumulate
  BESTAGRO.NS        Basic Materials    Small Cap         72.9         78.336687                                   Accumulate
       IVP.NS        Basic Materials    Small Cap         72.9         78.336687                                   Accumulate
       HEG.NS            Industrials    Small Cap         72.9         78.336687                                   Accumulate
  KENNAMET.NS            Industrials    Small Cap         72.9         78.336687                                   Accumulate
DAMCAPITAL.NS     Financial Services    Small Cap         72.8         78.068410                                   Accumulate
   ASHIKAG.NS                    NaN    Small Cap         72.7         78.001341                                   Accumulate
  EUROBOND.NS            Industrials    Small Cap         72.6         77.900738                                   Accumulate
  LEMERITE.NS      Consumer Cyclical    Small Cap         72.6         77.900738                                   Accumulate
       AGI.NS      Consumer Cyclical    Small Cap         72.5         77.665996                                   Accumulate
    CORONA.NS             Healthcare    Small Cap         72.5         77.665996                                   Accumulate
BMWVENTLTD.NS        Basic Materials    Small Cap         72.5         77.665996                                   Accumulate
BANCOINDIA.NS      Consumer Cyclical    Small Cap         72.5         77.665996                                   Accumulate
  FORCEMOT.NS      Consumer Cyclical    Small Cap         72.5         77.665996                                   Accumulate
   DPWIRES.NS            Industrials    Small Cap         72.4         77.431254                                   Accumulate
  GAYAPROJ.NS            Industrials    Small Cap         72.4         77.431254                                   Accumulate
  CIEINDIA.NS      Consumer Cyclical    Small Cap         72.3         77.129443                                   Accumulate
      HSCL.NS        Basic Materials      Mid Cap         72.3         77.129443                                   Accumulate
     DBEIL.NS            Industrials    Small Cap         72.3         77.129443                                   Accumulate
  GOODYEAR.NS      Consumer Cyclical    Small Cap         72.3         77.129443                                   Accumulate
  KPIGREEN.NS              Utilities    Small Cap         72.3         77.129443                                   Accumulate
   GLOTTIS.NS            Industrials    Small Cap         72.3         77.129443                                   Accumulate
     GROWW.NS     Financial Services    Large Cap         72.3         77.129443                                   Accumulate
      LTTS.NS             Technology      Mid Cap         72.2         76.794098                                   Accumulate
LLOYDSENGG.NS            Industrials    Small Cap         72.2         76.794098                                   Accumulate
       MCX.NS     Financial Services      Mid Cap         72.2         76.794098                                   Accumulate
 BODALCHEM.NS        Basic Materials    Small Cap         72.0         76.592891                                   Accumulate
INDIAGLYCO.NS        Basic Materials    Small Cap         72.0         76.592891                                   Accumulate
      ICRA.NS     Financial Services    Small Cap         72.0         76.592891                                   Accumulate
      AFIL.NS     Financial Services    Small Cap         71.9         76.425218                                   Accumulate
   FILATEX.NS      Consumer Cyclical    Small Cap         71.9         76.425218                                   Accumulate
BHARATGEAR.NS      Consumer Cyclical    Small Cap         71.8         76.224011                                   Accumulate
 CINEVISTA.NS Communication Services    Small Cap         71.8         76.224011                                   Accumulate
HAWKINCOOK.NS      Consumer Cyclical    Small Cap         71.8         76.224011                                   Accumulate
  ICICIAMC.NS     Financial Services    Large Cap         71.8         76.224011                                   Accumulate
    DYNPRO.NS        Basic Materials    Small Cap         71.7         75.922200                                   Accumulate
LAMBODHARA.NS      Consumer Cyclical    Small Cap         71.7         75.922200                                   Accumulate
   MPHASIS.NS             Technology      Mid Cap         71.7         75.922200                                   Accumulate
ATLANTAELE.NS            Industrials    Small Cap         71.7         75.922200                                   Accumulate
   FABTECH.NS             Healthcare    Small Cap         71.7         75.922200                                   Accumulate
 GRINDWELL.NS            Industrials    Small Cap         71.6         75.687458                                   Accumulate
    CPPLUS.NS            Industrials      Mid Cap         71.6         75.687458                                   Accumulate
  INDHOTEL.NS      Consumer Cyclical    Large Cap         71.5         75.553320                                   Accumulate
       FDC.NS             Healthcare    Small Cap         71.5         75.553320                                   Accumulate
  CCAVENUE.NS             Technology    Small Cap         71.4         75.419182                                   Accumulate
HARIOMPIPE.NS        Basic Materials    Small Cap         71.4         75.419182                                   Accumulate
 MANGLMCEM.NS        Basic Materials    Small Cap         71.3         75.184440                                   Accumulate
  HDFCBANK.NS     Financial Services    Large Cap         71.3         75.184440                                   Accumulate
 IRMENERGY.NS              Utilities    Small Cap         71.3         75.184440                                   Accumulate
KOTHARIPET.NS        Basic Materials    Small Cap         71.3         75.184440                                   Accumulate
 LUMAXTECH.NS      Consumer Cyclical    Small Cap         71.3         75.184440                                   Accumulate
   BAIDFIN.NS     Financial Services    Small Cap         71.1         74.882629                                   Accumulate
   BIMETAL.NS      Consumer Cyclical    Small Cap         71.1         74.882629                                   Accumulate
  GOODLUCK.NS        Basic Materials    Small Cap         71.1         74.882629                                   Accumulate
DLINKINDIA.NS             Technology    Small Cap         71.1         74.882629                                   Accumulate
    JKTYRE.NS      Consumer Cyclical    Small Cap         71.0         74.714956                                   Accumulate
       KEI.NS            Industrials      Mid Cap         70.9         74.614353                                   Accumulate
       BSE.NS     Financial Services    Large Cap         70.9         74.614353                                   Accumulate
     MOKSH.NS      Consumer Cyclical    Small Cap         70.7         74.480215                                   Accumulate
      AIIL.NS     Financial Services      Mid Cap         70.7         74.480215                                   Accumulate
     GVT&D.NS            Industrials    Large Cap         70.6         74.346076                                   Accumulate
  JUSTDIAL.NS Communication Services    Small Cap         70.6         74.346076                                   Accumulate
   LATTEYS.NS            Industrials    Small Cap         70.5         74.111335                                   Accumulate
EIMCOELECO.NS            Industrials    Small Cap         70.5         74.111335                                   Accumulate
 ESABINDIA.NS            Industrials    Small Cap         70.5         74.111335                                   Accumulate
   KSHINTL.NS            Industrials    Small Cap         70.5         74.111335                                   Accumulate
       CNL.NS             Technology    Small Cap         70.5         74.111335                                   Accumulate
   AMNPLST.NS        Basic Materials    Small Cap         70.4         73.809524                                   Accumulate
DDEVPLSTIK.NS        Basic Materials    Small Cap         70.4         73.809524                                   Accumulate
 KIRLOSIND.NS            Industrials    Small Cap         70.4         73.809524                                   Accumulate
 KLBRENG-B.NS                    NaN    Small Cap         70.4         73.809524                                   Accumulate
       BCG.NS Communication Services    Small Cap         70.3         73.641851                                   Accumulate
     EFCIL.NS            Real Estate    Small Cap         70.2         73.474178                                   Accumulate
    IFBIND.NS      Consumer Cyclical    Small Cap         70.2         73.474178                                   Accumulate
      GCSL.NS     Financial Services    Small Cap         70.2         73.474178                                   Accumulate
      BETA.NS             Healthcare    Small Cap         70.2         73.474178                                   Accumulate
   ELDEHSG.NS            Real Estate    Small Cap         70.1         73.239437                                   Accumulate
      KSCL.NS        Basic Materials    Small Cap         70.1         73.239437                                   Accumulate
      ISFT.NS      Consumer Cyclical    Small Cap         70.1         73.239437                                   Accumulate
       JMA.NS      Consumer Cyclical    Small Cap         70.0         73.038229                                   Accumulate
     CPCAP.NS     Financial Services    Small Cap         70.0         73.038229                                   Accumulate
  ATALREAL.NS            Industrials    Small Cap         70.0         73.038229                                   Accumulate
    AUBANK.NS     Financial Services      Mid Cap         69.9         72.837022                                   Accumulate
     DIXON.NS             Technology      Mid Cap         69.9         72.837022                                   Accumulate
AMRUTANJAN.NS             Healthcare    Small Cap         69.9         72.837022                                   Accumulate
    CRIZAC.NS     Consumer Defensive    Small Cap         69.8         72.669349                                   Accumulate
 GOYALALUM.NS        Basic Materials    Small Cap         69.8         72.669349                                   Accumulate
     NESCO.NS            Industrials    Small Cap         69.7         72.501677                                   Accumulate
INDIASHLTR.NS     Financial Services    Small Cap         69.7         72.501677                                   Accumulate
 NITINSPIN.NS      Consumer Cyclical    Small Cap         69.7         72.501677                                   Accumulate
  EPACKPEB.NS            Industrials    Small Cap         69.6         72.334004                                   Accumulate
JUBLINGREA.NS        Basic Materials    Small Cap         69.6         72.334004                                   Accumulate
   GRAVITA.NS            Industrials    Small Cap         69.5         72.065728                                   Accumulate
      MGEL.NS     Consumer Defensive    Small Cap         69.5         72.065728                                   Accumulate
  BANSWRAS.NS      Consumer Cyclical    Small Cap         69.5         72.065728                                   Accumulate
 ICICIBANK.NS     Financial Services    Large Cap         69.5         72.065728                                   Accumulate
CORDSCABLE.NS            Industrials    Small Cap         69.5         72.065728                                   Accumulate
3BBLACKBIO.NS                    NaN    Small Cap         69.5         72.065728                                   Accumulate
  EXIDEIND.NS      Consumer Cyclical      Mid Cap         69.4         71.730382                                   Accumulate
     MODIS.NS            Real Estate    Small Cap         69.4         71.730382                                   Accumulate
   APTECHT.NS     Consumer Defensive    Small Cap         69.4         71.730382                                   Accumulate
 GUJALKALI.NS        Basic Materials    Small Cap         69.4         71.730382                                   Accumulate
       M&M.NS      Consumer Cyclical    Large Cap         69.3         71.495641                                   Accumulate
     NOCIL.NS        Basic Materials    Small Cap         69.3         71.495641                                   Accumulate
    GEECEE.NS            Real Estate    Small Cap         69.3         71.495641                                   Accumulate
   AUTOIND.NS      Consumer Cyclical    Small Cap         69.2         71.361502                                   Accumulate
NAVINFLUOR.NS        Basic Materials      Mid Cap         69.1         71.294433                                   Accumulate
 JYOTHYLAB.NS     Consumer Defensive    Small Cap         69.0         71.093226                                   Accumulate
 INTELLECT.NS             Technology    Small Cap         69.0         71.093226                                   Accumulate
      ALPA.NS             Healthcare    Small Cap         69.0         71.093226                                   Accumulate
 MEDICAMEQ.NS             Healthcare    Small Cap         69.0         71.093226                                   Accumulate
  DHANBANK.NS     Financial Services    Small Cap         69.0         71.093226                                   Accumulate
  CARTRADE.NS      Consumer Cyclical    Small Cap         68.9         70.824950                                   Accumulate
  LUMAXIND.NS      Consumer Cyclical    Small Cap         68.9         70.824950                                   Accumulate
 INGERRAND.NS            Industrials    Small Cap         68.9         70.824950                                   Accumulate
   ACUTAAS.NS        Basic Materials      Mid Cap         68.8         70.623742                                   Accumulate
   NDRAUTO.NS      Consumer Cyclical    Small Cap         68.8         70.623742                                   Accumulate
 MATRIMONY.NS Communication Services    Small Cap         68.8         70.623742                                   Accumulate
 BHAGYANGR.NS        Basic Materials    Small Cap         68.7         70.489604                                   Accumulate
      DSSL.NS             Technology    Small Cap         68.6         70.389001                                   Accumulate
     JKIPL.NS            Industrials    Small Cap         68.6         70.389001                                   Accumulate
ADANIPORTS.NS            Industrials    Large Cap         68.5         70.221328                                   Accumulate
  AEROFLEX.NS            Industrials    Small Cap         68.5         70.221328                                   Accumulate
CHENNPETRO.NS                 Energy    Small Cap         68.5         70.221328                                   Accumulate
    JGCHEM.NS        Basic Materials    Small Cap         68.4         69.986586                                   Accumulate
   ABSLAMC.NS     Financial Services      Mid Cap         68.4         69.986586                                   Accumulate
ASIANPAINT.NS        Basic Materials    Large Cap         68.4         69.986586                                   Accumulate
MUNJALSHOW.NS      Consumer Cyclical    Small Cap         68.4         69.986586                                   Accumulate
NATCOPHARM.NS             Healthcare    Small Cap         68.3         69.751844                                   Accumulate
    DENORA.NS            Industrials    Small Cap         68.3         69.751844                                   Accumulate
   HINDCON.NS        Basic Materials    Small Cap         68.3         69.751844                                   Accumulate
GREAVESCOT.NS            Industrials    Small Cap         68.2         69.617706                                   Accumulate
  ANGELONE.NS     Financial Services      Mid Cap         68.1         69.483568                                   Accumulate
ANANDRATHI.NS     Financial Services      Mid Cap         68.1         69.483568                                   Accumulate
    KOPRAN.NS             Healthcare    Small Cap         68.1         69.483568                                   Accumulate
  BFINVEST.NS     Financial Services    Small Cap         68.0         69.248826                                   Accumulate
BHARTIARTL.NS Communication Services    Large Cap         68.0         69.248826                                   Accumulate
ECOSMOBLTY.NS            Industrials    Small Cap         68.0         69.248826                                   Accumulate
APOLLOHOSP.NS             Healthcare    Large Cap         68.0         69.248826                                   Accumulate
 MOLDTKPAC.NS      Consumer Cyclical    Small Cap         67.9         69.014085                                   Accumulate
 CREDITACC.NS     Financial Services    Small Cap         67.9         69.014085                                   Accumulate
       CCL.NS     Consumer Defensive    Small Cap         67.9         69.014085                                   Accumulate
 ASHOKAMET.NS        Basic Materials    Small Cap         67.8         68.745808                                   Accumulate
BERGEPAINT.NS        Basic Materials      Mid Cap         67.8         68.745808                                   Accumulate
      IGCL.NS        Basic Materials    Small Cap         67.8         68.745808                                   Accumulate
    HONAUT.NS            Industrials      Mid Cap         67.8         68.745808                                   Accumulate
  INTLCONV.NS            Industrials    Small Cap         67.8         68.745808                                   Accumulate
       AVG.NS            Industrials    Small Cap         67.7         68.544601                                   Accumulate
 LLOYDSENT.NS        Basic Materials    Small Cap         67.6         68.410463                                   Accumulate
    LXCHEM.NS        Basic Materials    Small Cap         67.6         68.410463                                   Accumulate
  GRAPHITE.NS            Industrials    Small Cap         67.6         68.410463                                   Accumulate
       AYE.NS     Financial Services    Small Cap         67.5         67.739772                                   Accumulate
    MASFIN.NS     Financial Services    Small Cap         67.5         67.739772                                   Accumulate
      IIFL.NS     Financial Services      Mid Cap         67.5         67.739772                                   Accumulate
GOLDENTOBC.NS     Consumer Defensive    Small Cap         67.5         67.739772                                   Accumulate
  NORTHARC.NS     Financial Services    Small Cap         67.5         67.739772                                   Accumulate
  NILKAMAL.NS      Consumer Cyclical    Small Cap         67.5         67.739772                                   Accumulate
      IDEA.NS Communication Services    Large Cap         67.5         67.739772                                   Accumulate
 BLACKROSE.NS                    NaN    Small Cap         67.5         67.739772                                   Accumulate
    MARICO.NS     Consumer Defensive    Large Cap         67.5         67.739772                                   Accumulate
     IREDA.NS     Financial Services      Mid Cap         67.5         67.739772                                   Accumulate
       MMP.NS        Basic Materials    Small Cap         67.5         67.739772                                   Accumulate
    MITCON.NS            Industrials    Small Cap         67.5         67.739772                                   Accumulate
   FEDFINA.NS     Financial Services    Small Cap         67.5         67.739772                                   Accumulate
      CGCL.NS     Financial Services    Small Cap         67.5         67.739772                                   Accumulate
     HUDCO.NS     Financial Services      Mid Cap         67.5         67.739772                                   Accumulate
    M&MFIN.NS     Financial Services      Mid Cap         67.5         67.739772                                   Accumulate
     MANBA.NS     Financial Services    Small Cap         67.5         67.739772                                   Accumulate
     EBGNG.NS             Technology    Small Cap         67.4         67.069081                                   Accumulate
ASTRAMICRO.NS             Technology    Small Cap         67.4         67.069081                                   Accumulate
     ARIES.NS        Basic Materials    Small Cap         67.4         67.069081                                   Accumulate
NAGREEKCAP.NS     Financial Services    Small Cap         67.3         66.834339                                   Accumulate
ALBERTDAVD.NS             Healthcare    Small Cap         67.3         66.834339                                   Accumulate
ARTEMISMED.NS                    NaN    Small Cap         67.3         66.834339                                   Accumulate
KEYFINSERV.NS     Financial Services    Small Cap         67.3         66.834339                                   Accumulate
     HDBFS.NS     Financial Services      Mid Cap         67.2         66.532529                                   Accumulate
      ELIN.NS            Industrials    Small Cap         67.2         66.532529                                   Accumulate
   J&KBANK.NS     Financial Services    Small Cap         67.2         66.532529                                   Accumulate
ASKAUTOLTD.NS      Consumer Cyclical    Small Cap         67.2         66.532529                                   Accumulate
       ITC.NS     Consumer Defensive    Large Cap         67.2         66.532529                                   Accumulate
  ADFFOODS.NS     Consumer Defensive    Small Cap         67.1         66.163649                                   Accumulate
    JAGRAN.NS Communication Services    Small Cap         67.1         66.163649                                   Accumulate
  APARINDS.NS            Industrials      Mid Cap         67.1         66.163649                                   Accumulate
    AETHER.NS        Basic Materials    Small Cap         67.1         66.163649                                   Accumulate
   GMDCLTD.NS                 Energy    Small Cap         67.1         66.163649                                   Accumulate
     APTUS.NS     Financial Services    Small Cap         67.1         66.163649                                   Accumulate
     ENRIN.NS              Utilities    Large Cap         67.0         65.861838                                   Accumulate
    JIOFIN.NS     Financial Services    Large Cap         67.0         65.861838                                   Accumulate
  AJAXENGG.NS            Industrials    Small Cap         67.0         65.861838                                   Accumulate
    NAZARA.NS Communication Services    Small Cap         66.9         65.660630                                   Accumulate
    HARSHA.NS            Industrials    Small Cap         66.9         65.660630                                   Accumulate
 NESTLEIND.NS     Consumer Defensive    Large Cap         66.9         65.660630                                   Accumulate
NAVNETEDUL.NS Communication Services    Small Cap         66.8         65.526492                                   Accumulate
      ARIS.NS            Industrials    Small Cap         66.7         65.392354                                   Accumulate
AFFORDABLE.NS            Industrials    Small Cap         66.7         65.392354                                   Accumulate
     AIRAN.NS             Technology    Small Cap         66.7         65.392354                                   Accumulate
    MAHEPC.NS            Industrials    Small Cap         66.6         65.224681                                   Accumulate
      IDBI.NS     Financial Services      Mid Cap         66.6         65.224681                                   Accumulate
 COALINDIA.NS                 Energy    Large Cap         66.5         65.023474                                   Accumulate
BIRLACABLE.NS             Technology    Small Cap         66.5         65.023474                                   Accumulate
      HEXT.NS             Technology      Mid Cap         66.5         65.023474                                   Accumulate
LAXMIINDIA.NS     Financial Services    Small Cap         66.5         65.023474                                   Accumulate
       AKI.NS      Consumer Cyclical    Small Cap         66.4         64.822267                                   Accumulate
     DENTA.NS            Industrials    Small Cap         66.4         64.822267                                   Accumulate
     EMKAY.NS     Financial Services    Small Cap         66.2         64.688129                                   Accumulate
 GANESHHOU.NS            Real Estate    Small Cap         66.2         64.688129                                   Accumulate
LAURUSLABS.NS             Healthcare      Mid Cap         66.1         64.386318                                   Accumulate
     DABUR.NS     Consumer Defensive      Mid Cap         66.1         64.386318                                   Accumulate
    DONEAR.NS      Consumer Cyclical    Small Cap         66.1         64.386318                                   Accumulate
   BAFNAPH.NS             Healthcare    Small Cap         66.1         64.386318                                   Accumulate
LATENTVIEW.NS            Industrials    Small Cap         66.1         64.386318                                   Accumulate
INSPIRISYS.NS             Technology    Small Cap         66.1         64.386318                                   Accumulate
INDUSTOWER.NS Communication Services    Large Cap         66.1         64.386318                                   Accumulate
     FOCUS.NS      Consumer Cyclical    Small Cap         66.0         63.950369                                   Accumulate
   INDBANK.NS     Financial Services    Small Cap         66.0         63.950369                                   Accumulate
      BYKE.NS      Consumer Cyclical    Small Cap         66.0         63.950369                                   Accumulate
     ALKEM.NS             Healthcare      Mid Cap         66.0         63.950369                                   Accumulate
ALEMBICLTD.NS            Real Estate    Small Cap         66.0         63.950369                                   Accumulate
   AMBIKCO.NS      Consumer Cyclical    Small Cap         66.0         63.950369                                   Accumulate
       BEL.NS            Industrials    Large Cap         65.9         63.648558                                   Accumulate
 HYBRIDFIN.NS     Financial Services    Small Cap         65.9         63.648558                                   Accumulate
     AAVAS.NS     Financial Services    Small Cap         65.9         63.648558                                   Accumulate
 AMBALALSA.NS             Healthcare    Small Cap         65.8         63.413816                                   Accumulate
APOLSINHOT.NS            Industrials    Small Cap         65.8         63.413816                                   Accumulate
AVANTIFEED.NS     Consumer Defensive    Small Cap         65.8         63.413816                                   Accumulate
   BOROSCI.NS      Consumer Cyclical    Small Cap         65.8         63.413816                                   Accumulate
  EMAMILTD.NS     Consumer Defensive    Small Cap         65.7         63.212609                                   Accumulate
 CYIENTDLM.NS            Industrials    Small Cap         65.7         63.212609                                   Accumulate
  IIFLCAPS.NS     Financial Services    Small Cap         65.6         63.044936                                   Accumulate
  EMAMIPAP.NS        Basic Materials    Small Cap         65.6         63.044936                                   Accumulate
  GREENPLY.NS        Basic Materials    Small Cap         65.6         63.044936                                   Accumulate
HAPPSTMNDS.NS             Technology    Small Cap         65.5         62.843729                                   Accumulate
HECPROJECT.NS            Industrials    Small Cap         65.5         62.843729                                   Accumulate
      ITDC.NS      Consumer Cyclical    Small Cap         65.5         62.843729                                   Accumulate
  INNOVANA.NS             Technology    Small Cap         65.4         62.642522                                   Accumulate
  BHARATSE.NS      Consumer Cyclical    Small Cap         65.4         62.642522                                   Accumulate
LASERPOWER.NS            Industrials    Small Cap         65.4         62.642522                                   Accumulate
IRISDOREME.NS      Consumer Cyclical    Small Cap         65.3         62.340711                                   Accumulate
     AURUM.NS            Real Estate    Small Cap         65.3         62.340711                                   Accumulate
INNOVISION.NS            Industrials    Small Cap         65.3         62.340711                                   Accumulate
 HOMEFIRST.NS     Financial Services    Small Cap         65.3         62.340711                                   Accumulate
   DHARMAJ.NS        Basic Materials    Small Cap         65.3         62.340711                                   Accumulate
 ASPINWALL.NS     Consumer Defensive    Small Cap         65.3         62.340711                                   Accumulate
   KRITIKA.NS        Basic Materials    Small Cap         65.2         61.971831                                   Accumulate
  AARTIIND.NS        Basic Materials    Small Cap         65.2         61.971831                                   Accumulate
NEULANDLAB.NS             Healthcare      Mid Cap         65.2         61.971831                                   Accumulate
MONTECARLO.NS      Consumer Cyclical    Small Cap         65.2         61.971831                                   Accumulate
COSMOFIRST.NS      Consumer Cyclical    Small Cap         65.2         61.971831                                   Accumulate
 INOXGREEN.NS              Utilities    Small Cap         65.1         61.770624                                   Accumulate
       FCL.NS        Basic Materials    Small Cap         65.0         61.569416                                   Accumulate
       DEN.NS Communication Services    Small Cap         65.0         61.569416                                   Accumulate
 NATIONSTD.NS                    NaN    Small Cap         65.0         61.569416                                   Accumulate
   HDFCAMC.NS     Financial Services    Large Cap         65.0         61.569416                                   Accumulate
   AHLWEST.NS      Consumer Cyclical    Small Cap         65.0         61.569416                                   Accumulate
 MOTHERSON.NS      Consumer Cyclical    Large Cap         64.9         61.267606                                   Accumulate
MAPMYINDIA.NS             Technology    Small Cap         64.9         61.267606                                   Accumulate
  FIBERWEB.NS      Consumer Cyclical    Small Cap         64.9         61.267606                                   Accumulate
      IITL.NS     Financial Services    Small Cap         64.9         61.267606                                   Accumulate
  INFOBEAN.NS             Technology    Small Cap         64.8         60.999329                                   Accumulate
  ATULAUTO.NS      Consumer Cyclical    Small Cap         64.8         60.999329                                   Accumulate
      KDDL.NS      Consumer Cyclical    Small Cap         64.8         60.999329                                   Accumulate
  JINDRILL.NS                 Energy    Small Cap         64.8         60.999329                                   Accumulate
BAJAJHLDNG.NS     Financial Services    Large Cap         64.7         60.798122                                   Accumulate
 MANUGRAPH.NS            Industrials    Small Cap         64.7         60.798122                                   Accumulate
BIOFILCHEM.NS             Healthcare    Small Cap         64.6         60.663984                                   Accumulate
JAICORPLTD.NS        Basic Materials    Small Cap         64.6         60.663984                                   Accumulate
NAHARINDUS.NS      Consumer Cyclical    Small Cap         64.5         60.529846                                   Accumulate
   BLUEJET.NS             Healthcare    Small Cap         64.5         60.529846                                   Accumulate
 BANARISUG.NS     Consumer Defensive    Small Cap         64.4         60.362173                                   Accumulate
     AFFLE.NS Communication Services    Small Cap         64.4         60.362173                                   Accumulate
       DVL.NS     Financial Services    Small Cap         64.4         60.362173                                   Accumulate
   AARTECH.NS            Industrials    Small Cap         64.3         60.093897                                   Accumulate
 AURIONPRO.NS             Technology    Small Cap         64.3         60.093897                                   Accumulate
  MARATHON.NS            Real Estate    Small Cap         64.3         60.093897                                   Accumulate
KALYANIFRG.NS      Consumer Cyclical    Small Cap         64.3         60.093897                                   Accumulate
BALMLAWRIE.NS            Industrials    Small Cap         64.3         60.093897                                   Accumulate
      MMFL.NS            Industrials    Small Cap         64.2         59.792086                                   Accumulate
   DHANUKA.NS        Basic Materials    Small Cap         64.2         59.792086                                   Accumulate
   LAOPALA.NS      Consumer Cyclical    Small Cap         64.2         59.792086                                   Accumulate
   GANECOS.NS      Consumer Cyclical    Small Cap         64.2         59.792086                                   Accumulate
 MINDACORP.NS      Consumer Cyclical    Small Cap         64.1         59.557344                                   Accumulate
   KPRMILL.NS      Consumer Cyclical      Mid Cap         64.1         59.557344                                   Accumulate
   GMRP&UI.NS                 Energy    Small Cap         64.1         59.557344                                   Accumulate
  AEGISLOG.NS                 Energy      Mid Cap         64.0         59.289068                                   Accumulate
       DCW.NS        Basic Materials    Small Cap         64.0         59.289068                                   Accumulate
BANARBEADS.NS      Consumer Cyclical    Small Cap         64.0         59.289068                                   Accumulate
 AEROPLANE.NS     Consumer Defensive    Small Cap         64.0         59.289068                                   Accumulate
      NGIL.NS     Consumer Defensive    Small Cap         64.0         59.289068                                   Accumulate
   KOTYARK.NS        Basic Materials    Small Cap         63.9         59.054326                                   Accumulate
MOTOGENFIN.NS            Real Estate    Small Cap         63.9         59.054326                                   Accumulate
GODFRYPHLP.NS     Consumer Defensive      Mid Cap         63.8         58.786050                                   Accumulate
    BONLON.NS        Basic Materials    Small Cap         63.8         58.786050                                   Accumulate
      BLIL.NS                    NaN    Small Cap         63.8         58.786050                                   Accumulate
      BPCL.NS                 Energy    Large Cap         63.8         58.786050                                   Accumulate
    DOLLAR.NS      Consumer Cyclical    Small Cap         63.8         58.786050                                   Accumulate
  GRAUWEIL.NS        Basic Materials    Small Cap         63.8         58.786050                                   Accumulate
JETFREIGHT.NS            Industrials    Small Cap         63.7         58.484239                                   Accumulate
   NECCLTD.NS            Industrials    Small Cap         63.7         58.484239                                   Accumulate
    CONCOR.NS            Industrials      Mid Cap         63.7         58.484239                                   Accumulate
       JSL.NS        Basic Materials      Mid Cap         63.6         58.215962                                   Accumulate
     CROWN.NS            Industrials    Small Cap         63.6         58.215962                                   Accumulate
       IOC.NS                 Energy    Large Cap         63.6         58.215962                                   Accumulate
  KRISHANA.NS        Basic Materials    Small Cap         63.6         58.215962                                   Accumulate
      EIEL.NS            Industrials    Small Cap         63.6         58.215962                                   Accumulate
EQUITASBNK.NS     Financial Services    Small Cap         63.5         57.947686                                   Accumulate
  BLUEDART.NS            Industrials    Small Cap         63.5         57.947686                                   Accumulate
    CAMPUS.NS      Consumer Cyclical    Small Cap         63.5         57.947686                                   Accumulate
  ASIANENE.NS                 Energy    Small Cap         63.4         57.746479                                   Accumulate
      MBEL.NS            Industrials    Small Cap         63.4         57.746479                                   Accumulate
    HONASA.NS     Consumer Defensive    Small Cap         63.4         57.746479                                   Accumulate
  DRAGARWQ.NS                    NaN    Small Cap         63.3         57.511737                                   Accumulate
ADVANIHOTR.NS      Consumer Cyclical    Small Cap         63.3         57.511737                                   Accumulate
     CLEAN.NS        Basic Materials    Small Cap         63.3         57.511737                                   Accumulate
     CIPLA.NS             Healthcare    Large Cap         63.3         57.511737                                   Accumulate
CANFINHOME.NS     Financial Services    Small Cap         63.2         57.276995                                   Accumulate
  MANINFRA.NS            Industrials    Small Cap         63.2         57.276995                                   Accumulate
  ETHOSLTD.NS      Consumer Cyclical    Small Cap         63.2         57.276995                                   Accumulate
GENUSPAPER.NS        Basic Materials    Small Cap         63.1         57.142857                                   Accumulate
   ESCORTS.NS            Industrials      Mid Cap         63.0         56.941650                                   Accumulate
METROGLOBL.NS            Industrials    Small Cap         63.0         56.941650                                   Accumulate
GREENPOWER.NS              Utilities    Small Cap         63.0         56.941650                                   Accumulate
 DIVGIITTS.NS      Consumer Cyclical    Small Cap         63.0         56.941650                                   Accumulate
 JINDWORLD.NS      Consumer Cyclical    Small Cap         63.0         56.941650                                   Accumulate
  CMRGREEN.NS        Basic Materials    Small Cap         62.9         56.673374                                   Accumulate
      KKCL.NS      Consumer Cyclical    Small Cap         62.9         56.673374                                   Accumulate
 AMBUJACEM.NS        Basic Materials    Large Cap         62.9         56.673374                                   Accumulate
     CELLO.NS      Consumer Cyclical    Small Cap         62.8         56.472166                                   Accumulate
     IMPAL.NS      Consumer Cyclical    Small Cap         62.8         56.472166                                   Accumulate
     MICEL.NS             Technology    Small Cap         62.8         56.472166                                   Accumulate
 AADHARHFC.NS     Financial Services    Small Cap         62.7         56.237425                                   Accumulate
    MARINE.NS            Industrials    Small Cap         62.7         56.237425                                   Accumulate
       LTF.NS     Financial Services      Mid Cap         62.7         56.237425                                   Accumulate
BAJAJHCARE.NS             Healthcare    Small Cap         62.7         56.237425                                   Accumulate
   JAINREC.NS        Basic Materials    Small Cap         62.6         56.069752                                   Accumulate
CORALFINAC.NS            Real Estate    Small Cap         62.5         56.002683                                   Accumulate
    NAUKRI.NS Communication Services      Mid Cap         62.4         55.801476                                   Accumulate
       KRN.NS             Technology    Small Cap         62.4         55.801476                                   Accumulate
     IXIGO.NS      Consumer Cyclical    Small Cap         62.4         55.801476                                   Accumulate
 DIGIDRIVE.NS      Consumer Cyclical    Small Cap         62.4         55.801476                                   Accumulate
  MOTISONS.NS      Consumer Cyclical    Small Cap         62.4         55.801476                                   Accumulate
NAHARSPING.NS      Consumer Cyclical    Small Cap         62.3         55.466130                                   Accumulate
 20MICRONS.NS        Basic Materials    Small Cap         62.3         55.466130                                   Accumulate
     INDGN.NS             Healthcare    Small Cap         62.3         55.466130                                   Accumulate
 INDNIPPON.NS      Consumer Cyclical    Small Cap         62.3         55.466130                                   Accumulate
      APEX.NS     Consumer Defensive    Small Cap         62.3         55.466130                                   Accumulate
   GABRIEL.NS      Consumer Cyclical      Mid Cap         62.2         55.231388                                   Accumulate
  GILLETTE.NS     Consumer Defensive      Mid Cap         62.2         55.231388                                   Accumulate
 COASTCORP.NS     Consumer Defensive    Small Cap         62.1         55.063716                                   Accumulate
   LINCOLN.NS             Healthcare    Small Cap         62.1         55.063716                                   Accumulate
 INTERARCH.NS            Industrials    Small Cap         62.1         55.063716                                   Accumulate
   KAPSTON.NS            Industrials    Small Cap         62.0         54.929577                               Hold / Neutral
KSHITIJPOL.NS            Industrials    Small Cap         61.9         54.828974                               Hold / Neutral
    HNDFDS.NS            Industrials    Small Cap         61.9         54.828974                               Hold / Neutral
ASAHIINDIA.NS      Consumer Cyclical    Small Cap         61.8         54.661301                               Hold / Neutral
    COLPAL.NS     Consumer Defensive      Mid Cap         61.8         54.661301                               Hold / Neutral
  AGROPHOS.NS        Basic Materials    Small Cap         61.8         54.661301                               Hold / Neutral
   CHEMFAB.NS        Basic Materials    Small Cap         61.7         54.426559                               Hold / Neutral
MADRASFERT.NS        Basic Materials    Small Cap         61.7         54.426559                               Hold / Neutral
 EDELWEISS.NS     Financial Services    Small Cap         61.7         54.426559                               Hold / Neutral
     MUKKA.NS     Consumer Defensive    Small Cap         61.7         54.426559                               Hold / Neutral
       IPL.NS        Basic Materials    Small Cap         61.6         54.225352                               Hold / Neutral
     MAZDA.NS            Industrials    Small Cap         61.6         54.225352                               Hold / Neutral
LGBBROSLTD.NS      Consumer Cyclical    Small Cap         61.5         54.124748                               Hold / Neutral
 CONTROLPR.NS            Industrials    Small Cap         61.4         54.057679                               Hold / Neutral
       MGL.NS              Utilities    Small Cap         61.3         53.688799                               Hold / Neutral
    EXXARO.NS            Industrials    Small Cap         61.3         53.688799                               Hold / Neutral
       IGL.NS              Utilities    Small Cap         61.3         53.688799                               Hold / Neutral
     MUFTI.NS      Consumer Cyclical    Small Cap         61.3         53.688799                               Hold / Neutral
    AAKASH.NS                 Energy    Small Cap         61.3         53.688799                               Hold / Neutral
      DMCC.NS        Basic Materials    Small Cap         61.3         53.688799                               Hold / Neutral
CHAMBLFERT.NS        Basic Materials    Small Cap         61.3         53.688799                               Hold / Neutral
MAHSEAMLES.NS        Basic Materials    Small Cap         61.3         53.688799                               Hold / Neutral
 GICHSGFIN.NS     Financial Services    Small Cap         61.3         53.688799                               Hold / Neutral
 KOTARISUG.NS     Consumer Defensive    Small Cap         61.3         53.688799                               Hold / Neutral
 KANSAINER.NS        Basic Materials    Small Cap         61.2         53.286385                               Hold / Neutral
ICICIPRULI.NS     Financial Services      Mid Cap         61.2         53.286385                               Hold / Neutral
       ACC.NS        Basic Materials      Mid Cap         61.1         53.085178                               Hold / Neutral
   BELRISE.NS      Consumer Cyclical    Small Cap         61.1         53.085178                               Hold / Neutral
      AZAD.NS            Industrials    Small Cap         61.1         53.085178                               Hold / Neutral
KANORICHEM.NS        Basic Materials    Small Cap         61.1         53.085178                               Hold / Neutral
  CINELINE.NS Communication Services    Small Cap         61.0         52.850436                               Hold / Neutral
  GUFICBIO.NS             Healthcare    Small Cap         61.0         52.850436                               Hold / Neutral
  ELITECON.NS                    NaN    Small Cap         61.0         52.850436                               Hold / Neutral
   CMSINFO.NS            Industrials    Small Cap         60.9         52.615694                               Hold / Neutral
    GENSOL.NS             Technology    Small Cap         60.9         52.615694                               Hold / Neutral
     AURUS.NS      Consumer Cyclical    Small Cap         60.9         52.615694                               Hold / Neutral
    ASTRAL.NS            Industrials      Mid Cap         60.9         52.615694                               Hold / Neutral
  EIDPARRY.NS        Basic Materials    Small Cap         60.8         52.448021                               Hold / Neutral
 ACMESOLAR.NS              Utilities      Mid Cap         60.7         52.280349                               Hold / Neutral
      NAVA.NS            Industrials    Small Cap         60.7         52.280349                               Hold / Neutral
   HUBTOWN.NS            Real Estate    Small Cap         60.7         52.280349                               Hold / Neutral
  CANTABIL.NS      Consumer Cyclical    Small Cap         60.7         52.280349                               Hold / Neutral
 GINNIFILA.NS      Consumer Cyclical    Small Cap         60.6         52.112676                               Hold / Neutral
   GRMOVER.NS     Consumer Defensive    Small Cap         60.5         51.911469                               Hold / Neutral
   ASALCBR.NS     Consumer Defensive    Small Cap         60.5         51.911469                               Hold / Neutral
   GATEWAY.NS            Industrials    Small Cap         60.5         51.911469                               Hold / Neutral
KALYANKJIL.NS      Consumer Cyclical      Mid Cap         60.5         51.911469                               Hold / Neutral
 EXCELSOFT.NS             Technology    Small Cap         60.5         51.911469                               Hold / Neutral
EVERESTIND.NS            Industrials    Small Cap         60.4         51.643192                               Hold / Neutral
     EMMBI.NS      Consumer Cyclical    Small Cap         60.4         51.643192                               Hold / Neutral
      KRBL.NS     Consumer Defensive    Small Cap         60.4         51.643192                               Hold / Neutral
  CHOLAFIN.NS     Financial Services    Large Cap         60.3         51.408451                               Hold / Neutral
  BOSCHLTD.NS      Consumer Cyclical    Large Cap         60.3         51.408451                               Hold / Neutral
  GPTINFRA.NS            Industrials    Small Cap         60.3         51.408451                               Hold / Neutral
 ENDURANCE.NS      Consumer Cyclical      Mid Cap         60.3         51.408451                               Hold / Neutral
    NETWEB.NS             Technology      Mid Cap         60.2         51.140174                               Hold / Neutral
     NEAGI.NS                    NaN    Small Cap         60.2         51.140174                               Hold / Neutral
   MIDHANI.NS        Basic Materials    Small Cap         60.2         51.140174                               Hold / Neutral
        LT.NS            Industrials    Large Cap         60.2         51.140174                               Hold / Neutral
  NLCINDIA.NS              Utilities      Mid Cap         60.1         50.804829                               Hold / Neutral
     DUCON.NS            Industrials    Small Cap         60.1         50.804829                               Hold / Neutral
FAIRCHEMOR.NS        Basic Materials    Small Cap         60.1         50.804829                               Hold / Neutral
NATHBIOGEN.NS        Basic Materials    Small Cap         60.1         50.804829                               Hold / Neutral
   EPIGRAL.NS        Basic Materials    Small Cap         60.1         50.804829                               Hold / Neutral
       DLF.NS            Real Estate    Large Cap         60.1         50.804829                               Hold / Neutral
HITECHCORP.NS      Consumer Cyclical    Small Cap         59.9         50.570087                               Hold / Neutral
       DBL.NS            Industrials    Small Cap         59.8         50.503018                               Hold / Neutral
  FMGOETZE.NS      Consumer Cyclical    Small Cap         59.7         50.402414                               Hold / Neutral
    INDOUS.NS        Basic Materials    Small Cap         59.7         50.402414                               Hold / Neutral
 NAHARPOLY.NS      Consumer Cyclical    Small Cap         59.5         50.201207                               Hold / Neutral
NEPHROPLUS.NS             Healthcare    Small Cap         59.5         50.201207                               Hold / Neutral
    AVALON.NS             Technology    Small Cap         59.5         50.201207                               Hold / Neutral
     GLOBE.NS      Consumer Cyclical    Small Cap         59.5         50.201207                               Hold / Neutral
  HALDYNGL.NS                    NaN    Small Cap         59.4         50.033535                               Hold / Neutral
       GNA.NS      Consumer Cyclical    Small Cap         59.3         49.966465                               Hold / Neutral
   HARDWYN.NS            Industrials    Small Cap         59.2         49.832327                               Hold / Neutral
CYBERMEDIA.NS Communication Services    Small Cap         59.2         49.832327                               Hold / Neutral
    CYIENT.NS            Industrials    Small Cap         59.2         49.832327                               Hold / Neutral
HITECHGEAR.NS      Consumer Cyclical    Small Cap         59.1         49.564051                               Hold / Neutral
      ANUP.NS            Industrials    Small Cap         59.1         49.564051                               Hold / Neutral
AEGISVOPAK.NS                 Energy      Mid Cap         59.1         49.564051                               Hold / Neutral
AGARWALEYE.NS             Healthcare    Small Cap         59.1         49.564051                               Hold / Neutral
  KPITTECH.NS             Technology    Small Cap         59.1         49.564051                               Hold / Neutral
      ADSL.NS             Technology    Small Cap         59.0         49.161636                               Hold / Neutral
     AWFIS.NS            Industrials    Small Cap         59.0         49.161636                               Hold / Neutral
  AHLUCONT.NS            Industrials    Small Cap         59.0         49.161636                               Hold / Neutral
      JKIL.NS            Industrials    Small Cap         59.0         49.161636                               Hold / Neutral
      ASAL.NS      Consumer Cyclical    Small Cap         59.0         49.161636                               Hold / Neutral
    LAGNAM.NS      Consumer Cyclical    Small Cap         59.0         49.161636                               Hold / Neutral
    ARSSBL.NS     Financial Services    Small Cap         59.0         49.161636                               Hold / Neutral
    DEEDEV.NS            Industrials    Small Cap         58.9         48.792757                               Hold / Neutral
 KANANIIND.NS      Consumer Cyclical    Small Cap         58.9         48.792757                               Hold / Neutral
  KUSUMGAR.NS      Consumer Cyclical    Small Cap         58.9         48.792757                               Hold / Neutral
  MTARTECH.NS            Industrials    Small Cap         58.9         48.792757                               Hold / Neutral
  INVPRECQ.NS                    NaN    Small Cap         58.8         48.591549                               Hold / Neutral
KALAMANDIR.NS      Consumer Cyclical    Small Cap         58.8         48.591549                               Hold / Neutral
CENTURYPLY.NS        Basic Materials    Small Cap         58.7         48.423877                               Hold / Neutral
    MARUTI.NS      Consumer Cyclical    Large Cap         58.7         48.423877                               Hold / Neutral
   MENNPIS.NS                    NaN    Small Cap         58.7         48.423877                               Hold / Neutral
       AVL.NS      Consumer Cyclical    Small Cap         58.6         48.289738                               Hold / Neutral
       MCL.NS        Basic Materials    Small Cap         58.5         48.122066                               Hold / Neutral
  CONFIPET.NS                 Energy    Small Cap         58.5         48.122066                               Hold / Neutral
      NHPC.NS              Utilities      Mid Cap         58.5         48.122066                               Hold / Neutral
      BLSE.NS            Industrials    Small Cap         58.5         48.122066                               Hold / Neutral
       BBL.NS            Industrials    Small Cap         58.4         47.954393                               Hold / Neutral
  HILINFRA.NS            Industrials    Small Cap         58.3         47.719651                               Hold / Neutral
  GALLANTT.NS        Basic Materials    Small Cap         58.3         47.719651                               Hold / Neutral
KELLTONTEC.NS             Technology    Small Cap         58.3         47.719651                               Hold / Neutral
 3IINFOLTD.NS             Technology    Small Cap         58.3         47.719651                               Hold / Neutral
       EPL.NS      Consumer Cyclical    Small Cap         58.3         47.719651                               Hold / Neutral
 BRITANNIA.NS     Consumer Defensive    Large Cap         58.3         47.719651                               Hold / Neutral
      MSPL.NS        Basic Materials    Small Cap         58.2         47.451375                               Hold / Neutral
      CDSL.NS     Financial Services      Mid Cap         58.2         47.451375                               Hold / Neutral
     HIKAL.NS             Healthcare    Small Cap         58.1         47.250168                               Hold / Neutral
      LINC.NS            Industrials    Small Cap         58.1         47.250168                               Hold / Neutral
      MRPL.NS                 Energy      Mid Cap         58.1         47.250168                               Hold / Neutral
KOTHARIPRO.NS            Industrials    Small Cap         58.1         47.250168                               Hold / Neutral
BAJAJINDEF.NS            Industrials    Small Cap         58.0         47.082495                               Hold / Neutral
GANGESSECU.NS     Consumer Defensive    Small Cap         57.9         46.981891                               Hold / Neutral
DREAMFOLKS.NS            Industrials    Small Cap         57.9         46.981891                               Hold / Neutral
  FIVESTAR.NS     Financial Services    Small Cap         57.8         46.814219                               Hold / Neutral
       MWL.NS        Basic Materials    Small Cap         57.8         46.814219                               Hold / Neutral
     MVGJL.NS      Consumer Cyclical    Small Cap         57.8         46.814219                               Hold / Neutral
   ANUHPHR.NS             Healthcare    Small Cap         57.7         46.579477                               Hold / Neutral
JYOTISTRUC.NS            Industrials    Small Cap         57.7         46.579477                               Hold / Neutral
   GSPCROP.NS        Basic Materials    Small Cap         57.7         46.579477                               Hold / Neutral
   NIITLTD.NS     Consumer Defensive    Small Cap         57.7         46.579477                               Hold / Neutral
    APOLLO.NS            Industrials    Small Cap         57.6         46.344735                               Hold / Neutral
    KISSHT.NS     Financial Services    Small Cap         57.6         46.344735                               Hold / Neutral
     ARVEE.NS        Basic Materials    Small Cap         57.6         46.344735                               Hold / Neutral
 BELLACASA.NS      Consumer Cyclical    Small Cap         57.5         45.875252                               Hold / Neutral
  ASHOKLEY.NS            Industrials    Large Cap         57.5         45.875252                               Hold / Neutral
  KOHINOOR.NS     Consumer Defensive    Small Cap         57.5         45.875252                               Hold / Neutral
KRIDHANINF.NS        Basic Materials    Small Cap         57.5         45.875252                               Hold / Neutral
  GTLINFRA.NS             Technology    Small Cap         57.5         45.875252                               Hold / Neutral
 MODTHREAD.NS      Consumer Cyclical    Small Cap         57.5         45.875252                               Hold / Neutral
NIRAJISPAT.NS      Consumer Cyclical    Small Cap         57.5         45.875252                               Hold / Neutral
  KFINTECH.NS             Technology    Small Cap         57.5         45.875252                               Hold / Neutral
   KALYANI.NS      Consumer Cyclical    Small Cap         57.5         45.875252                               Hold / Neutral
   AMJLAND.NS            Real Estate    Small Cap         57.5         45.875252                               Hold / Neutral
     CPEDU.NS     Consumer Defensive    Small Cap         57.5         45.875252                               Hold / Neutral
   CGPOWER.NS            Industrials    Large Cap         57.4         45.472837                               Hold / Neutral
      CERA.NS            Industrials    Small Cap         57.3         45.204561                               Hold / Neutral
     DODLA.NS     Consumer Defensive    Small Cap         57.3         45.204561                               Hold / Neutral
AARTIDRUGS.NS             Healthcare    Small Cap         57.3         45.204561                               Hold / Neutral
      CESC.NS              Utilities    Small Cap         57.3         45.204561                               Hold / Neutral
   CENTEXT.NS        Basic Materials    Small Cap         57.3         45.204561                               Hold / Neutral
JMFINANCIL.NS     Financial Services    Small Cap         57.3         45.204561                               Hold / Neutral
   HATHWAY.NS Communication Services    Small Cap         57.3         45.204561                               Hold / Neutral
  BAJAJHFL.NS     Financial Services      Mid Cap         57.2         44.835681                               Hold / Neutral
 CENTRALBK.NS     Financial Services      Mid Cap         57.2         44.835681                               Hold / Neutral
EMSLIMITED.NS            Industrials    Small Cap         57.2         44.835681                               Hold / Neutral
BAJFINANCE.NS     Financial Services    Large Cap         57.2         44.835681                               Hold / Neutral
     ANMOL.NS                 Energy    Small Cap         57.1         44.567404                               Hold / Neutral
   GROBTEA.NS     Consumer Defensive    Small Cap         57.1         44.567404                               Hold / Neutral
 ABCAPITAL.NS     Financial Services    Large Cap         57.1         44.567404                               Hold / Neutral
 INVENTURE.NS     Financial Services    Small Cap         57.1         44.567404                               Hold / Neutral
 MANAKCOAT.NS            Industrials    Small Cap         57.0         44.299128                               Hold / Neutral
   AVANTEL.NS             Technology    Small Cap         57.0         44.299128                               Hold / Neutral
BHARTIHEXA.NS Communication Services      Mid Cap         57.0         44.299128                               Hold / Neutral
INSECTICID.NS        Basic Materials    Small Cap         57.0         44.299128                               Hold / Neutral
BHARATWIRE.NS        Basic Materials    Small Cap         56.9         43.997317                               Hold / Neutral
HISARMETAL.NS        Basic Materials    Small Cap         56.9         43.997317                               Hold / Neutral
ADROITINFO.NS             Technology    Small Cap         56.9         43.997317                               Hold / Neutral
LINDEINDIA.NS        Basic Materials      Mid Cap         56.9         43.997317                               Hold / Neutral
 CRAFTSMAN.NS      Consumer Cyclical      Mid Cap         56.9         43.997317                               Hold / Neutral
   ASHIANA.NS            Real Estate    Small Cap         56.8         43.762575                               Hold / Neutral
 APLAPOLLO.NS        Basic Materials      Mid Cap         56.8         43.762575                               Hold / Neutral
 MAXHEALTH.NS             Healthcare    Large Cap         56.7         43.661972                               Hold / Neutral
   MANOMAY.NS      Consumer Cyclical    Small Cap         56.6         43.527834                               Hold / Neutral
    CEMPRO.NS            Industrials    Small Cap         56.6         43.527834                               Hold / Neutral
      AFSL.NS     Financial Services    Small Cap         56.6         43.527834                               Hold / Neutral
GFLLIMITED.NS     Financial Services    Small Cap         56.5         43.393696                               Hold / Neutral
  IGARASHI.NS      Consumer Cyclical    Small Cap         56.4         43.226023                               Hold / Neutral
  MANAKSIA.NS            Industrials    Small Cap         56.4         43.226023                               Hold / Neutral
    MAHLOG.NS            Industrials    Small Cap         56.4         43.226023                               Hold / Neutral
      GNRL.NS                    NaN    Small Cap         56.4         43.226023                               Hold / Neutral
      HFCL.NS             Technology      Mid Cap         56.3         42.957746                               Hold / Neutral
  CROMPTON.NS      Consumer Cyclical    Small Cap         56.3         42.957746                               Hold / Neutral
 GUJRAFFIA.NS                    NaN    Small Cap         56.3         42.957746                               Hold / Neutral
   MALLCOM.NS            Industrials    Small Cap         56.3         42.957746                               Hold / Neutral
AVADHSUGAR.NS     Consumer Defensive    Small Cap         56.2         42.689470                               Hold / Neutral
    BIOCON.NS             Healthcare      Mid Cap         56.2         42.689470                               Hold / Neutral
      BHEL.NS            Industrials    Large Cap         56.2         42.689470                               Hold / Neutral
       LAL.NS      Consumer Cyclical    Small Cap         56.2         42.689470                               Hold / Neutral
 NAVKARURB.NS        Basic Materials    Small Cap         56.1         42.521797                               Hold / Neutral
 DIGISPICE.NS     Financial Services    Small Cap         56.0         42.421194                               Hold / Neutral
MARKOLINES.NS            Industrials    Small Cap         56.0         42.421194                               Hold / Neutral
       ABB.NS            Industrials    Large Cap         55.9         42.253521                               Hold / Neutral
  INDORAMA.NS      Consumer Cyclical    Small Cap         55.9         42.253521                               Hold / Neutral
    ELECON.NS            Industrials    Small Cap         55.9         42.253521                               Hold / Neutral
    KNRCON.NS            Industrials    Small Cap         55.8         42.052314                               Hold / Neutral
INDIANHUME.NS            Industrials    Small Cap         55.8         42.052314                               Hold / Neutral
      IRFC.NS     Financial Services    Large Cap         55.8         42.052314                               Hold / Neutral
BIRLACORPN.NS        Basic Materials    Small Cap         55.7         41.918176                               Hold / Neutral
  AUSOMENT.NS     Financial Services    Small Cap         55.6         41.817572                               Hold / Neutral
BALKRISIND.NS      Consumer Cyclical      Mid Cap         55.6         41.817572                               Hold / Neutral
    CHALET.NS      Consumer Cyclical    Small Cap         55.5         41.616365                               Hold / Neutral
IONEXCHANG.NS            Industrials    Small Cap         55.5         41.616365                               Hold / Neutral
  ACCURACY.NS            Industrials    Small Cap         55.5         41.616365                               Hold / Neutral
   DRREDDY.NS             Healthcare      Mid Cap         55.5         41.616365                               Hold / Neutral
 LICHSGFIN.NS     Financial Services      Mid Cap         55.4         41.281019                               Hold / Neutral
  MUNJALAU.NS      Consumer Cyclical    Small Cap         55.4         41.281019                               Hold / Neutral
CHOLAHLDNG.NS     Financial Services      Mid Cap         55.4         41.281019                               Hold / Neutral
     BSHSL.NS        Basic Materials    Small Cap         55.4         41.281019                               Hold / Neutral
CSLFINANCE.NS     Financial Services    Small Cap         55.4         41.281019                               Hold / Neutral
AAREYDRUGS.NS             Healthcare    Small Cap         55.4         41.281019                               Hold / Neutral
     GOPAL.NS     Consumer Defensive    Small Cap         55.3         40.945674                               Hold / Neutral
  CHOICEIN.NS     Financial Services    Small Cap         55.3         40.945674                               Hold / Neutral
GMMPFAUDLR.NS            Industrials    Small Cap         55.3         40.945674                               Hold / Neutral
      IKIO.NS             Technology    Small Cap         55.3         40.945674                               Hold / Neutral
HEIDELBERG.NS        Basic Materials    Small Cap         55.2         40.744467                               Hold / Neutral
   INDOMIM.NS            Industrials      Mid Cap         55.2         40.744467                               Hold / Neutral
HERITGFOOD.NS     Consumer Defensive    Small Cap         55.1         40.610329                               Hold / Neutral
HALEOSLABS.NS             Healthcare    Small Cap         55.1         40.610329                               Hold / Neutral
KIRLOSBROS.NS            Industrials    Small Cap         55.0         40.342052                               Hold / Neutral
      CCCL.NS            Industrials    Small Cap         55.0         40.342052                               Hold / Neutral
  CAPACITE.NS            Industrials    Small Cap         55.0         40.342052                               Hold / Neutral
 LEMONTREE.NS      Consumer Cyclical    Small Cap         55.0         40.342052                               Hold / Neutral
KOKUYOCMLN.NS            Industrials    Small Cap         55.0         40.342052                               Hold / Neutral
    AASTHA.NS      Consumer Cyclical    Small Cap         55.0         40.342052                               Hold / Neutral
INDIANCARD.NS      Consumer Cyclical    Small Cap         54.9         40.006707                               Hold / Neutral
   KMSUGAR.NS     Consumer Defensive    Small Cap         54.9         40.006707                               Hold / Neutral
    MEESHO.NS      Consumer Cyclical      Mid Cap         54.9         40.006707                               Hold / Neutral
CUMMINSIND.NS            Industrials    Large Cap         54.9         40.006707                               Hold / Neutral
  LGEINDIA.NS             Technology    Large Cap         54.8         39.805500                               Hold / Neutral
 IFGLEXPOR.NS        Basic Materials    Small Cap         54.8         39.805500                               Hold / Neutral
   HYUNDAI.NS      Consumer Cyclical    Large Cap         54.6         39.637827                               Hold / Neutral
      BTML.NS Communication Services    Small Cap         54.6         39.637827                               Hold / Neutral
  LIKHITHA.NS                 Energy    Small Cap         54.6         39.637827                               Hold / Neutral
HINDUNILVR.NS     Consumer Defensive    Large Cap         54.5         39.403085                               Hold / Neutral
INDUSINDBK.NS     Financial Services      Mid Cap         54.5         39.403085                               Hold / Neutral
 DIAMINESQ.NS        Basic Materials    Small Cap         54.5         39.403085                               Hold / Neutral
   FCSSOFT.NS             Technology    Small Cap         54.5         39.403085                               Hold / Neutral
  BHAGCHEM.NS        Basic Materials    Small Cap         54.4         39.201878                               Hold / Neutral
BANKBARODA.NS     Financial Services    Large Cap         54.4         39.201878                               Hold / Neutral
       ITI.NS             Technology      Mid Cap         54.3         39.034205                               Hold / Neutral
    DHARAN.NS            Real Estate    Small Cap         54.3         39.034205                               Hold / Neutral
   COHANCE.NS             Healthcare    Small Cap         54.3         39.034205                               Hold / Neutral
 MANCREDIT.NS     Financial Services    Small Cap         54.2         38.765929                               Hold / Neutral
     GICRE.NS     Financial Services      Mid Cap         54.2         38.765929                               Hold / Neutral
   NELCAST.NS            Industrials    Small Cap         54.2         38.765929                               Hold / Neutral
    MANORG.NS        Basic Materials    Small Cap         54.2         38.765929                               Hold / Neutral
    ANTHEM.NS             Healthcare      Mid Cap         54.2         38.765929                               Hold / Neutral
    GATECH.NS     Financial Services    Small Cap         54.1         38.497653                               Hold / Neutral
INDIGOPNTS.NS        Basic Materials    Small Cap         54.1         38.497653                               Hold / Neutral
 GATECHDVR.NS     Financial Services    Small Cap         54.1         38.497653                               Hold / Neutral
 DELTACORP.NS      Consumer Cyclical    Small Cap         53.9         38.296445                               Hold / Neutral
       FSL.NS             Technology    Small Cap         53.9         38.296445                               Hold / Neutral
GEEKAYWIRE.NS            Industrials    Small Cap         53.9         38.296445                               Hold / Neutral
 JINDALSAW.NS        Basic Materials    Small Cap         53.8         38.095238                               Hold / Neutral
  JYOTICNC.NS            Industrials    Small Cap         53.8         38.095238                               Hold / Neutral
 GODREJIND.NS            Industrials      Mid Cap         53.8         38.095238                               Hold / Neutral
GODREJPROP.NS            Real Estate      Mid Cap         53.7         37.961100                               Hold / Neutral
   GRINFRA.NS            Industrials    Small Cap         53.6         37.826962                               Hold / Neutral
     LIBAS.NS      Consumer Cyclical    Small Cap         53.6         37.826962                               Hold / Neutral
APOLLOPIPE.NS            Industrials    Small Cap         53.6         37.826962                               Hold / Neutral
GILLANDERS.NS     Consumer Defensive    Small Cap         53.5         37.592220                               Hold / Neutral
   ALANKIT.NS             Technology    Small Cap         53.5         37.592220                               Hold / Neutral
 JKLAKSHMI.NS        Basic Materials    Small Cap         53.5         37.592220                               Hold / Neutral
 GEOJITFSL.NS     Financial Services    Small Cap         53.5         37.592220                               Hold / Neutral
 CAPILLARY.NS             Technology    Small Cap         53.4         37.357478                               Hold / Neutral
      DBOL.NS     Consumer Defensive    Small Cap         53.4         37.357478                               Hold / Neutral
   ARIHANT.NS            Real Estate    Small Cap         53.4         37.357478                               Hold / Neutral
 KIRLOSENG.NS            Industrials      Mid Cap         53.3         37.223340                               Hold / Neutral
  INOXWIND.NS            Industrials    Small Cap         53.2         37.122736                               Hold / Neutral
 BLUSPRING.NS            Industrials    Small Cap         53.2         37.122736                               Hold / Neutral
   DIACABS.NS            Industrials    Small Cap         53.1         36.988598                               Hold / Neutral
AARTIPHARM.NS             Healthcare    Small Cap         53.1         36.988598                               Hold / Neutral
     CREST.NS     Financial Services    Small Cap         53.0         36.820926                               Hold / Neutral
GALAXYSURF.NS        Basic Materials    Small Cap         53.0         36.820926                               Hold / Neutral
  GODREJCP.NS     Consumer Defensive    Large Cap         53.0         36.820926                               Hold / Neutral
DBSTOCKBRO.NS     Financial Services    Small Cap         52.9         36.586184                               Hold / Neutral
   HMAAGRO.NS     Consumer Defensive    Small Cap         52.9         36.586184                               Hold / Neutral
    BCLIND.NS     Consumer Defensive    Small Cap         52.9         36.586184                               Hold / Neutral
  JSWINFRA.NS            Industrials      Mid Cap         52.9         36.586184                               Hold / Neutral
COROMANDEL.NS        Basic Materials      Mid Cap         52.8         36.284373                               Hold / Neutral
   CEATLTD.NS      Consumer Cyclical    Small Cap         52.8         36.284373                               Hold / Neutral
       LMW.NS            Industrials    Small Cap         52.8         36.284373                               Hold / Neutral
  KARMAENG.NS              Utilities    Small Cap         52.8         36.284373                               Hold / Neutral
  FINKURVE.NS     Financial Services    Small Cap         52.8         36.284373                               Hold / Neutral
GLOBECIVIL.NS            Industrials    Small Cap         52.7         36.083166                               Hold / Neutral
      GSFC.NS        Basic Materials    Small Cap         52.6         36.016097                               Hold / Neutral
   63MOONS.NS             Technology    Small Cap         52.5         35.848424                               Hold / Neutral
 MAHASTEEL.NS        Basic Materials    Small Cap         52.5         35.848424                               Hold / Neutral
JAYBARMARU.NS      Consumer Cyclical    Small Cap         52.5         35.848424                               Hold / Neutral
   LOVABLE.NS      Consumer Cyclical    Small Cap         52.5         35.848424                               Hold / Neutral
   ETERNAL.NS      Consumer Cyclical    Large Cap         52.4         35.479544                               Hold / Neutral
ATHERENERG.NS      Consumer Cyclical      Mid Cap         52.4         35.479544                               Hold / Neutral
MIDWESTLTD.NS        Basic Materials    Small Cap         52.4         35.479544                               Hold / Neutral
     AWHCL.NS            Industrials    Small Cap         52.4         35.479544                               Hold / Neutral
    CENTUM.NS             Technology    Small Cap         52.4         35.479544                               Hold / Neutral
     GYFTR.NS            Industrials    Small Cap         52.4         35.479544                               Hold / Neutral
GODREJAGRO.NS     Consumer Defensive    Small Cap         52.4         35.479544                               Hold / Neutral
     AKUMS.NS             Healthcare    Small Cap         52.3         35.211268                               Hold / Neutral
      JLHL.NS             Healthcare    Small Cap         52.2         35.010060                               Hold / Neutral
    KNAGRI.NS     Consumer Defensive    Small Cap         52.2         35.010060                               Hold / Neutral
 BAJAJHIND.NS     Consumer Defensive    Small Cap         52.2         35.010060                               Hold / Neutral
   ABINFRA.NS            Industrials    Small Cap         52.2         35.010060                               Hold / Neutral
EXCELINDUS.NS        Basic Materials    Small Cap         52.2         35.010060                               Hold / Neutral
MUTHOOTCAP.NS     Financial Services    Small Cap         52.1         34.775319                               Hold / Neutral
   MANINDS.NS        Basic Materials    Small Cap         52.1         34.775319                               Hold / Neutral
      FMNL.NS            Real Estate    Small Cap         52.0         34.641180                               Hold / Neutral
       DCM.NS            Industrials    Small Cap         52.0         34.641180                               Hold / Neutral
    ENTERO.NS             Healthcare    Small Cap         51.9         34.473508                               Hold / Neutral
  FERMENTA.NS                    NaN    Small Cap         51.9         34.473508                               Hold / Neutral
    360ONE.NS     Financial Services      Mid Cap         51.9         34.473508                               Hold / Neutral
       KSL.NS        Basic Materials    Small Cap         51.8         34.272300                               Hold / Neutral
MOTILALOFS.NS     Financial Services      Mid Cap         51.8         34.272300                               Hold / Neutral
DIGJAMLMTD.NS      Consumer Cyclical    Small Cap         51.8         34.272300                               Hold / Neutral
    5PAISA.NS     Financial Services    Small Cap         51.7         34.138162                               Hold / Neutral
   HAVELLS.NS            Industrials      Mid Cap         51.6         34.037559                               Hold / Neutral
  KAMAHOLD.NS                    NaN    Small Cap         51.6         34.037559                               Hold / Neutral
   EMPOWER.NS                    NaN    Small Cap         51.5         33.936955                               Hold / Neutral
       HCC.NS            Industrials    Small Cap         51.4         33.836351                               Hold / Neutral
       KSB.NS            Industrials    Small Cap         51.4         33.836351                               Hold / Neutral
   MEDPLUS.NS             Healthcare    Small Cap         51.3         33.735748                               Hold / Neutral
    ARVIND.NS      Consumer Cyclical    Small Cap         51.2         33.668679                               Hold / Neutral
   FISCHER.NS             Healthcare    Small Cap         51.1         33.501006                               Hold / Neutral
     MSUMI.NS      Consumer Cyclical      Mid Cap         51.1         33.501006                               Hold / Neutral
DATAPATTNS.NS            Industrials    Small Cap         51.1         33.501006                               Hold / Neutral
BHARATCOAL.NS        Basic Materials    Small Cap         51.1         33.501006                               Hold / Neutral
      HPIL.NS        Basic Materials    Small Cap         51.0         33.199195                               Hold / Neutral
     NIRAJ.NS            Industrials    Small Cap         51.0         33.199195                               Hold / Neutral
     BBTCL.NS      Consumer Cyclical    Small Cap         51.0         33.199195                               Hold / Neutral
   AKCAPIT.NS                    NaN    Small Cap         51.0         33.199195                               Hold / Neutral
 INOXINDIA.NS            Industrials    Small Cap         51.0         33.199195                               Hold / Neutral
  ASTRAZEN.NS             Healthcare    Small Cap         50.9         32.964453                               Hold / Neutral
JAIPURKURT.NS      Consumer Cyclical    Small Cap         50.9         32.964453                               Hold / Neutral
ANDHRSUGAR.NS        Basic Materials    Small Cap         50.8         32.796781                               Hold / Neutral
      ICIL.NS      Consumer Cyclical    Small Cap         50.8         32.796781                               Hold / Neutral
 ADVENTHTL.NS      Consumer Cyclical    Small Cap         50.8         32.796781                               Hold / Neutral
   GUJTHEM.NS             Healthcare    Small Cap         50.7         32.662643                               Hold / Neutral
    FORTIS.NS             Healthcare      Mid Cap         50.6         32.528504                               Hold / Neutral
MASKINVEST.NS     Financial Services    Small Cap         50.6         32.528504                               Hold / Neutral
 COMPUSOFT.NS     Consumer Defensive    Small Cap         50.6         32.528504                               Hold / Neutral
       KSR.NS      Consumer Cyclical    Small Cap         50.5         32.394366                               Hold / Neutral
 KAUSHALYA.NS            Industrials    Small Cap         50.4         32.327297                               Hold / Neutral
AMBICAAGAR.NS     Consumer Defensive    Small Cap         50.3         32.193159                               Hold / Neutral
    MADHAV.NS            Industrials    Small Cap         50.3         32.193159                               Hold / Neutral
     AEQUS.NS            Industrials    Small Cap         50.3         32.193159                               Hold / Neutral
  MEGASTAR.NS     Consumer Defensive    Small Cap         50.2         32.059021                               Hold / Neutral
   NACLIND.NS        Basic Materials    Small Cap         50.1         31.958417                               Hold / Neutral
 KCPSUGIND.NS     Consumer Defensive    Small Cap         50.1         31.958417                               Hold / Neutral
     HBESD.NS                    NaN    Small Cap         50.0         31.690141                               Hold / Neutral
 ELPROINTL.NS                    NaN    Small Cap         50.0         31.690141                               Hold / Neutral
 NIMBSPROJ.NS                    NaN    Small Cap         50.0         31.690141                               Hold / Neutral
  MAFATIND.NS                    NaN    Small Cap         50.0         31.690141                               Hold / Neutral
  JSWDULUX.NS                    NaN    Small Cap         50.0         31.690141                               Hold / Neutral
    3PLAND.NS                    NaN    Small Cap         50.0         31.690141                               Hold / Neutral
  DWARKESH.NS     Consumer Defensive    Small Cap         49.9         31.388330                               Hold / Neutral
  MOBIKWIK.NS             Technology    Small Cap         49.9         31.388330                               Hold / Neutral
INCREDIBLE.NS        Basic Materials    Small Cap         49.9         31.388330                               Hold / Neutral
 COFFEEDAY.NS      Consumer Cyclical    Small Cap         49.8         31.254192                               Hold / Neutral
   MEDANTA.NS             Healthcare      Mid Cap         49.7         31.153588                               Hold / Neutral
  KHAICHEM.NS        Basic Materials    Small Cap         49.7         31.153588                               Hold / Neutral
     DMART.NS     Consumer Defensive    Large Cap         49.6         30.985915                               Hold / Neutral
      DEVX.NS            Real Estate    Small Cap         49.6         30.985915                               Hold / Neutral
 DEEPAKNTR.NS        Basic Materials    Small Cap         49.6         30.985915                               Hold / Neutral
COCHINSHIP.NS            Industrials      Mid Cap         49.5         30.751174                               Hold / Neutral
        NH.NS             Healthcare      Mid Cap         49.5         30.751174                               Hold / Neutral
  GOCOLORS.NS      Consumer Cyclical    Small Cap         49.5         30.751174                               Hold / Neutral
INDTERRAIN.NS      Consumer Cyclical    Small Cap         49.5         30.751174                               Hold / Neutral
       ATL.NS            Industrials    Small Cap         49.4         30.415828                               Hold / Neutral
     AARON.NS            Industrials    Small Cap         49.4         30.415828                               Hold / Neutral
   NARMADA.NS        Basic Materials    Small Cap         49.4         30.415828                               Hold / Neutral
      AEPL.NS            Industrials    Small Cap         49.4         30.415828                               Hold / Neutral
   JUNIPER.NS      Consumer Cyclical    Small Cap         49.4         30.415828                               Hold / Neutral
 BOMDYEING.NS      Consumer Cyclical    Small Cap         49.4         30.415828                               Hold / Neutral
       E2E.NS             Technology    Small Cap         49.3         30.181087                               Hold / Neutral
  DIGITIDE.NS            Industrials    Small Cap         49.2         30.114017                               Hold / Neutral
CONSOFINVT.NS     Financial Services    Small Cap         49.1         29.979879                               Hold / Neutral
 ASHIMASYN.NS            Real Estate    Small Cap         49.1         29.979879                               Hold / Neutral
KESORAMIND.NS        Basic Materials    Small Cap         49.1         29.979879                               Hold / Neutral
      ATAM.NS            Industrials    Small Cap         49.0         29.812207                               Hold / Neutral
 KRISHIVAL.NS     Consumer Defensive    Small Cap         49.0         29.812207                               Hold / Neutral
    FAZE3Q.NS      Consumer Cyclical    Small Cap         48.9         29.476861                               Hold / Neutral
   HTMEDIA.NS Communication Services    Small Cap         48.9         29.476861                               Hold / Neutral
    COMSYN.NS      Consumer Cyclical    Small Cap         48.9         29.476861                               Hold / Neutral
  CUBEXTUB.NS        Basic Materials    Small Cap         48.9         29.476861                               Hold / Neutral
      HBSL.NS     Financial Services    Small Cap         48.9         29.476861                               Hold / Neutral
    AMANTA.NS             Healthcare    Small Cap         48.9         29.476861                               Hold / Neutral
  INDOFARM.NS            Industrials    Small Cap         48.9         29.476861                               Hold / Neutral
  ARMANFIN.NS     Financial Services    Small Cap         48.9         29.476861                               Hold / Neutral
    HITECH.NS        Basic Materials    Small Cap         48.8         29.141516                               Hold / Neutral
 DALMIASUG.NS     Consumer Defensive    Small Cap         48.8         29.141516                               Hold / Neutral
    ALKALI.NS        Basic Materials    Small Cap         48.7         28.906774                               Hold / Neutral
       NCC.NS            Industrials    Small Cap         48.7         28.906774                               Hold / Neutral
     NELCO.NS             Technology    Small Cap         48.7         28.906774                               Hold / Neutral
 BENGALASM.NS                    NaN    Small Cap         48.7         28.906774                               Hold / Neutral
  HINDALCO.NS        Basic Materials    Large Cap         48.7         28.906774                               Hold / Neutral
HINDOILEXP.NS                 Energy    Small Cap         48.6         28.672032                               Hold / Neutral
 MARALOVER.NS      Consumer Cyclical    Small Cap         48.6         28.672032                               Hold / Neutral
      HPAL.NS        Basic Materials    Small Cap         48.5         28.504359                               Hold / Neutral
   BRIGADE.NS            Real Estate    Small Cap         48.5         28.504359                               Hold / Neutral
      BBOX.NS             Technology    Small Cap         48.5         28.504359                               Hold / Neutral
AKSHARCHEM.NS        Basic Materials    Small Cap         48.4         28.269618                               Hold / Neutral
 NETWORK18.NS Communication Services    Small Cap         48.4         28.269618                               Hold / Neutral
 DALBHARAT.NS        Basic Materials      Mid Cap         48.4         28.269618                               Hold / Neutral
ADANIENSOL.NS              Utilities    Large Cap         48.4         28.269618                               Hold / Neutral
      DOMS.NS            Industrials    Small Cap         48.3         28.068410                               Hold / Neutral
      MKPL.NS     Consumer Defensive    Small Cap         48.3         28.068410                               Hold / Neutral
    AJOONI.NS     Consumer Defensive    Small Cap         48.2         27.967807                               Hold / Neutral
       NDL.NS      Consumer Cyclical    Small Cap         48.1         27.833669                               Hold / Neutral
JTEKTINDIA.NS      Consumer Cyclical    Small Cap         48.1         27.833669                               Hold / Neutral
    HALDER.NS     Consumer Defensive    Small Cap         48.1         27.833669                               Hold / Neutral
     ARFIN.NS        Basic Materials    Small Cap         48.0         27.665996                               Hold / Neutral
  LAXMICOT.NS      Consumer Cyclical    Small Cap         48.0         27.665996                               Hold / Neutral
     MBAPL.NS        Basic Materials    Small Cap         47.9         27.431254                               Hold / Neutral
     JOCIL.NS        Basic Materials    Small Cap         47.9         27.431254                               Hold / Neutral
    AFCONS.NS            Industrials    Small Cap         47.9         27.431254                               Hold / Neutral
 GRADIENTE.NS Communication Services    Small Cap         47.9         27.431254                               Hold / Neutral
       HPL.NS            Industrials    Small Cap         47.9         27.431254                               Hold / Neutral
      CMLL.NS                 Energy    Small Cap         47.8         27.162978                               Hold / Neutral
       NFL.NS        Basic Materials    Small Cap         47.8         27.162978                               Hold / Neutral
 COCKERILL.NS            Industrials    Small Cap         47.8         27.162978                               Hold / Neutral
    AQYLON.NS Communication Services    Small Cap         47.6         26.995305                               Hold / Neutral
 NATCAPSUQ.NS             Healthcare    Small Cap         47.6         26.995305                               Hold / Neutral
IDFCFIRSTB.NS     Financial Services      Mid Cap         47.5         26.894702                               Hold / Neutral
    AMDIND.NS      Consumer Cyclical    Small Cap         47.4         26.827632                               Hold / Neutral
     IRCON.NS            Industrials    Small Cap         47.3         26.626425                               Hold / Neutral
JUBLPHARMA.NS             Healthcare    Small Cap         47.3         26.626425                               Hold / Neutral
MANAKALUCO.NS        Basic Materials    Small Cap         47.3         26.626425                               Hold / Neutral
     DISAQ.NS                    NaN    Small Cap         47.3         26.626425                               Hold / Neutral
   CEWATER.NS              Utilities    Small Cap         47.3         26.626425                               Hold / Neutral
BANSALWIRE.NS        Basic Materials    Small Cap         47.2         26.425218                               Hold / Neutral
GANGAFORGE.NS            Industrials    Small Cap         47.1         26.324614                               Hold / Neutral
   AVROIND.NS      Consumer Cyclical    Small Cap         47.1         26.324614                               Hold / Neutral
   AGARIND.NS        Basic Materials    Small Cap         46.9         26.123407                               Hold / Neutral
      NILE.NS                    NaN    Small Cap         46.9         26.123407                               Hold / Neutral
 BAJAJELEC.NS      Consumer Cyclical    Small Cap         46.9         26.123407                               Hold / Neutral
  INDIACEM.NS        Basic Materials    Small Cap         46.9         26.123407                               Hold / Neutral
  A2ZINFRA.NS            Industrials    Small Cap         46.8         25.922200                               Hold / Neutral
    GRASIM.NS        Basic Materials    Large Cap         46.8         25.922200                               Hold / Neutral
    GENCON.NS            Industrials    Small Cap         46.7         25.788062                               Hold / Neutral
 LANDSMILL.NS            Industrials    Small Cap         46.7         25.788062                               Hold / Neutral
 DAVANGERE.NS     Consumer Defensive    Small Cap         46.6         25.653924                               Hold / Neutral
JINDALPOLY.NS      Consumer Cyclical    Small Cap         46.6         25.653924                               Hold / Neutral
 MUTHOOTMF.NS     Financial Services    Small Cap         46.5         25.486251                               Hold / Neutral
  CANHLIFE.NS     Financial Services    Small Cap         46.5         25.486251                               Hold / Neutral
   BOROLTD.NS      Consumer Cyclical    Small Cap         46.5         25.486251                               Hold / Neutral
    MITTAL.NS      Consumer Cyclical    Small Cap         46.4         25.352113                               Hold / Neutral
 MURUDCERA.NS            Industrials    Small Cap         46.3         25.217975                               Hold / Neutral
       KEC.NS            Industrials    Small Cap         46.3         25.217975                               Hold / Neutral
   DHUNINV.NS     Financial Services    Small Cap         46.3         25.217975                               Hold / Neutral
  HDFCLIFE.NS     Financial Services    Large Cap         46.2         24.983233 Avoid (Weak Fundamentals, Relative to Peers)
      CIFL.NS     Financial Services    Small Cap         46.2         24.983233 Avoid (Weak Fundamentals, Relative to Peers)
INDSWFTLAB.NS             Healthcare    Small Cap         46.2         24.983233 Avoid (Weak Fundamentals, Relative to Peers)
     NIACL.NS     Financial Services      Mid Cap         46.2         24.983233 Avoid (Weak Fundamentals, Relative to Peers)
NAGREEKEXP.NS      Consumer Cyclical    Small Cap         46.1         24.815560 Avoid (Weak Fundamentals, Relative to Peers)
 ELECTCAST.NS            Industrials    Small Cap         46.0         24.748491 Avoid (Weak Fundamentals, Relative to Peers)
MAGADSUGAR.NS     Consumer Defensive    Small Cap         45.9         24.614353 Avoid (Weak Fundamentals, Relative to Peers)
      EMIL.NS      Consumer Cyclical    Small Cap         45.9         24.614353 Avoid (Weak Fundamentals, Relative to Peers)
BECTORFOOD.NS     Consumer Defensive    Small Cap         45.9         24.614353 Avoid (Weak Fundamentals, Relative to Peers)
 MAWANASUG.NS     Consumer Defensive    Small Cap         45.8         24.480215 Avoid (Weak Fundamentals, Relative to Peers)
   ICDSLTD.NS            Real Estate    Small Cap         45.7         24.379611 Avoid (Weak Fundamentals, Relative to Peers)
 JSWCEMENT.NS        Basic Materials    Small Cap         45.7         24.379611 Avoid (Weak Fundamentals, Relative to Peers)
     CURAA.NS             Technology    Small Cap         45.5         24.245473 Avoid (Weak Fundamentals, Relative to Peers)
JINDALSTEL.NS        Basic Materials    Large Cap         45.5         24.245473 Avoid (Weak Fundamentals, Relative to Peers)
 ARCHIDPLY.NS        Basic Materials    Small Cap         45.4         24.111335 Avoid (Weak Fundamentals, Relative to Peers)
BIRLAMONEY.NS     Financial Services    Small Cap         45.4         24.111335 Avoid (Weak Fundamentals, Relative to Peers)
 GUJAPOLLO.NS            Industrials    Small Cap         45.2         24.010731 Avoid (Weak Fundamentals, Relative to Peers)
 GOACARBON.NS        Basic Materials    Small Cap         45.1         23.876593 Avoid (Weak Fundamentals, Relative to Peers)
    GRPLTD.NS      Consumer Cyclical    Small Cap         45.1         23.876593 Avoid (Weak Fundamentals, Relative to Peers)
  DCMSRIND.NS     Consumer Defensive    Small Cap         45.1         23.876593 Avoid (Weak Fundamentals, Relative to Peers)
   ESAFSFB.NS     Financial Services    Small Cap         45.0         22.166331 Avoid (Weak Fundamentals, Relative to Peers)
 FLEXITUFF.NS      Consumer Cyclical    Small Cap         45.0         22.166331 Avoid (Weak Fundamentals, Relative to Peers)
 MALUPAPER.NS        Basic Materials    Small Cap         45.0         22.166331 Avoid (Weak Fundamentals, Relative to Peers)
DCMFINSERV.NS     Financial Services    Small Cap         45.0         22.166331 Avoid (Weak Fundamentals, Relative to Peers)
   GAYAHWS.NS            Industrials    Small Cap         45.0         22.166331 Avoid (Weak Fundamentals, Relative to Peers)
       AGL.NS            Industrials    Small Cap         45.0         22.166331 Avoid (Weak Fundamentals, Relative to Peers)
  AGRITECH.NS     Consumer Defensive    Small Cap         45.0         22.166331 Avoid (Weak Fundamentals, Relative to Peers)
BALKRISHNA.NS      Consumer Cyclical    Small Cap         45.0         22.166331 Avoid (Weak Fundamentals, Relative to Peers)
      BCPL.NS            Industrials    Small Cap         45.0         22.166331 Avoid (Weak Fundamentals, Relative to Peers)
 BGRENERGY.NS            Industrials    Small Cap         45.0         22.166331 Avoid (Weak Fundamentals, Relative to Peers)
       MEP.NS            Industrials    Small Cap         45.0         22.166331 Avoid (Weak Fundamentals, Relative to Peers)
ESSARSHPNG.NS            Industrials    Small Cap         45.0         22.166331 Avoid (Weak Fundamentals, Relative to Peers)
EUROTEXIND.NS            Real Estate    Small Cap         45.0         22.166331 Avoid (Weak Fundamentals, Relative to Peers)
 IL&FSENGG.NS            Industrials    Small Cap         45.0         22.166331 Avoid (Weak Fundamentals, Relative to Peers)
IMPEXFERRO.NS        Basic Materials    Small Cap         45.0         22.166331 Avoid (Weak Fundamentals, Relative to Peers)
DSKULKARNI.NS            Real Estate    Small Cap         45.0         22.166331 Avoid (Weak Fundamentals, Relative to Peers)
  DNAMEDIA.NS Communication Services    Small Cap         45.0         22.166331 Avoid (Weak Fundamentals, Relative to Peers)
    DISHTV.NS Communication Services    Small Cap         45.0         22.166331 Avoid (Weak Fundamentals, Relative to Peers)
  KREBSBIO.NS             Healthcare    Small Cap         45.0         22.166331 Avoid (Weak Fundamentals, Relative to Peers)
      HDIL.NS            Real Estate    Small Cap         45.0         22.166331 Avoid (Weak Fundamentals, Relative to Peers)
AKSHOPTFBR.NS             Technology    Small Cap         45.0         22.166331 Avoid (Weak Fundamentals, Relative to Peers)
  LYKALABS.NS             Healthcare    Small Cap         45.0         22.166331 Avoid (Weak Fundamentals, Relative to Peers)
 JITFINFRA.NS            Industrials    Small Cap         45.0         22.166331 Avoid (Weak Fundamentals, Relative to Peers)
       HMT.NS            Industrials    Small Cap         45.0         22.166331 Avoid (Weak Fundamentals, Relative to Peers)
 ENERGYDEV.NS              Utilities    Small Cap         45.0         22.166331 Avoid (Weak Fundamentals, Relative to Peers)
 EMAMIREAL.NS            Real Estate    Small Cap         45.0         22.166331 Avoid (Weak Fundamentals, Relative to Peers)
 INFOMEDIA.NS     Financial Services    Small Cap         45.0         22.166331 Avoid (Weak Fundamentals, Relative to Peers)
   ARSHIYA.NS            Industrials    Small Cap         45.0         22.166331 Avoid (Weak Fundamentals, Relative to Peers)
 BLUECOAST.NS      Consumer Cyclical    Small Cap         45.0         22.166331 Avoid (Weak Fundamentals, Relative to Peers)
  ALOKINDS.NS      Consumer Cyclical    Small Cap         45.0         22.166331 Avoid (Weak Fundamentals, Relative to Peers)
   DEVYANI.NS      Consumer Cyclical    Small Cap         45.0         22.166331 Avoid (Weak Fundamentals, Relative to Peers)
  MADHUCON.NS            Industrials    Small Cap         45.0         22.166331 Avoid (Weak Fundamentals, Relative to Peers)
 HCL-INSYS.NS             Technology    Small Cap         45.0         22.166331 Avoid (Weak Fundamentals, Relative to Peers)
  BLUECHIP.NS     Financial Services    Small Cap         45.0         22.166331 Avoid (Weak Fundamentals, Relative to Peers)
 BILVYAPAR.NS        Basic Materials    Small Cap         45.0         22.166331 Avoid (Weak Fundamentals, Relative to Peers)
   BIRLANU.NS            Industrials    Small Cap         45.0         22.166331 Avoid (Weak Fundamentals, Relative to Peers)
      KAYA.NS     Consumer Defensive    Small Cap         45.0         22.166331 Avoid (Weak Fundamentals, Relative to Peers)
  ANSALAPI.NS            Real Estate    Small Cap         45.0         22.166331 Avoid (Weak Fundamentals, Relative to Peers)
ANKITMETAL.NS        Basic Materials    Small Cap         45.0         22.166331 Avoid (Weak Fundamentals, Relative to Peers)
      ABAN.NS                 Energy    Small Cap         45.0         22.166331 Avoid (Weak Fundamentals, Relative to Peers)
      FLFL.NS      Consumer Cyclical    Small Cap         45.0         22.166331 Avoid (Weak Fundamentals, Relative to Peers)
      NIBL.NS            Industrials    Small Cap         45.0         22.166331 Avoid (Weak Fundamentals, Relative to Peers)
     NKIND.NS     Consumer Defensive    Small Cap         45.0         22.166331 Avoid (Weak Fundamentals, Relative to Peers)
 NEXTMEDIA.NS Communication Services    Small Cap         45.0         22.166331 Avoid (Weak Fundamentals, Relative to Peers)
      MTNL.NS Communication Services    Small Cap         45.0         22.166331 Avoid (Weak Fundamentals, Relative to Peers)
 MUKTAARTS.NS Communication Services    Small Cap         45.0         22.166331 Avoid (Weak Fundamentals, Relative to Peers)
      NDGL.NS     Financial Services    Small Cap         45.0         22.166331 Avoid (Weak Fundamentals, Relative to Peers)
 MTEDUCARE.NS     Consumer Defensive    Small Cap         45.0         22.166331 Avoid (Weak Fundamentals, Relative to Peers)
   INDPRUD.NS                    NaN    Small Cap         44.7         20.422535 Avoid (Weak Fundamentals, Relative to Peers)
BLUESTARCO.NS            Industrials      Mid Cap         44.7         20.422535 Avoid (Weak Fundamentals, Relative to Peers)
     BAJEL.NS              Utilities    Small Cap         44.7         20.422535 Avoid (Weak Fundamentals, Relative to Peers)
  MBLINFRA.NS            Industrials    Small Cap         44.7         20.422535 Avoid (Weak Fundamentals, Relative to Peers)
  BHANDARI.NS      Consumer Cyclical    Small Cap         44.4         20.187793 Avoid (Weak Fundamentals, Relative to Peers)
      LPDC.NS            Real Estate    Small Cap         44.4         20.187793 Avoid (Weak Fundamentals, Relative to Peers)
   GENESYS.NS             Technology    Small Cap         44.4         20.187793 Avoid (Weak Fundamentals, Relative to Peers)
    BIKAJI.NS     Consumer Defensive    Small Cap         44.3         20.020121 Avoid (Weak Fundamentals, Relative to Peers)
   ACSTECH.NS                    NaN    Small Cap         44.3         20.020121 Avoid (Weak Fundamentals, Relative to Peers)
    HILTON.NS            Industrials    Small Cap         44.2         19.919517 Avoid (Weak Fundamentals, Relative to Peers)
  JUBLFOOD.NS      Consumer Cyclical      Mid Cap         44.1         19.718310 Avoid (Weak Fundamentals, Relative to Peers)
       BDL.NS            Industrials      Mid Cap         44.1         19.718310 Avoid (Weak Fundamentals, Relative to Peers)
 CLEDUCATE.NS     Consumer Defensive    Small Cap         44.1         19.718310 Avoid (Weak Fundamentals, Relative to Peers)
     AXITA.NS      Consumer Cyclical    Small Cap         44.1         19.718310 Avoid (Weak Fundamentals, Relative to Peers)
       ACI.NS        Basic Materials    Small Cap         44.1         19.718310 Avoid (Weak Fundamentals, Relative to Peers)
 HINDPETRO.NS                 Energy      Mid Cap         44.0         19.517103 Avoid (Weak Fundamentals, Relative to Peers)
DHAMPURSUG.NS     Consumer Defensive    Small Cap         43.8         19.416499 Avoid (Weak Fundamentals, Relative to Peers)
   GODIGIT.NS     Financial Services      Mid Cap         43.8         19.416499 Avoid (Weak Fundamentals, Relative to Peers)
     EIFFL.NS     Consumer Defensive    Small Cap         43.7         19.315895 Avoid (Weak Fundamentals, Relative to Peers)
     LEXUS.NS            Industrials    Small Cap         43.5         19.148223 Avoid (Weak Fundamentals, Relative to Peers)
   ELCIDIN.NS                    NaN    Small Cap         43.5         19.148223 Avoid (Weak Fundamentals, Relative to Peers)
 GUJENERGY.NS              Utilities    Small Cap         43.5         19.148223 Avoid (Weak Fundamentals, Relative to Peers)
     ASTEC.NS        Basic Materials    Small Cap         43.5         19.148223 Avoid (Weak Fundamentals, Relative to Peers)
      DCAL.NS             Healthcare    Small Cap         43.4         18.947015 Avoid (Weak Fundamentals, Relative to Peers)
   ALLTIME.NS     Consumer Defensive    Small Cap         43.4         18.947015 Avoid (Weak Fundamentals, Relative to Peers)
   AAATECH.NS             Technology    Small Cap         43.3         18.846412 Avoid (Weak Fundamentals, Relative to Peers)
  ADANIENT.NS                 Energy    Large Cap         43.2         18.745808 Avoid (Weak Fundamentals, Relative to Peers)
     ESTER.NS        Basic Materials    Small Cap         43.2         18.745808 Avoid (Weak Fundamentals, Relative to Peers)
   FOODSIN.NS     Consumer Defensive    Small Cap         43.1         18.578135 Avoid (Weak Fundamentals, Relative to Peers)
  BAGFILMS.NS Communication Services    Small Cap         43.1         18.578135 Avoid (Weak Fundamentals, Relative to Peers)
   GVPTECH.NS             Technology    Small Cap         43.1         18.578135 Avoid (Weak Fundamentals, Relative to Peers)
    ALICON.NS            Industrials    Small Cap         43.0         18.443997 Avoid (Weak Fundamentals, Relative to Peers)
ALKYLAMINE.NS        Basic Materials    Small Cap         42.8         18.376928 Avoid (Weak Fundamentals, Relative to Peers)
   KUANTUM.NS        Basic Materials    Small Cap         42.7         18.309859 Avoid (Weak Fundamentals, Relative to Peers)
      IGPL.NS        Basic Materials    Small Cap         42.6         18.242790 Avoid (Weak Fundamentals, Relative to Peers)
HEXATRADEX.NS     Financial Services    Small Cap         42.5         18.008048 Avoid (Weak Fundamentals, Relative to Peers)
    LAKPRE.NS            Industrials    Small Cap         42.5         18.008048 Avoid (Weak Fundamentals, Relative to Peers)
  ACEINTEG.NS            Industrials    Small Cap         42.5         18.008048 Avoid (Weak Fundamentals, Relative to Peers)
  DCXINDIA.NS            Industrials    Small Cap         42.5         18.008048 Avoid (Weak Fundamentals, Relative to Peers)
 INTENTECH.NS             Technology    Small Cap         42.5         18.008048 Avoid (Weak Fundamentals, Relative to Peers)
GKWLIMITED.NS            Industrials    Small Cap         42.5         18.008048 Avoid (Weak Fundamentals, Relative to Peers)
METROBRAND.NS      Consumer Cyclical      Mid Cap         42.4         17.739772 Avoid (Weak Fundamentals, Relative to Peers)
LCCINFOTEC.NS     Consumer Defensive    Small Cap         42.4         17.739772 Avoid (Weak Fundamentals, Relative to Peers)
   BALAJEE.NS      Consumer Cyclical    Small Cap         42.3         17.505030 Avoid (Weak Fundamentals, Relative to Peers)
     ASTAR.NS                    NaN    Small Cap         42.3         17.505030 Avoid (Weak Fundamentals, Relative to Peers)
  BOHRAIND.NS        Basic Materials    Small Cap         42.3         17.505030 Avoid (Weak Fundamentals, Relative to Peers)
    LUXIND.NS      Consumer Cyclical    Small Cap         42.3         17.505030 Avoid (Weak Fundamentals, Relative to Peers)
ATLASCYCLE.NS      Consumer Cyclical    Small Cap         42.3         17.505030 Avoid (Weak Fundamentals, Relative to Peers)
   ELANTAS.NS        Basic Materials    Small Cap         42.2         17.203219 Avoid (Weak Fundamentals, Relative to Peers)
BALAJITELE.NS Communication Services    Small Cap         42.2         17.203219 Avoid (Weak Fundamentals, Relative to Peers)
 FOSECOIND.NS        Basic Materials    Small Cap         42.2         17.203219 Avoid (Weak Fundamentals, Relative to Peers)
 COUNCODOS.NS            Real Estate    Small Cap         42.2         17.203219 Avoid (Weak Fundamentals, Relative to Peers)
  MIRZAINT.NS      Consumer Cyclical    Small Cap         42.1         16.934943 Avoid (Weak Fundamentals, Relative to Peers)
MAHAPEXLTD.NS     Financial Services    Small Cap         42.1         16.934943 Avoid (Weak Fundamentals, Relative to Peers)
   BAJAJST.NS                    NaN    Small Cap         42.1         16.934943 Avoid (Weak Fundamentals, Relative to Peers)
EASEMYTRIP.NS      Consumer Cyclical    Small Cap         42.1         16.934943 Avoid (Weak Fundamentals, Relative to Peers)
 GRAVISSHO.NS                    NaN    Small Cap         42.0         16.767270 Avoid (Weak Fundamentals, Relative to Peers)
    AKSHAR.NS      Consumer Cyclical    Small Cap         41.9         16.633132 Avoid (Weak Fundamentals, Relative to Peers)
     DSFCL.NS        Basic Materials    Small Cap         41.9         16.633132 Avoid (Weak Fundamentals, Relative to Peers)
CARBORUNIV.NS            Industrials    Small Cap         41.9         16.633132 Avoid (Weak Fundamentals, Relative to Peers)
MANAPPURAM.NS     Financial Services      Mid Cap         41.7         16.431925 Avoid (Weak Fundamentals, Relative to Peers)
   HGINFRA.NS            Industrials    Small Cap         41.7         16.431925 Avoid (Weak Fundamentals, Relative to Peers)
     CCHHL.NS      Consumer Cyclical    Small Cap         41.7         16.431925 Avoid (Weak Fundamentals, Relative to Peers)
       JHS.NS     Consumer Defensive    Small Cap         41.6         16.264252 Avoid (Weak Fundamentals, Relative to Peers)
    ABCOTS.NS      Consumer Cyclical    Small Cap         41.6         16.264252 Avoid (Weak Fundamentals, Relative to Peers)
   KHANDSE.NS     Financial Services    Small Cap         41.5         16.096579 Avoid (Weak Fundamentals, Relative to Peers)
     MUFIN.NS     Financial Services    Small Cap         41.5         16.096579 Avoid (Weak Fundamentals, Relative to Peers)
  COMFINTE.NS                    NaN    Small Cap         41.5         16.096579 Avoid (Weak Fundamentals, Relative to Peers)
    NEOGEN.NS        Basic Materials    Small Cap         41.4         15.928907 Avoid (Weak Fundamentals, Relative to Peers)
  KAKATCEM.NS        Basic Materials    Small Cap         41.4         15.928907 Avoid (Weak Fundamentals, Relative to Peers)
NIPPOBATRY.NS            Industrials    Small Cap         41.3         15.794769 Avoid (Weak Fundamentals, Relative to Peers)
EUREKAFORB.NS      Consumer Cyclical    Small Cap         41.3         15.794769 Avoid (Weak Fundamentals, Relative to Peers)
     AMAGI.NS             Technology    Small Cap         41.2         15.593561 Avoid (Weak Fundamentals, Relative to Peers)
    KAYNES.NS             Technology      Mid Cap         41.2         15.593561 Avoid (Weak Fundamentals, Relative to Peers)
  BEDMUTHA.NS        Basic Materials    Small Cap         41.2         15.593561 Avoid (Weak Fundamentals, Relative to Peers)
MAHSCOOTER.NS     Financial Services    Small Cap         41.2         15.593561 Avoid (Weak Fundamentals, Relative to Peers)
  JKCEMENT.NS        Basic Materials      Mid Cap         41.1         15.258216 Avoid (Weak Fundamentals, Relative to Peers)
   ICICIGI.NS     Financial Services      Mid Cap         41.1         15.258216 Avoid (Weak Fundamentals, Relative to Peers)
 IDEAFORGE.NS             Technology    Small Cap         41.1         15.258216 Avoid (Weak Fundamentals, Relative to Peers)
     NITCO.NS            Industrials    Small Cap         41.1         15.258216 Avoid (Weak Fundamentals, Relative to Peers)
    MAMATA.NS            Industrials    Small Cap         41.1         15.258216 Avoid (Weak Fundamentals, Relative to Peers)
 AYMSYNTEX.NS      Consumer Cyclical    Small Cap         41.1         15.258216 Avoid (Weak Fundamentals, Relative to Peers)
BAJAJFINSV.NS     Financial Services    Large Cap         41.0         14.989940 Avoid (Weak Fundamentals, Relative to Peers)
ANTGRAPHIC.NS      Consumer Cyclical    Small Cap         41.0         14.989940 Avoid (Weak Fundamentals, Relative to Peers)
KIRANVYPAR.NS                    NaN    Small Cap         40.8         14.855801 Avoid (Weak Fundamentals, Relative to Peers)
  GREENLAM.NS      Consumer Cyclical    Small Cap         40.8         14.855801 Avoid (Weak Fundamentals, Relative to Peers)
     ABLBL.NS      Consumer Cyclical    Small Cap         40.7         14.721663 Avoid (Weak Fundamentals, Relative to Peers)
 MADHAVIPL.NS                    NaN    Small Cap         40.7         14.721663 Avoid (Weak Fundamentals, Relative to Peers)
       HGS.NS            Industrials    Small Cap         40.5         14.486922 Avoid (Weak Fundamentals, Relative to Peers)
  HEMIPROP.NS            Real Estate    Small Cap         40.5         14.486922 Avoid (Weak Fundamentals, Relative to Peers)
      LASA.NS             Healthcare    Small Cap         40.5         14.486922 Avoid (Weak Fundamentals, Relative to Peers)
    AARNAV.NS                    NaN    Small Cap         40.5         14.486922 Avoid (Weak Fundamentals, Relative to Peers)
    DCMSIL.NS            Industrials    Small Cap         40.5         14.486922 Avoid (Weak Fundamentals, Relative to Peers)
     KOTIC.NS                    NaN    Small Cap         40.4         14.285714 Avoid (Weak Fundamentals, Relative to Peers)
     BASML.NS      Consumer Cyclical    Small Cap         40.2         14.185111 Avoid (Weak Fundamentals, Relative to Peers)
  LANDMARK.NS      Consumer Cyclical    Small Cap         40.2         14.185111 Avoid (Weak Fundamentals, Relative to Peers)
    MAXIND.NS             Healthcare    Small Cap         40.1         14.050973 Avoid (Weak Fundamentals, Relative to Peers)
BNAGROCHEM.NS                    NaN    Small Cap         40.1         14.050973 Avoid (Weak Fundamentals, Relative to Peers)
BALRAMCHIN.NS     Consumer Defensive    Small Cap         40.0         13.916834 Avoid (Weak Fundamentals, Relative to Peers)
      GICL.NS            Industrials    Small Cap         40.0         13.916834 Avoid (Weak Fundamentals, Relative to Peers)
MAHESHWARI.NS            Industrials    Small Cap         39.9         13.782696 Avoid (Weak Fundamentals, Relative to Peers)
 KEEPLEARN.NS     Consumer Defensive    Small Cap         39.9         13.782696 Avoid (Weak Fundamentals, Relative to Peers)
       IVC.NS     Financial Services    Small Cap         39.8         13.682093 Avoid (Weak Fundamentals, Relative to Peers)
GLOSTERLTD.NS      Consumer Cyclical    Small Cap         39.7         13.615023 Avoid (Weak Fundamentals, Relative to Peers)
   ASTERDM.NS             Healthcare      Mid Cap         39.6         13.547954 Avoid (Weak Fundamentals, Relative to Peers)
KABRAEXTRU.NS            Industrials    Small Cap         39.5         13.447351 Avoid (Weak Fundamentals, Relative to Peers)
  FIRSTCRY.NS      Consumer Cyclical    Small Cap         39.5         13.447351 Avoid (Weak Fundamentals, Relative to Peers)
ADANIGREEN.NS              Utilities    Large Cap         39.2         13.346747 Avoid (Weak Fundamentals, Relative to Peers)
      NIBE.NS            Industrials    Small Cap         39.1         13.279678 Avoid (Weak Fundamentals, Relative to Peers)
   ARCHIES.NS      Consumer Cyclical    Small Cap         39.0         13.145540 Avoid (Weak Fundamentals, Relative to Peers)
 MERCURYEV.NS      Consumer Cyclical    Small Cap         39.0         13.145540 Avoid (Weak Fundamentals, Relative to Peers)
ARIHANTSUP.NS            Real Estate    Small Cap         39.0         13.145540 Avoid (Weak Fundamentals, Relative to Peers)
     GOKUL.NS     Consumer Defensive    Small Cap         38.9         13.011402 Avoid (Weak Fundamentals, Relative to Peers)
ASIANTILES.NS            Industrials    Small Cap         38.8         12.944333 Avoid (Weak Fundamentals, Relative to Peers)
     DHRUV.NS            Industrials    Small Cap         38.6         12.843729 Avoid (Weak Fundamentals, Relative to Peers)
  LAHOTIOV.NS                    NaN    Small Cap         38.6         12.843729 Avoid (Weak Fundamentals, Relative to Peers)
  ANIKINDS.NS     Consumer Defensive    Small Cap         38.5         12.676056 Avoid (Weak Fundamentals, Relative to Peers)
  NIVABUPA.NS     Financial Services    Small Cap         38.5         12.676056 Avoid (Weak Fundamentals, Relative to Peers)
     ISGEC.NS            Industrials    Small Cap         38.5         12.676056 Avoid (Weak Fundamentals, Relative to Peers)
   DPSCLTD.NS              Utilities    Small Cap         38.4         12.541918 Avoid (Weak Fundamentals, Relative to Peers)
      BVCL.NS        Basic Materials    Small Cap         38.1         12.474849 Avoid (Weak Fundamentals, Relative to Peers)
CREATIVEYE.NS Communication Services    Small Cap         38.0         12.407780 Avoid (Weak Fundamentals, Relative to Peers)
     JSWHL.NS     Financial Services    Small Cap         37.9         12.340711 Avoid (Weak Fundamentals, Relative to Peers)
NORBTEAEXP.NS     Consumer Defensive    Small Cap         37.8         12.240107 Avoid (Weak Fundamentals, Relative to Peers)
      ATGL.NS              Utilities      Mid Cap         37.8         12.240107 Avoid (Weak Fundamentals, Relative to Peers)
       GSS.NS             Technology    Small Cap         37.7         12.038900 Avoid (Weak Fundamentals, Relative to Peers)
      DTIL.NS     Consumer Defensive    Small Cap         37.7         12.038900 Avoid (Weak Fundamentals, Relative to Peers)
     AMBER.NS      Consumer Cyclical      Mid Cap         37.7         12.038900 Avoid (Weak Fundamentals, Relative to Peers)
CEREBRAINT.NS            Industrials    Small Cap         37.7         12.038900 Avoid (Weak Fundamentals, Relative to Peers)
   MOSCHIP.NS             Technology    Small Cap         37.6         11.837693 Avoid (Weak Fundamentals, Relative to Peers)
 JAIBALAJI.NS        Basic Materials    Small Cap         37.6         11.837693 Avoid (Weak Fundamentals, Relative to Peers)
 BIRLAPREC.NS                    NaN    Small Cap         37.4         11.670020 Avoid (Weak Fundamentals, Relative to Peers)
    FINOPB.NS     Financial Services    Small Cap         37.4         11.670020 Avoid (Weak Fundamentals, Relative to Peers)
DAMODARIND.NS      Consumer Cyclical    Small Cap         37.4         11.670020 Avoid (Weak Fundamentals, Relative to Peers)
  DECCANCE.NS        Basic Materials    Small Cap         37.3         11.535882 Avoid (Weak Fundamentals, Relative to Peers)
     EMBDL.NS            Real Estate    Small Cap         37.2         11.468813 Avoid (Weak Fundamentals, Relative to Peers)
      JBMA.NS      Consumer Cyclical    Small Cap         37.1         11.368209 Avoid (Weak Fundamentals, Relative to Peers)
LOKESHMACH.NS            Industrials    Small Cap         37.1         11.368209 Avoid (Weak Fundamentals, Relative to Peers)
      IFCI.NS     Financial Services    Small Cap         37.0         11.267606 Avoid (Weak Fundamentals, Relative to Peers)
    BEEKAY.NS                    NaN    Small Cap         36.9         11.200537 Avoid (Weak Fundamentals, Relative to Peers)
       JWL.NS            Industrials    Small Cap         36.7         11.133467 Avoid (Weak Fundamentals, Relative to Peers)
  ABANSENT.NS                    NaN    Small Cap         36.6         11.066398 Avoid (Weak Fundamentals, Relative to Peers)
  MOHITIND.NS      Consumer Cyclical    Small Cap         36.5         10.999329 Avoid (Weak Fundamentals, Relative to Peers)
   HLEGLAS.NS            Industrials    Small Cap         36.4         10.898726 Avoid (Weak Fundamentals, Relative to Peers)
HIMATSEIDE.NS      Consumer Cyclical    Small Cap         36.4         10.898726 Avoid (Weak Fundamentals, Relative to Peers)
    KANCHI.NS                    NaN    Small Cap         36.3         10.731053 Avoid (Weak Fundamentals, Relative to Peers)
FLUOROCHEM.NS        Basic Materials      Mid Cap         36.3         10.731053 Avoid (Weak Fundamentals, Relative to Peers)
      APCL.NS        Basic Materials    Small Cap         36.3         10.731053 Avoid (Weak Fundamentals, Relative to Peers)
   ISHANCH.NS        Basic Materials    Small Cap         36.1         10.563380 Avoid (Weak Fundamentals, Relative to Peers)
CAMLINFINE.NS        Basic Materials    Small Cap         36.1         10.563380 Avoid (Weak Fundamentals, Relative to Peers)
      ABDL.NS     Consumer Defensive    Small Cap         36.0         10.429242 Avoid (Weak Fundamentals, Relative to Peers)
  CAPTRUST.NS     Financial Services    Small Cap         36.0         10.429242 Avoid (Weak Fundamentals, Relative to Peers)
   NITIRAJ.NS             Technology    Small Cap         35.8         10.261569 Avoid (Weak Fundamentals, Relative to Peers)
 BLUESTONE.NS      Consumer Cyclical    Small Cap         35.8         10.261569 Avoid (Weak Fundamentals, Relative to Peers)
    HIRECT.NS            Industrials    Small Cap         35.8         10.261569 Avoid (Weak Fundamentals, Relative to Peers)
    BNALTD.NS                    NaN    Small Cap         35.7         10.093897 Avoid (Weak Fundamentals, Relative to Peers)
ARVINDFASN.NS      Consumer Cyclical    Small Cap         35.7         10.093897 Avoid (Weak Fundamentals, Relative to Peers)
DREDGECORP.NS            Industrials    Small Cap         35.5          9.993293 Avoid (Weak Fundamentals, Relative to Peers)
      GTPL.NS Communication Services    Small Cap         35.4          9.892689 Avoid (Weak Fundamentals, Relative to Peers)
      KECL.NS            Industrials    Small Cap         35.4          9.892689 Avoid (Weak Fundamentals, Relative to Peers)
JISLDVREQS.NS            Industrials    Small Cap         35.3          9.725017 Avoid (Weak Fundamentals, Relative to Peers)
JISLJALEQS.NS            Industrials    Small Cap         35.3          9.725017 Avoid (Weak Fundamentals, Relative to Peers)
   MAANALU.NS        Basic Materials    Small Cap         35.3          9.725017 Avoid (Weak Fundamentals, Relative to Peers)
ABMINTLLTD.NS        Basic Materials    Small Cap         35.2          9.590879 Avoid (Weak Fundamentals, Relative to Peers)
 KALPATARU.NS            Real Estate    Small Cap         35.1          9.490275 Avoid (Weak Fundamentals, Relative to Peers)
      NDTV.NS Communication Services    Small Cap         35.1          9.490275 Avoid (Weak Fundamentals, Relative to Peers)
 CELEBRITY.NS      Consumer Cyclical    Small Cap         35.0          9.188464 Avoid (Weak Fundamentals, Relative to Peers)
    AGSTRA.NS             Technology    Small Cap         35.0          9.188464 Avoid (Weak Fundamentals, Relative to Peers)
   HERANBA.NS        Basic Materials    Small Cap         35.0          9.188464 Avoid (Weak Fundamentals, Relative to Peers)
  COMPINFO.NS             Technology    Small Cap         35.0          9.188464 Avoid (Weak Fundamentals, Relative to Peers)
 ELECTHERM.NS        Basic Materials    Small Cap         35.0          9.188464 Avoid (Weak Fundamentals, Relative to Peers)
       ACL.NS        Basic Materials    Small Cap         35.0          9.188464 Avoid (Weak Fundamentals, Relative to Peers)
JINDALPHOT.NS     Financial Services    Small Cap         35.0          9.188464 Avoid (Weak Fundamentals, Relative to Peers)
LIBERTSHOE.NS      Consumer Cyclical    Small Cap         34.9          8.920188 Avoid (Weak Fundamentals, Relative to Peers)
 AXISCADES.NS            Industrials    Small Cap         34.8          8.853119 Avoid (Weak Fundamentals, Relative to Peers)
      LGHL.NS      Consumer Cyclical    Small Cap         34.6          8.718981 Avoid (Weak Fundamentals, Relative to Peers)
     GSLSU.NS        Basic Materials    Small Cap         34.6          8.718981 Avoid (Weak Fundamentals, Relative to Peers)
  ALLCARGO.NS            Industrials    Small Cap         34.6          8.718981 Avoid (Weak Fundamentals, Relative to Peers)
    HATSUN.NS     Consumer Defensive    Small Cap         34.5          8.584842 Avoid (Weak Fundamentals, Relative to Peers)
      BRNL.NS            Industrials    Small Cap         34.4          8.517773 Avoid (Weak Fundamentals, Relative to Peers)
      KWIL.NS     Consumer Defensive    Small Cap         34.3          8.450704 Avoid (Weak Fundamentals, Relative to Peers)
       BPL.NS             Technology    Small Cap         34.2          8.383635 Avoid (Weak Fundamentals, Relative to Peers)
      BLAL.NS     Financial Services    Small Cap         34.1          8.316566 Avoid (Weak Fundamentals, Relative to Peers)
GMRAIRPORT.NS            Industrials    Large Cap         34.0          8.249497 Avoid (Weak Fundamentals, Relative to Peers)
AROGRANITE.NS            Industrials    Small Cap         33.8          8.182428 Avoid (Weak Fundamentals, Relative to Peers)
 JSWENERGY.NS              Utilities    Large Cap         33.7          8.115359 Avoid (Weak Fundamentals, Relative to Peers)
      GLFL.NS     Financial Services    Small Cap         33.4          8.048290 Avoid (Weak Fundamentals, Relative to Peers)
  CLEANMAX.NS              Utilities    Small Cap         33.0          7.981221 Avoid (Weak Fundamentals, Relative to Peers)
   AERONEU.NS      Consumer Cyclical    Small Cap         32.9          7.914152 Avoid (Weak Fundamentals, Relative to Peers)
 DIAMONDYD.NS     Consumer Defensive    Small Cap         32.7          7.813548 Avoid (Weak Fundamentals, Relative to Peers)
       IWP.NS                    NaN    Small Cap         32.7          7.813548 Avoid (Weak Fundamentals, Relative to Peers)
     ABFRL.NS      Consumer Cyclical    Small Cap         32.6          7.645875 Avoid (Weak Fundamentals, Relative to Peers)
 BALPHARMA.NS             Healthcare    Small Cap         32.6          7.645875 Avoid (Weak Fundamentals, Relative to Peers)
        BI.NS                    NaN    Small Cap         32.6          7.645875 Avoid (Weak Fundamentals, Relative to Peers)
GLOBALVECT.NS            Industrials    Small Cap         32.5          7.109323 Avoid (Weak Fundamentals, Relative to Peers)
   HEADSUP.NS      Consumer Cyclical    Small Cap         32.5          7.109323 Avoid (Weak Fundamentals, Relative to Peers)
      BTTL.NS      Consumer Cyclical    Small Cap         32.5          7.109323 Avoid (Weak Fundamentals, Relative to Peers)
21STCENMGM.NS     Financial Services    Small Cap         32.5          7.109323 Avoid (Weak Fundamentals, Relative to Peers)
    GVKPIL.NS              Utilities    Small Cap         32.5          7.109323 Avoid (Weak Fundamentals, Relative to Peers)
       FEL.NS      Consumer Cyclical    Small Cap         32.5          7.109323 Avoid (Weak Fundamentals, Relative to Peers)
MCLEODRUSS.NS     Consumer Defensive    Small Cap         32.5          7.109323 Avoid (Weak Fundamentals, Relative to Peers)
 MCCHRLS-B.NS                    NaN    Small Cap         32.5          7.109323 Avoid (Weak Fundamentals, Relative to Peers)
  ALPHAGEO.NS                 Energy    Small Cap         32.5          7.109323 Avoid (Weak Fundamentals, Relative to Peers)
    FELDVR.NS      Consumer Cyclical    Small Cap         32.5          7.109323 Avoid (Weak Fundamentals, Relative to Peers)
      LFIC.NS     Financial Services    Small Cap         32.5          7.109323 Avoid (Weak Fundamentals, Relative to Peers)
  ARENTERP.NS        Basic Materials    Small Cap         32.5          7.109323 Avoid (Weak Fundamentals, Relative to Peers)
   NECLIFE.NS             Healthcare    Small Cap         32.5          7.109323 Avoid (Weak Fundamentals, Relative to Peers)
    INDOCO.NS             Healthcare    Small Cap         32.4          6.606304 Avoid (Weak Fundamentals, Relative to Peers)
      BEML.NS            Industrials    Small Cap         32.4          6.606304 Avoid (Weak Fundamentals, Relative to Peers)
  DBREALTY.NS            Real Estate    Small Cap         32.3          6.505701 Avoid (Weak Fundamentals, Relative to Peers)
BHARATFORG.NS      Consumer Cyclical    Large Cap         32.2          6.438632 Avoid (Weak Fundamentals, Relative to Peers)
    ANURAS.NS        Basic Materials    Small Cap         32.1          6.371563 Avoid (Weak Fundamentals, Relative to Peers)
MODIRUBBER.NS            Real Estate    Small Cap         32.0          6.304494 Avoid (Weak Fundamentals, Relative to Peers)
  LOYALTEX.NS      Consumer Cyclical    Small Cap         31.9          6.203890 Avoid (Weak Fundamentals, Relative to Peers)
JAYSREETEA.NS     Consumer Defensive    Small Cap         31.9          6.203890 Avoid (Weak Fundamentals, Relative to Peers)
    DAICHI.NS                    NaN    Small Cap         31.8          6.069752 Avoid (Weak Fundamentals, Relative to Peers)
   GLOBALE.NS      Consumer Cyclical    Small Cap         31.8          6.069752 Avoid (Weak Fundamentals, Relative to Peers)
    EXICOM.NS            Industrials    Small Cap         31.6          5.935614 Avoid (Weak Fundamentals, Relative to Peers)
  MANGALAM.NS             Healthcare    Small Cap         31.6          5.935614 Avoid (Weak Fundamentals, Relative to Peers)
     KIOCL.NS        Basic Materials    Small Cap         31.5          5.801476 Avoid (Weak Fundamentals, Relative to Peers)
  DECNGOLD.NS                    NaN    Small Cap         31.5          5.801476 Avoid (Weak Fundamentals, Relative to Peers)
CHEMPLASTS.NS        Basic Materials    Small Cap         31.4          5.700872 Avoid (Weak Fundamentals, Relative to Peers)
     MHRIL.NS      Consumer Cyclical    Small Cap         31.2          5.600268 Avoid (Weak Fundamentals, Relative to Peers)
    ASTRON.NS        Basic Materials    Small Cap         31.2          5.600268 Avoid (Weak Fundamentals, Relative to Peers)
  BATLIBOI.NS            Industrials    Small Cap         31.1          5.466130 Avoid (Weak Fundamentals, Relative to Peers)
    ARKADE.NS            Real Estate    Small Cap         31.1          5.466130 Avoid (Weak Fundamentals, Relative to Peers)
       HGM.NS             Technology    Small Cap         31.0          5.331992 Avoid (Weak Fundamentals, Relative to Peers)
      MFSL.NS     Financial Services      Mid Cap         31.0          5.331992 Avoid (Weak Fundamentals, Relative to Peers)
   EQUIPPP.NS             Technology    Small Cap         30.9          5.164319 Avoid (Weak Fundamentals, Relative to Peers)
BOSCH-HCIL.NS      Consumer Cyclical    Small Cap         30.9          5.164319 Avoid (Weak Fundamentals, Relative to Peers)
   HEALTHX.NS             Healthcare    Small Cap         30.9          5.164319 Avoid (Weak Fundamentals, Relative to Peers)
KAVDEFENCE.NS             Technology    Small Cap         30.7          5.030181 Avoid (Weak Fundamentals, Relative to Peers)
     GOKEX.NS      Consumer Cyclical    Small Cap         30.6          4.963112 Avoid (Weak Fundamentals, Relative to Peers)
    ABMKNO.NS                    NaN    Small Cap         30.5          4.862508 Avoid (Weak Fundamentals, Relative to Peers)
  INDOSTAR.NS     Financial Services    Small Cap         30.5          4.862508 Avoid (Weak Fundamentals, Relative to Peers)
 BATAINDIA.NS      Consumer Cyclical    Small Cap         30.3          4.694836 Avoid (Weak Fundamentals, Relative to Peers)
   AIROLAM.NS      Consumer Cyclical    Small Cap         30.3          4.694836 Avoid (Weak Fundamentals, Relative to Peers)
    AHLADA.NS            Industrials    Small Cap         30.3          4.694836 Avoid (Weak Fundamentals, Relative to Peers)
    NBIFIN.NS     Financial Services    Small Cap         30.2          4.493628 Avoid (Weak Fundamentals, Relative to Peers)
       BIL.NS      Consumer Cyclical    Small Cap         30.2          4.493628 Avoid (Weak Fundamentals, Relative to Peers)
      ENIL.NS Communication Services    Small Cap         30.2          4.493628 Avoid (Weak Fundamentals, Relative to Peers)
 ANDHRAPAP.NS        Basic Materials    Small Cap         29.9          4.359490 Avoid (Weak Fundamentals, Relative to Peers)
  LENSKART.NS             Healthcare      Mid Cap         29.8          4.258887 Avoid (Weak Fundamentals, Relative to Peers)
GREENPANEL.NS        Basic Materials    Small Cap         29.8          4.258887 Avoid (Weak Fundamentals, Relative to Peers)
  DELPHIFX.NS     Financial Services    Small Cap         29.7          4.091214 Avoid (Weak Fundamentals, Relative to Peers)
       AKG.NS            Industrials    Small Cap         29.7          4.091214 Avoid (Weak Fundamentals, Relative to Peers)
  INDOWIND.NS              Utilities    Small Cap         29.7          4.091214 Avoid (Weak Fundamentals, Relative to Peers)
KAMOPAINTS.NS        Basic Materials    Small Cap         29.6          3.923541 Avoid (Weak Fundamentals, Relative to Peers)
HINDWAREAP.NS      Consumer Cyclical    Small Cap         29.6          3.923541 Avoid (Weak Fundamentals, Relative to Peers)
    BALAXI.NS             Healthcare    Small Cap         28.9          3.755869 Avoid (Weak Fundamentals, Relative to Peers)
KOLTEPATIL.NS            Real Estate    Small Cap         28.9          3.755869 Avoid (Weak Fundamentals, Relative to Peers)
ASIANHOTNR.NS      Consumer Cyclical    Small Cap         28.9          3.755869 Avoid (Weak Fundamentals, Relative to Peers)
      FACT.NS        Basic Materials      Mid Cap         28.8          3.588196 Avoid (Weak Fundamentals, Relative to Peers)
     KRITI.NS            Industrials    Small Cap         28.8          3.588196 Avoid (Weak Fundamentals, Relative to Peers)
    MAGNUM.NS        Basic Materials    Small Cap         28.6          3.487592 Avoid (Weak Fundamentals, Relative to Peers)
NDLVENTURE.NS Communication Services    Small Cap         28.5          3.420523 Avoid (Weak Fundamentals, Relative to Peers)
  CORDELIA.NS            Industrials    Small Cap         28.1          3.353454 Avoid (Weak Fundamentals, Relative to Peers)
  LOTUSEYE.NS             Healthcare    Small Cap         27.9          3.286385 Avoid (Weak Fundamentals, Relative to Peers)
    HLVLTD.NS      Consumer Cyclical    Small Cap         27.7          3.185781 Avoid (Weak Fundamentals, Relative to Peers)
      KICL.NS     Financial Services    Small Cap         27.7          3.185781 Avoid (Weak Fundamentals, Relative to Peers)
IL&FSTRANS.NS            Industrials    Small Cap         27.6          3.051643 Avoid (Weak Fundamentals, Relative to Peers)
  ESSENTIA.NS     Consumer Defensive    Small Cap         27.6          3.051643 Avoid (Weak Fundamentals, Relative to Peers)
     ABREL.NS            Real Estate    Small Cap         27.3          2.951040 Avoid (Weak Fundamentals, Relative to Peers)
    INDIGO.NS            Industrials    Large Cap         26.9          2.883970 Avoid (Weak Fundamentals, Relative to Peers)
    DANGEE.NS      Consumer Cyclical    Small Cap         26.7          2.783367 Avoid (Weak Fundamentals, Relative to Peers)
MERCANTILE.NS                    NaN    Small Cap         26.7          2.783367 Avoid (Weak Fundamentals, Relative to Peers)
MAXESTATES.NS            Real Estate    Small Cap         26.6          2.682763 Avoid (Weak Fundamentals, Relative to Peers)
      MMWL.NS Communication Services    Small Cap         26.5          2.615694 Avoid (Weak Fundamentals, Relative to Peers)
       ADL.NS      Consumer Cyclical    Small Cap         26.3          2.548625 Avoid (Weak Fundamentals, Relative to Peers)
 BLKASHYAP.NS            Industrials    Small Cap         25.6          2.481556 Avoid (Weak Fundamentals, Relative to Peers)
       CTE.NS             Technology    Small Cap         25.2          2.414487 Avoid (Weak Fundamentals, Relative to Peers)
      MFML.NS      Consumer Cyclical    Small Cap         24.6          2.280349 Avoid (Weak Fundamentals, Relative to Peers)
       BSL.NS      Consumer Cyclical    Small Cap         24.6          2.280349 Avoid (Weak Fundamentals, Relative to Peers)
     BANKA.NS            Industrials    Small Cap         24.6          2.280349 Avoid (Weak Fundamentals, Relative to Peers)
      KIMS.NS             Healthcare      Mid Cap         24.5          2.146211 Avoid (Weak Fundamentals, Relative to Peers)
   ICEMAKE.NS            Industrials    Small Cap         24.3          2.079142 Avoid (Weak Fundamentals, Relative to Peers)
 DELHIVERY.NS            Industrials      Mid Cap         23.9          2.012072 Avoid (Weak Fundamentals, Relative to Peers)
  GOLDTECH.NS             Technology    Small Cap         23.0          1.945003 Avoid (Weak Fundamentals, Relative to Peers)
  GRANDOAK.NS                    NaN    Small Cap         22.5          1.609658 Avoid (Weak Fundamentals, Relative to Peers)
   CENTRUM.NS     Financial Services    Small Cap         22.5          1.609658 Avoid (Weak Fundamentals, Relative to Peers)
  EASTSILK.NS      Consumer Cyclical    Small Cap         22.5          1.609658 Avoid (Weak Fundamentals, Relative to Peers)
    CLCIND.NS      Consumer Cyclical    Small Cap         22.5          1.609658 Avoid (Weak Fundamentals, Relative to Peers)
 ELGIRUBCO.NS      Consumer Cyclical    Small Cap         22.5          1.609658 Avoid (Weak Fundamentals, Relative to Peers)
DELTAMAGNT.NS      Consumer Cyclical    Small Cap         22.5          1.609658 Avoid (Weak Fundamentals, Relative to Peers)
   HAVISHA.NS      Consumer Cyclical    Small Cap         22.5          1.609658 Avoid (Weak Fundamentals, Relative to Peers)
  INDIQUBE.NS            Real Estate    Small Cap         22.5          1.609658 Avoid (Weak Fundamentals, Relative to Peers)
 GTECJAINX.NS     Consumer Defensive    Small Cap         22.5          1.609658 Avoid (Weak Fundamentals, Relative to Peers)
     KITEX.NS      Consumer Cyclical    Small Cap         22.2          1.274313 Avoid (Weak Fundamentals, Relative to Peers)
     AKASH.NS            Industrials    Small Cap         21.6          1.207243 Avoid (Weak Fundamentals, Relative to Peers)
 FILATFASH.NS      Consumer Cyclical    Small Cap         21.1          1.140174 Avoid (Weak Fundamentals, Relative to Peers)
DYNAMATECH.NS      Consumer Cyclical    Small Cap         19.5          1.073105 Avoid (Weak Fundamentals, Relative to Peers)
    DCMNVL.NS      Consumer Cyclical    Small Cap         19.3          1.006036 Avoid (Weak Fundamentals, Relative to Peers)
    KHADIM.NS      Consumer Cyclical    Small Cap         18.8          0.938967 Avoid (Weak Fundamentals, Relative to Peers)
   BIGBLOC.NS            Industrials    Small Cap         18.7          0.871898 Avoid (Weak Fundamentals, Relative to Peers)
  GEMAROMA.NS        Basic Materials    Small Cap         18.0          0.804829 Avoid (Weak Fundamentals, Relative to Peers)
  ATLANTAA.NS            Industrials    Small Cap         17.7          0.737760 Avoid (Weak Fundamentals, Relative to Peers)
  IMAGICAA.NS Communication Services    Small Cap         17.5          0.670691 Avoid (Weak Fundamentals, Relative to Peers)
 GODAVARIB.NS        Basic Materials    Small Cap         15.5          0.603622 Avoid (Weak Fundamentals, Relative to Peers)
 BCONCEPTS.NS      Consumer Cyclical    Small Cap         14.7          0.536553 Avoid (Weak Fundamentals, Relative to Peers)
    FUSION.NS     Financial Services    Small Cap         14.0          0.469484 Avoid (Weak Fundamentals, Relative to Peers)
     EPACK.NS      Consumer Cyclical    Small Cap         13.7          0.402414 Avoid (Weak Fundamentals, Relative to Peers)
 MONEYBOXX.NS     Financial Services    Small Cap         12.6          0.335345 Avoid (Weak Fundamentals, Relative to Peers)
   AHLEAST.NS      Consumer Cyclical    Small Cap         12.5          0.268276 Avoid (Weak Fundamentals, Relative to Peers)
       HCG.NS             Healthcare    Small Cap         10.9          0.201207 Avoid (Weak Fundamentals, Relative to Peers)
 ARTNIRMAN.NS            Real Estate    Small Cap         10.2          0.134138 Avoid (Weak Fundamentals, Relative to Peers)
 DGCONTENT.NS Communication Services    Small Cap          5.2          0.067069 Avoid (Weak Fundamentals, Relative to Peers)

=== RECOMMENDATION DISTRIBUTION ===
recommendation
Hold / Neutral                                  445
Avoid (Weak Fundamentals, Relative to Peers)    374
Accumulate                                      373
Strong Buy (Long-Term)                          299
Name: count, dtype: int64

=== SCORE BREAKDOWN (top 5) ===
       symbol  valuation_score  profitability_score  financial_health_score  growth_score  margin_score  total_score
    GARUDA.NS             25.0                 25.0                    19.7          20.0          10.0         99.7
 HBLENGINE.NS             25.0                 25.0                    19.7          20.0          10.0         99.7
       BLS.NS             25.0                 25.0                    18.5          20.0          10.0         98.5
CASTROLIND.NS             25.0                 25.0                    19.7          20.0           8.5         98.3
      JSLL.NS             25.0                 25.0                    17.3          20.0          10.0         97.3

Saved to data/processed/long_term_scores.csv
[17:06:54] SUCCESS: Recompute long-term fundamental scores
[17:06:55] Morning report saved to C:\Users\91769\stock_ai_project\data\processed\morning_report_2026-08-07.txt
[17:06:55] ============================================================
[17:06:55] PIPELINE COMPLETE -- ALL STEPS SUCCEEDED
[17:06:55] Log file: C:\Users\91769\stock_ai_project\logs\pipeline_2026-08-07_17-02-59.log
[17:06:55] Morning report: C:\Users\91769\stock_ai_project\data\processed\morning_report_2026-08-07.txt
[17:06:55] ============================================================
