[16:31:43] ============================================================
[16:31:43] DAILY PIPELINE STARTED
[16:31:43] ============================================================
[16:31:43] START: Refresh full NSE universe fundamentals
Found existing checkpoint with 2395 stocks already fetched.

Starting batch fetch for full NSE universe (2395 stocks) ...
Using 8 concurrent workers. This will take a while.

Total symbols: 2395 | Already done: 2395 | Remaining: 0

=== BATCH FETCH COMPLETE ===
Time elapsed: 0.0 minutes
Successful: 1902
Failed: 493
Total in checkpoint file: 2395

Saved to data/processed/universe_fundamentals.csv

Re-run this script anytime to resume/refresh -- it skips symbols
already fetched and only retries failures or fetches new ones.
[16:31:46] SUCCESS: Refresh full NSE universe fundamentals
[16:31:46] START: Recompute long-term fundamental scores
Scoring 1902 stocks against sector medians ...

=== LONG-TERM FUNDAMENTAL SCORES (sorted best to worst) ===
       symbol                 sector cap_category  total_score  score_percentile                               recommendation
    CRIZAC.NS     Consumer Defensive    Small Cap        100.0        100.000000                       Strong Buy (Long-Term)
      OFSS.NS             Technology    Large Cap         99.9         99.947424                       Strong Buy (Long-Term)
      PGHL.NS             Healthcare    Small Cap         99.8         99.894848                       Strong Buy (Long-Term)
 HBLENGINE.NS            Industrials    Small Cap         99.7         99.815983                       Strong Buy (Long-Term)
    GARUDA.NS            Industrials    Small Cap         99.7         99.815983                       Strong Buy (Long-Term)
       BLS.NS            Industrials    Small Cap         98.5         99.737119                       Strong Buy (Long-Term)
OSWALPUMPS.NS            Industrials    Small Cap         97.7         99.684543                       Strong Buy (Long-Term)
      JSLL.NS             Healthcare    Small Cap         97.3         99.631966                       Strong Buy (Long-Term)
    KRONOX.NS        Basic Materials    Small Cap         97.2         99.553102                       Strong Buy (Long-Term)
     DEVIT.NS             Technology    Small Cap         97.2         99.553102                       Strong Buy (Long-Term)
    ECLERX.NS             Technology    Small Cap         95.8         99.447950                       Strong Buy (Long-Term)
    BORANA.NS      Consumer Cyclical    Small Cap         95.8         99.447950                       Strong Buy (Long-Term)
       IKS.NS             Healthcare      Mid Cap         95.3         99.369085                       Strong Buy (Long-Term)
   CEINSYS.NS            Industrials    Small Cap         94.7         99.316509                       Strong Buy (Long-Term)
HEROMOTOCO.NS      Consumer Cyclical    Large Cap         94.1         99.263933                       Strong Buy (Long-Term)
     LUPIN.NS             Healthcare    Large Cap         94.0         99.211356                       Strong Buy (Long-Term)
GAUDIUMIVF.NS             Healthcare    Small Cap         93.9         99.158780                       Strong Buy (Long-Term)
  GKENERGY.NS              Utilities    Small Cap         93.6         99.106204                       Strong Buy (Long-Term)
      LICI.NS     Financial Services    Large Cap         93.1         99.053628                       Strong Buy (Long-Term)
      GPPL.NS            Industrials    Small Cap         93.0         99.001052                       Strong Buy (Long-Term)
  EVEREADY.NS            Industrials    Small Cap         92.7         98.948475                       Strong Buy (Long-Term)
      NMDC.NS        Basic Materials      Mid Cap         92.6         98.895899                       Strong Buy (Long-Term)
     SBGLP.NS            Real Estate    Small Cap         92.5         98.843323                       Strong Buy (Long-Term)
     SAMHI.NS      Consumer Cyclical    Small Cap         91.9         98.764458                       Strong Buy (Long-Term)
      MMTC.NS            Industrials    Small Cap         91.9         98.764458                       Strong Buy (Long-Term)
   JUBLCPL.NS        Basic Materials    Small Cap         91.8         98.685594                       Strong Buy (Long-Term)
   MONARCH.NS     Financial Services    Small Cap         91.7         98.633018                       Strong Buy (Long-Term)
   MARSONS.NS            Industrials    Small Cap         91.4         98.580442                       Strong Buy (Long-Term)
PREMIERENE.NS             Technology      Mid Cap         91.0         98.501577                       Strong Buy (Long-Term)
   OMPOWER.NS            Industrials    Small Cap         91.0         98.501577                       Strong Buy (Long-Term)
 SEAMECLTD.NS            Industrials    Small Cap         90.6         98.422713                       Strong Buy (Long-Term)
 NITTAGELA.NS        Basic Materials    Small Cap         90.5         98.370137                       Strong Buy (Long-Term)
      BBTC.NS     Consumer Defensive    Small Cap         90.4         98.291272                       Strong Buy (Long-Term)
  MHLXMIRU.NS      Consumer Cyclical    Small Cap         90.4         98.291272                       Strong Buy (Long-Term)
    GESHIP.NS            Industrials    Small Cap         90.1         98.186120                       Strong Buy (Long-Term)
 MAYURUNIQ.NS      Consumer Cyclical    Small Cap         90.1         98.186120                       Strong Buy (Long-Term)
SANOFICONR.NS             Healthcare    Small Cap         90.0         98.107256                       Strong Buy (Long-Term)
 KIRIINDUS.NS        Basic Materials    Small Cap         89.9         98.054679                       Strong Buy (Long-Term)
RAYMONDREL.NS            Real Estate    Small Cap         88.6         98.002103                       Strong Buy (Long-Term)
    NINSYS.NS             Technology    Small Cap         88.0         97.949527                       Strong Buy (Long-Term)
KRISHNADEF.NS            Industrials    Small Cap         87.6         97.896951                       Strong Buy (Long-Term)
    CRISIL.NS     Financial Services      Mid Cap         87.5         97.818086                       Strong Buy (Long-Term)
NATIONALUM.NS        Basic Materials      Mid Cap         87.5         97.818086                       Strong Buy (Long-Term)
   DHANUKA.NS        Basic Materials    Small Cap         87.4         97.712934                       Strong Buy (Long-Term)
EUROPRATIK.NS        Basic Materials    Small Cap         87.4         97.712934                       Strong Buy (Long-Term)
    ALIVUS.NS             Healthcare    Small Cap         87.3         97.634069                       Strong Buy (Long-Term)
   CALSOFT.NS             Technology    Small Cap         87.1         97.581493                       Strong Buy (Long-Term)
    AIAENG.NS            Industrials      Mid Cap         87.0         97.450053                       Strong Buy (Long-Term)
CAPLIPOINT.NS             Healthcare    Small Cap         87.0         97.450053                       Strong Buy (Long-Term)
   SANDUMA.NS        Basic Materials    Small Cap         87.0         97.450053                       Strong Buy (Long-Term)
    NEWGEN.NS             Technology    Small Cap         87.0         97.450053                       Strong Buy (Long-Term)
DRCSYSTEMS.NS             Technology    Small Cap         86.7         97.292324                       Strong Buy (Long-Term)
AJANTPHARM.NS             Healthcare      Mid Cap         86.7         97.292324                       Strong Buy (Long-Term)
  MASTERTR.NS     Financial Services    Small Cap         86.6         97.213460                       Strong Buy (Long-Term)
HINDCOPPER.NS        Basic Materials      Mid Cap         86.5         97.082019                       Strong Buy (Long-Term)
   GOLDIAM.NS      Consumer Cyclical    Small Cap         86.5         97.082019                       Strong Buy (Long-Term)
    EMMVEE.NS             Technology    Small Cap         86.5         97.082019                       Strong Buy (Long-Term)
    MPSLTD.NS Communication Services    Small Cap         86.5         97.082019                       Strong Buy (Long-Term)
   FRONTSP.NS                    NaN    Small Cap         86.4         96.924290                       Strong Buy (Long-Term)
   CARRARO.NS      Consumer Cyclical    Small Cap         86.4         96.924290                       Strong Buy (Long-Term)
 JAMNAAUTO.NS      Consumer Cyclical    Small Cap         86.1         96.819138                       Strong Buy (Long-Term)
  BUILDPRO.NS      Consumer Cyclical    Small Cap         86.1         96.819138                       Strong Buy (Long-Term)
 LANCORHOL.NS            Real Estate    Small Cap         86.0         96.713985                       Strong Buy (Long-Term)
      KPEL.NS            Industrials    Small Cap         86.0         96.713985                       Strong Buy (Long-Term)
OBEROIRLTY.NS            Real Estate      Mid Cap         85.9         96.635121                       Strong Buy (Long-Term)
      GHCL.NS        Basic Materials    Small Cap         85.8         96.582545                       Strong Buy (Long-Term)
      NBCC.NS            Industrials      Mid Cap         85.7         96.503680                       Strong Buy (Long-Term)
ABBOTINDIA.NS             Healthcare      Mid Cap         85.7         96.503680                       Strong Buy (Long-Term)
   KSOLVES.NS             Technology    Small Cap         85.6         96.424816                       Strong Buy (Long-Term)
    KERNEX.NS             Technology    Small Cap         85.5         96.372240                       Strong Buy (Long-Term)
  GRAUWEIL.NS        Basic Materials    Small Cap         85.3         96.319664                       Strong Buy (Long-Term)
     CMPDI.NS        Basic Materials    Small Cap         85.2         96.240799                       Strong Buy (Long-Term)
       MCX.NS     Financial Services      Mid Cap         85.2         96.240799                       Strong Buy (Long-Term)
 INDOBORAX.NS        Basic Materials    Small Cap         85.1         96.135647                       Strong Buy (Long-Term)
 EXPLEOSOL.NS             Technology    Small Cap         85.1         96.135647                       Strong Buy (Long-Term)
GENUSPOWER.NS            Industrials    Small Cap         85.0         96.030494                       Strong Buy (Long-Term)
 MUKANDLTD.NS        Basic Materials    Small Cap         85.0         96.030494                       Strong Buy (Long-Term)
      JARO.NS     Consumer Defensive    Small Cap         84.9         95.925342                       Strong Buy (Long-Term)
  GOCLCORP.NS        Basic Materials    Small Cap         84.9         95.925342                       Strong Buy (Long-Term)
  DEEPINDS.NS                 Energy    Small Cap         84.8         95.846477                       Strong Buy (Long-Term)
    MCLOUD.NS             Technology    Small Cap         84.7         95.793901                       Strong Buy (Long-Term)
   REDTAPE.NS      Consumer Cyclical    Small Cap         84.6         95.741325                       Strong Buy (Long-Term)
   FIEMIND.NS      Consumer Cyclical    Small Cap         84.5         95.662461                       Strong Buy (Long-Term)
CUMMINSIND.NS            Industrials    Large Cap         84.5         95.662461                       Strong Buy (Long-Term)
SHAHALLOYS.NS        Basic Materials    Small Cap         84.4         95.583596                       Strong Buy (Long-Term)
ASHAPURMIN.NS        Basic Materials    Small Cap         84.3         95.531020                       Strong Buy (Long-Term)
   ALMONDZ.NS     Financial Services    Small Cap         84.2         95.478444                       Strong Buy (Long-Term)
      GPIL.NS        Basic Materials    Small Cap         84.1         95.347003                       Strong Buy (Long-Term)
 PARKHOSPS.NS             Healthcare    Small Cap         84.1         95.347003                       Strong Buy (Long-Term)
  MAHABANK.NS     Financial Services      Mid Cap         84.1         95.347003                       Strong Buy (Long-Term)
 MODINATUR.NS     Consumer Defensive    Small Cap         84.1         95.347003                       Strong Buy (Long-Term)
ADVENZYMES.NS        Basic Materials    Small Cap         84.0         95.189274                       Strong Buy (Long-Term)
 INDIAMART.NS Communication Services    Large Cap         84.0         95.189274                       Strong Buy (Long-Term)
  PETRONET.NS                 Energy      Mid Cap         83.9         95.110410                       Strong Buy (Long-Term)
       BSE.NS     Financial Services    Large Cap         83.7         95.057834                       Strong Buy (Long-Term)
  HINDZINC.NS        Basic Materials    Large Cap         83.6         94.978970                       Strong Buy (Long-Term)
  MARKSANS.NS             Healthcare    Small Cap         83.6         94.978970                       Strong Buy (Long-Term)
     AGIIL.NS            Real Estate    Small Cap         83.5         94.900105                       Strong Buy (Long-Term)
NILASPACES.NS            Real Estate    Small Cap         83.4         94.794953                       Strong Buy (Long-Term)
    DBCORP.NS Communication Services    Small Cap         83.4         94.794953                       Strong Buy (Long-Term)
      IRIS.NS             Technology    Small Cap         83.4         94.794953                       Strong Buy (Long-Term)
    GLOBAL.NS     Consumer Defensive    Small Cap         83.3         94.663512                       Strong Buy (Long-Term)
     GVT&D.NS            Industrials    Large Cap         83.3         94.663512                       Strong Buy (Long-Term)
      BANG.NS      Consumer Cyclical    Small Cap         83.1         94.584648                       Strong Buy (Long-Term)
 ANTELOPUS.NS                 Energy    Small Cap         83.0         94.505783                       Strong Buy (Long-Term)
    EMCURE.NS             Healthcare      Mid Cap         83.0         94.505783                       Strong Buy (Long-Term)
  SAGILITY.NS             Healthcare    Small Cap         82.9         94.348055                       Strong Buy (Long-Term)
    BROOKS.NS             Healthcare    Small Cap         82.9         94.348055                       Strong Buy (Long-Term)
      IMFA.NS        Basic Materials    Small Cap         82.9         94.348055                       Strong Buy (Long-Term)
      IZMO.NS             Technology    Small Cap         82.9         94.348055                       Strong Buy (Long-Term)
      AHCL.NS             Healthcare    Small Cap         82.8         94.164038                       Strong Buy (Long-Term)
     CRAMC.NS     Financial Services    Small Cap         82.8         94.164038                       Strong Buy (Long-Term)
CONCORDBIO.NS             Healthcare    Small Cap         82.8         94.164038                       Strong Buy (Long-Term)
   SAKSOFT.NS             Technology    Small Cap         82.7         93.980021                       Strong Buy (Long-Term)
  KAMDHENU.NS        Basic Materials    Small Cap         82.7         93.980021                       Strong Buy (Long-Term)
      ATUL.NS        Basic Materials    Small Cap         82.7         93.980021                       Strong Buy (Long-Term)
JAGSNPHARM.NS             Healthcare    Small Cap         82.7         93.980021                       Strong Buy (Long-Term)
  PNGSREVA.NS      Consumer Cyclical    Small Cap         82.6         93.848580                       Strong Buy (Long-Term)
     BSOFT.NS             Technology    Small Cap         82.5         93.769716                       Strong Buy (Long-Term)
     GLAXO.NS             Healthcare      Mid Cap         82.5         93.769716                       Strong Buy (Long-Term)
CARERATING.NS     Financial Services    Small Cap         82.3         93.690852                       Strong Buy (Long-Term)
 HESTERBIO.NS             Healthcare    Small Cap         82.2         93.638275                       Strong Buy (Long-Term)
       INA.NS             Technology    Small Cap         82.1         93.559411                       Strong Buy (Long-Term)
  INDOTHAI.NS     Financial Services    Small Cap         82.1         93.559411                       Strong Buy (Long-Term)
  GLENMARK.NS             Healthcare      Mid Cap         82.0         93.480547                       Strong Buy (Long-Term)
   MENONBE.NS      Consumer Cyclical    Small Cap         81.9         93.375394                       Strong Buy (Long-Term)
PCJEWELLER.NS      Consumer Cyclical    Small Cap         81.9         93.375394                       Strong Buy (Long-Term)
   POLYCAB.NS            Industrials    Large Cap         81.9         93.375394                       Strong Buy (Long-Term)
       LTM.NS             Technology    Large Cap         81.8         93.243954                       Strong Buy (Long-Term)
   EMUDHRA.NS             Technology    Small Cap         81.8         93.243954                       Strong Buy (Long-Term)
       RSL.NS        Basic Materials    Small Cap         81.7         93.138801                       Strong Buy (Long-Term)
       ACE.NS            Industrials    Small Cap         81.7         93.138801                       Strong Buy (Long-Term)
      IGIL.NS        Basic Materials    Small Cap         81.6         93.033649                       Strong Buy (Long-Term)
    GMBREW.NS     Consumer Defensive    Small Cap         81.6         93.033649                       Strong Buy (Long-Term)
    MEDICO.NS             Healthcare    Small Cap         81.5         92.928496                       Strong Buy (Long-Term)
BLBLIMITED.NS     Financial Services    Small Cap         81.5         92.928496                       Strong Buy (Long-Term)
   KIRLPNU.NS            Industrials    Small Cap         81.4         92.797056                       Strong Buy (Long-Term)
    IVALUE.NS             Technology    Small Cap         81.4         92.797056                       Strong Buy (Long-Term)
      CAMS.NS             Technology    Small Cap         81.4         92.797056                       Strong Buy (Long-Term)
  CENTENKA.NS      Consumer Cyclical    Small Cap         81.3         92.665615                       Strong Buy (Long-Term)
       FDC.NS             Healthcare    Small Cap         81.3         92.665615                       Strong Buy (Long-Term)
       CSM.NS             Technology    Small Cap         81.2         92.586751                       Strong Buy (Long-Term)
   MAHLIFE.NS            Real Estate    Small Cap         81.1         92.481598                       Strong Buy (Long-Term)
PACEDIGITK.NS             Technology    Small Cap         81.1         92.481598                       Strong Buy (Long-Term)
   IPCALAB.NS             Healthcare      Mid Cap         81.1         92.481598                       Strong Buy (Long-Term)
 ITCHOTELS.NS      Consumer Cyclical      Mid Cap         81.0         92.271293                       Strong Buy (Long-Term)
 BHARATRAS.NS        Basic Materials    Small Cap         81.0         92.271293                       Strong Buy (Long-Term)
  BLISSGVS.NS             Healthcare    Small Cap         81.0         92.271293                       Strong Buy (Long-Term)
APCOTEXIND.NS        Basic Materials    Small Cap         81.0         92.271293                       Strong Buy (Long-Term)
   MAZDOCK.NS            Industrials      Mid Cap         81.0         92.271293                       Strong Buy (Long-Term)
SANGHVIMOV.NS            Industrials    Small Cap         80.8         92.087277                       Strong Buy (Long-Term)
    RALLIS.NS        Basic Materials    Small Cap         80.8         92.087277                       Strong Buy (Long-Term)
ARIHANTCAP.NS     Financial Services    Small Cap         80.7         91.955836                       Strong Buy (Long-Term)
 PANAMAPET.NS                 Energy    Small Cap         80.7         91.955836                       Strong Buy (Long-Term)
     LODHA.NS            Real Estate    Large Cap         80.7         91.955836                       Strong Buy (Long-Term)
PREMIERPOL.NS        Basic Materials    Small Cap         80.6         91.798107                       Strong Buy (Long-Term)
  PASUPTAC.NS      Consumer Cyclical    Small Cap         80.6         91.798107                       Strong Buy (Long-Term)
      SBCL.NS            Industrials    Small Cap         80.6         91.798107                       Strong Buy (Long-Term)
  LLOYDSME.NS        Basic Materials    Large Cap         80.5         91.640379                       Strong Buy (Long-Term)
  MANORAMA.NS     Consumer Defensive    Small Cap         80.5         91.640379                       Strong Buy (Long-Term)
      MEIL.NS            Industrials    Small Cap         80.5         91.640379                       Strong Buy (Long-Term)
      ADOR.NS            Industrials    Small Cap         80.4         91.456362                       Strong Buy (Long-Term)
  GRANULES.NS             Healthcare    Small Cap         80.4         91.456362                       Strong Buy (Long-Term)
  RBZJEWEL.NS      Consumer Cyclical    Small Cap         80.4         91.456362                       Strong Buy (Long-Term)
   JPPOWER.NS              Utilities    Small Cap         80.4         91.456362                       Strong Buy (Long-Term)
     GLAND.NS             Healthcare      Mid Cap         80.3         91.219769                       Strong Buy (Long-Term)
 NILAINFRA.NS            Real Estate    Small Cap         80.3         91.219769                       Strong Buy (Long-Term)
  SEJALLTD.NS            Industrials    Small Cap         80.3         91.219769                       Strong Buy (Long-Term)
      RVHL.NS            Real Estate    Small Cap         80.3         91.219769                       Strong Buy (Long-Term)
     REFEX.NS                 Energy    Small Cap         80.3         91.219769                       Strong Buy (Long-Term)
   RAILTEL.NS Communication Services    Small Cap         80.2         91.035752                       Strong Buy (Long-Term)
     CLSEL.NS     Consumer Defensive    Small Cap         80.2         91.035752                       Strong Buy (Long-Term)
 NOVARTIND.NS             Healthcare    Small Cap         80.1         90.930599                       Strong Buy (Long-Term)
      DYCL.NS            Industrials    Small Cap         80.1         90.930599                       Strong Buy (Long-Term)
  CHEMBOND.NS        Basic Materials    Small Cap         80.0         90.746583                       Strong Buy (Long-Term)
    NIRLON.NS            Real Estate    Small Cap         80.0         90.746583                       Strong Buy (Long-Term)
MUTHOOTFIN.NS     Financial Services    Large Cap         80.0         90.746583                       Strong Buy (Long-Term)
  OMAXAUTO.NS      Consumer Cyclical    Small Cap         80.0         90.746583                       Strong Buy (Long-Term)
BAJAJ-AUTO.NS      Consumer Cyclical    Large Cap         80.0         90.746583                       Strong Buy (Long-Term)
JPOLYINVST.NS     Financial Services    Small Cap         79.9         90.536278                       Strong Buy (Long-Term)
GHCLTEXTIL.NS      Consumer Cyclical    Small Cap         79.9         90.536278                       Strong Buy (Long-Term)
     KROSS.NS      Consumer Cyclical    Small Cap         79.9         90.536278                       Strong Buy (Long-Term)
     IRCTC.NS      Consumer Cyclical      Mid Cap         79.8         90.378549                       Strong Buy (Long-Term)
MEDIASSIST.NS             Healthcare    Small Cap         79.8         90.378549                       Strong Buy (Long-Term)
  INDOTECH.NS            Industrials    Small Cap         79.8         90.378549                       Strong Buy (Long-Term)
    SAMBHV.NS        Basic Materials    Small Cap         79.7         90.220820                       Strong Buy (Long-Term)
   FINPIPE.NS            Industrials    Small Cap         79.7         90.220820                       Strong Buy (Long-Term)
 GULFPETRO.NS                 Energy    Small Cap         79.7         90.220820                       Strong Buy (Long-Term)
     GVPIL.NS            Industrials    Small Cap         79.6         90.089380                       Strong Buy (Long-Term)
PLASTIBLEN.NS        Basic Materials    Small Cap         79.6         90.089380                       Strong Buy (Long-Term)
 NAHARPOLY.NS      Consumer Cyclical    Small Cap         79.5         89.879075                       Strong Buy (Long-Term)
       JSL.NS        Basic Materials      Mid Cap         79.5         89.879075                       Strong Buy (Long-Term)
       PTL.NS            Real Estate    Small Cap         79.5         89.879075                       Strong Buy (Long-Term)
       OIL.NS                 Energy      Mid Cap         79.5         89.879075                       Strong Buy (Long-Term)
KAJARIACER.NS            Industrials    Small Cap         79.5         89.879075                       Strong Buy (Long-Term)
   DIFFNKG.NS            Industrials    Small Cap         79.5         89.879075                       Strong Buy (Long-Term)
MANALIPETC.NS        Basic Materials    Small Cap         79.4         89.695058                       Strong Buy (Long-Term)
LAXMIDENTL.NS             Healthcare    Small Cap         79.3         89.589905                       Strong Buy (Long-Term)
   SENORES.NS             Healthcare    Small Cap         79.3         89.589905                       Strong Buy (Long-Term)
ADANIPOWER.NS              Utilities    Large Cap         79.3         89.589905                       Strong Buy (Long-Term)
    QPOWER.NS            Industrials    Small Cap         79.2         89.405889                       Strong Buy (Long-Term)
     KOVAI.NS             Healthcare    Small Cap         79.2         89.405889                       Strong Buy (Long-Term)
  KRITINUT.NS     Consumer Defensive    Small Cap         79.2         89.405889                       Strong Buy (Long-Term)
  RSYSTEMS.NS             Technology    Small Cap         79.2         89.405889                       Strong Buy (Long-Term)
  BHAGERIA.NS        Basic Materials    Small Cap         79.1         89.221872                       Strong Buy (Long-Term)
  INDOAMIN.NS        Basic Materials    Small Cap         79.1         89.221872                       Strong Buy (Long-Term)
   RISHABH.NS             Technology    Small Cap         79.1         89.221872                       Strong Buy (Long-Term)
     SENCO.NS      Consumer Cyclical    Small Cap         79.0         89.037855                       Strong Buy (Long-Term)
   KIRLFER.NS            Industrials    Small Cap         79.0         89.037855                       Strong Buy (Long-Term)
 EICHERMOT.NS      Consumer Cyclical    Large Cap         79.0         89.037855                       Strong Buy (Long-Term)
  RAMCOIND.NS            Industrials    Small Cap         79.0         89.037855                       Strong Buy (Long-Term)
   ADVANCE.NS        Basic Materials    Small Cap         78.9         88.853838                       Strong Buy (Long-Term)
   RPGLIFE.NS             Healthcare    Small Cap         78.9         88.853838                       Strong Buy (Long-Term)
DCMSHRIRAM.NS            Industrials    Small Cap         78.9         88.853838                       Strong Buy (Long-Term)
       IOB.NS     Financial Services      Mid Cap         78.8         88.748686                       Strong Buy (Long-Term)
  BAJAJCON.NS     Consumer Defensive    Small Cap         78.7         88.696109                       Strong Buy (Long-Term)
 ELGIEQUIP.NS            Industrials    Small Cap         78.6         88.590957                       Strong Buy (Long-Term)
JAYBARMARU.NS      Consumer Cyclical    Small Cap         78.6         88.590957                       Strong Buy (Long-Term)
   PANSARI.NS            Real Estate    Small Cap         78.6         88.590957                       Strong Buy (Long-Term)
ASKAUTOLTD.NS      Consumer Cyclical    Small Cap         78.5         88.406940                       Strong Buy (Long-Term)
   KILITCH.NS             Healthcare    Small Cap         78.5         88.406940                       Strong Buy (Long-Term)
   INDIANB.NS     Financial Services    Large Cap         78.5         88.406940                       Strong Buy (Long-Term)
  GANESHCP.NS     Consumer Defensive    Small Cap         78.5         88.406940                       Strong Buy (Long-Term)
   3MINDIA.NS            Industrials      Mid Cap         78.4         88.275499                       Strong Buy (Long-Term)
LALPATHLAB.NS             Healthcare      Mid Cap         78.3         88.170347                       Strong Buy (Long-Term)
   COFORGE.NS             Technology      Mid Cap         78.3         88.170347                       Strong Buy (Long-Term)
   ACCELYA.NS             Technology    Small Cap         78.3         88.170347                       Strong Buy (Long-Term)
    DICIND.NS        Basic Materials    Small Cap         78.2         88.012618                       Strong Buy (Long-Term)
      INFY.NS             Technology    Large Cap         78.2         88.012618                       Strong Buy (Long-Term)
   GANDHAR.NS                 Energy    Small Cap         78.2         88.012618                       Strong Buy (Long-Term)
   NGLFINE.NS             Healthcare    Small Cap         78.1         87.802313                       Strong Buy (Long-Term)
      GAIL.NS              Utilities    Large Cap         78.1         87.802313                       Strong Buy (Long-Term)
     GIPCL.NS              Utilities    Small Cap         78.1         87.802313                       Strong Buy (Long-Term)
 BUTTERFLY.NS      Consumer Cyclical    Small Cap         78.1         87.802313                       Strong Buy (Long-Term)
  MINDTECK.NS             Technology    Small Cap         78.1         87.802313                       Strong Buy (Long-Term)
       DCI.NS             Technology    Small Cap         78.0         87.618297                       Strong Buy (Long-Term)
      ERIS.NS             Healthcare    Small Cap         78.0         87.618297                       Strong Buy (Long-Term)
 PATINTLOG.NS            Industrials    Small Cap         77.9         87.539432                       Strong Buy (Long-Term)
 BAYERCROP.NS        Basic Materials    Small Cap         77.8         87.434280                       Strong Buy (Long-Term)
      GNFC.NS        Basic Materials    Small Cap         77.8         87.434280                       Strong Buy (Long-Term)
   DOLPHIN.NS                 Energy    Small Cap         77.8         87.434280                       Strong Buy (Long-Term)
    AVTNPL.NS        Basic Materials    Small Cap         77.6         87.171399                       Strong Buy (Long-Term)
   HCLTECH.NS             Technology    Large Cap         77.6         87.171399                       Strong Buy (Long-Term)
 INNOVACAP.NS             Healthcare    Small Cap         77.6         87.171399                       Strong Buy (Long-Term)
 BALAMINES.NS        Basic Materials    Small Cap         77.6         87.171399                       Strong Buy (Long-Term)
    ASHOKA.NS            Industrials    Small Cap         77.6         87.171399                       Strong Buy (Long-Term)
       MRF.NS      Consumer Cyclical      Mid Cap         77.6         87.171399                       Strong Buy (Long-Term)
  CANTABIL.NS      Consumer Cyclical    Small Cap         77.6         87.171399                       Strong Buy (Long-Term)
   KTKBANK.NS     Financial Services    Small Cap         77.5         86.645636                       Strong Buy (Long-Term)
  EMAMILTD.NS     Consumer Defensive    Small Cap         77.5         86.645636                       Strong Buy (Long-Term)
FEDERALBNK.NS     Financial Services      Mid Cap         77.5         86.645636                       Strong Buy (Long-Term)
    JAYKAY.NS            Industrials    Small Cap         77.5         86.645636                       Strong Buy (Long-Term)
   CSBBANK.NS     Financial Services    Small Cap         77.5         86.645636                       Strong Buy (Long-Term)
     CANBK.NS     Financial Services    Large Cap         77.5         86.645636                       Strong Buy (Long-Term)
KARURVYSYA.NS     Financial Services      Mid Cap         77.5         86.645636                       Strong Buy (Long-Term)
       GTL.NS Communication Services    Small Cap         77.5         86.645636                       Strong Buy (Long-Term)
       CUB.NS     Financial Services    Small Cap         77.5         86.645636                       Strong Buy (Long-Term)
   DCBBANK.NS     Financial Services    Small Cap         77.5         86.645636                       Strong Buy (Long-Term)
 PATANJALI.NS     Consumer Defensive      Mid Cap         77.5         86.645636                       Strong Buy (Long-Term)
      MOIL.NS        Basic Materials    Small Cap         77.5         86.645636                       Strong Buy (Long-Term)
       EKC.NS            Industrials    Small Cap         77.5         86.645636                       Strong Buy (Long-Term)
     ARE&M.NS            Industrials    Small Cap         77.4         86.198738                       Strong Buy (Long-Term)
    APLLTD.NS             Healthcare    Small Cap         77.4         86.198738                       Strong Buy (Long-Term)
      GKSL.NS             Healthcare    Small Cap         77.4         86.198738                       Strong Buy (Long-Term)
   MSTCLTD.NS            Industrials    Small Cap         77.4         86.198738                       Strong Buy (Long-Term)
       CPL.NS            Industrials    Small Cap         77.3         85.988433                       Strong Buy (Long-Term)
   PROTEAN.NS             Technology    Small Cap         77.3         85.988433                       Strong Buy (Long-Term)
       HAL.NS            Industrials    Large Cap         77.3         85.988433                       Strong Buy (Long-Term)
   RUBICON.NS             Healthcare    Small Cap         77.3         85.988433                       Strong Buy (Long-Term)
     QUESS.NS            Industrials    Small Cap         77.2         85.830705                       Strong Buy (Long-Term)
       AWL.NS     Consumer Defensive    Small Cap         77.2         85.830705                       Strong Buy (Long-Term)
   JAINREC.NS        Basic Materials    Small Cap         77.1         85.646688                       Strong Buy (Long-Term)
CHEMBONDCH.NS        Basic Materials    Small Cap         77.1         85.646688                       Strong Buy (Long-Term)
 ALGOQUANT.NS     Financial Services    Small Cap         77.1         85.646688                       Strong Buy (Long-Term)
   LTFOODS.NS     Consumer Defensive    Small Cap         77.1         85.646688                       Strong Buy (Long-Term)
 POWERMECH.NS            Industrials    Small Cap         77.1         85.646688                       Strong Buy (Long-Term)
 AEROENTER.NS        Basic Materials    Small Cap         77.0         85.488959                       Strong Buy (Long-Term)
       KCP.NS        Basic Materials    Small Cap         76.8         85.410095                       Strong Buy (Long-Term)
 DOLATALGO.NS     Financial Services    Small Cap         76.8         85.410095                       Strong Buy (Long-Term)
  MANYAVAR.NS      Consumer Cyclical    Small Cap         76.7         85.252366                       Strong Buy (Long-Term)
   CARYSIL.NS      Consumer Cyclical    Small Cap         76.7         85.252366                       Strong Buy (Long-Term)
  MAJESAUT.NS            Real Estate    Small Cap         76.7         85.252366                       Strong Buy (Long-Term)
 BRITANNIA.NS     Consumer Defensive    Large Cap         76.7         85.252366                       Strong Buy (Long-Term)
    NCLIND.NS        Basic Materials    Small Cap         76.6         85.042061                       Strong Buy (Long-Term)
     ELLEN.NS        Basic Materials    Small Cap         76.6         85.042061                       Strong Buy (Long-Term)
PIDILITIND.NS        Basic Materials    Large Cap         76.6         85.042061                       Strong Buy (Long-Term)
   KRYSTAL.NS            Industrials    Small Cap         76.6         85.042061                       Strong Buy (Long-Term)
      PIGL.NS            Industrials    Small Cap         76.5         84.858044                       Strong Buy (Long-Term)
      ASMS.NS             Technology    Small Cap         76.5         84.858044                       Strong Buy (Long-Term)
      POCL.NS        Basic Materials    Small Cap         76.5         84.858044                       Strong Buy (Long-Term)
 BORORENEW.NS             Technology    Small Cap         76.4         84.647739                       Strong Buy (Long-Term)
  KANPRPLA.NS      Consumer Cyclical    Small Cap         76.4         84.647739                       Strong Buy (Long-Term)
   GULPOLY.NS        Basic Materials    Small Cap         76.4         84.647739                       Strong Buy (Long-Term)
 BANKINDIA.NS     Financial Services      Mid Cap         76.4         84.647739                       Strong Buy (Long-Term)
    AJMERA.NS            Real Estate    Small Cap         76.4         84.647739                       Strong Buy (Long-Term)
 CYBERTECH.NS             Technology    Small Cap         76.3         84.463722                       Strong Buy (Long-Term)
   FINEORG.NS        Basic Materials    Small Cap         76.3         84.463722                       Strong Buy (Long-Term)
    KINGFA.NS        Basic Materials    Small Cap         76.1         84.332282                       Strong Buy (Long-Term)
HARRMALAYA.NS     Consumer Defensive    Small Cap         76.1         84.332282                       Strong Buy (Long-Term)
      GRSE.NS            Industrials      Mid Cap         76.1         84.332282                       Strong Buy (Long-Term)
 IBULLSLTD.NS            Real Estate    Small Cap         76.0         84.200841                       Strong Buy (Long-Term)
  PNCINFRA.NS            Industrials    Small Cap         76.0         84.200841                       Strong Buy (Long-Term)
   MANKIND.NS             Healthcare    Large Cap         75.8         84.069401                       Strong Buy (Long-Term)
   HUBTOWN.NS            Real Estate    Small Cap         75.8         84.069401                       Strong Buy (Long-Term)
    SHAILY.NS        Basic Materials    Small Cap         75.8         84.069401                       Strong Buy (Long-Term)
 AUTOAXLES.NS      Consumer Cyclical    Small Cap         75.7         83.859096                       Strong Buy (Long-Term)
 BEARDSELL.NS            Industrials    Small Cap         75.7         83.859096                       Strong Buy (Long-Term)
       IRB.NS            Industrials    Small Cap         75.7         83.859096                       Strong Buy (Long-Term)
 ASAHISONG.NS        Basic Materials    Small Cap         75.7         83.859096                       Strong Buy (Long-Term)
   CEIGALL.NS            Industrials    Small Cap         75.7         83.859096                       Strong Buy (Long-Term)
BFUTILITIE.NS            Industrials    Small Cap         75.6         83.648791                       Strong Buy (Long-Term)
     KNACK.NS      Consumer Cyclical    Small Cap         75.6         83.648791                       Strong Buy (Long-Term)
       LCL.NS            Industrials    Small Cap         75.6         83.648791                       Strong Buy (Long-Term)
  ARVSMART.NS            Real Estate    Small Cap         75.5         83.491062                       Strong Buy (Long-Term)
 KOTAKBANK.NS     Financial Services    Large Cap         75.5         83.491062                       Strong Buy (Long-Term)
     AARVI.NS            Industrials    Small Cap         75.5         83.491062                       Strong Buy (Long-Term)
      GAEL.NS     Consumer Defensive    Small Cap         75.4         83.280757                       Strong Buy (Long-Term)
DPABHUSHAN.NS      Consumer Cyclical    Small Cap         75.4         83.280757                       Strong Buy (Long-Term)
PATELRMART.NS      Consumer Cyclical    Small Cap         75.4         83.280757                       Strong Buy (Long-Term)
 HUHTAMAKI.NS      Consumer Cyclical    Small Cap         75.4         83.280757                       Strong Buy (Long-Term)
 REDINGTON.NS             Technology      Mid Cap         75.4         83.280757                       Strong Buy (Long-Term)
  RACLGEAR.NS      Consumer Cyclical    Small Cap         75.3         83.096740                       Strong Buy (Long-Term)
   HEXAGON.NS     Consumer Defensive    Small Cap         75.3         83.096740                       Strong Buy (Long-Term)
       PPL.NS            Industrials    Small Cap         75.2         82.965300                       Strong Buy (Long-Term)
      JASH.NS            Industrials    Small Cap         75.2         82.965300                       Strong Buy (Long-Term)
   JKPAPER.NS        Basic Materials    Small Cap         75.2         82.965300                       Strong Buy (Long-Term)
  ANANTRAJ.NS            Real Estate    Small Cap         75.1         82.754995                       Strong Buy (Long-Term)
   ALLDIGI.NS            Industrials    Small Cap         75.1         82.754995                       Strong Buy (Long-Term)
       SCI.NS            Industrials    Small Cap         75.1         82.754995                       Strong Buy (Long-Term)
 BLACKBUCK.NS             Technology    Small Cap         75.1         82.754995                       Strong Buy (Long-Term)
GODREJAGRO.NS     Consumer Defensive    Small Cap         75.1         82.754995                       Strong Buy (Long-Term)
    KRSNAA.NS             Healthcare    Small Cap         75.0         82.570978                       Strong Buy (Long-Term)
  MACPOWER.NS            Industrials    Small Cap         75.0         82.570978                       Strong Buy (Long-Term)
ORKLAINDIA.NS     Consumer Defensive    Small Cap         74.9         82.439537                       Strong Buy (Long-Term)
INDRAMEDCO.NS             Healthcare    Small Cap         74.9         82.439537                       Strong Buy (Long-Term)
HINDCOMPOS.NS      Consumer Cyclical    Small Cap         74.9         82.439537                       Strong Buy (Long-Term)
   NIITMTS.NS     Consumer Defensive    Small Cap         74.8         82.308097                       Strong Buy (Long-Term)
ONELIFECAP.NS     Financial Services    Small Cap         74.8         82.308097                       Strong Buy (Long-Term)
       CNL.NS             Technology    Small Cap         74.7         82.229232                       Strong Buy (Long-Term)
 FINCABLES.NS            Industrials    Small Cap         74.6         82.097792                       Strong Buy (Long-Term)
MODISONLTD.NS            Industrials    Small Cap         74.6         82.097792                       Strong Buy (Long-Term)
GANDHITUBE.NS            Industrials    Small Cap         74.6         82.097792                       Strong Buy (Long-Term)
       IEX.NS     Financial Services    Small Cap         74.6         82.097792                       Strong Buy (Long-Term)
NAVKARCORP.NS            Industrials    Small Cap         74.5         81.808623                       Strong Buy (Long-Term)
 LORDSCHLO.NS        Basic Materials    Small Cap         74.5         81.808623                       Strong Buy (Long-Term)
  JSWSTEEL.NS        Basic Materials    Large Cap         74.5         81.808623                       Strong Buy (Long-Term)
      ONGC.NS                 Energy    Large Cap         74.5         81.808623                       Strong Buy (Long-Term)
 GLOBUSSPR.NS     Consumer Defensive    Small Cap         74.5         81.808623                       Strong Buy (Long-Term)
HAPPYFORGE.NS            Industrials    Small Cap         74.5         81.808623                       Strong Buy (Long-Term)
   FRACTAL.NS             Technology    Small Cap         74.5         81.808623                       Strong Buy (Long-Term)
      KPIL.NS            Industrials    Small Cap         74.4         81.545741                       Strong Buy (Long-Term)
      NPST.NS             Technology    Small Cap         74.4         81.545741                       Strong Buy (Long-Term)
      BEPL.NS        Basic Materials    Small Cap         74.4         81.545741                       Strong Buy (Long-Term)
       MOL.NS        Basic Materials    Small Cap         74.3         81.335436                       Strong Buy (Long-Term)
     ROUTE.NS Communication Services    Small Cap         74.3         81.335436                       Strong Buy (Long-Term)
 BALUFORGE.NS            Industrials    Small Cap         74.3         81.335436                       Strong Buy (Long-Term)
  PRECWIRE.NS            Industrials    Small Cap         74.3         81.335436                       Strong Buy (Long-Term)
  PROSTARM.NS            Industrials    Small Cap         74.3         81.335436                       Strong Buy (Long-Term)
ORIENTELEC.NS      Consumer Cyclical    Small Cap         74.2         81.072555                       Strong Buy (Long-Term)
       KPL.NS                    NaN    Small Cap         74.2         81.072555                       Strong Buy (Long-Term)
 GOKULAGRO.NS     Consumer Defensive    Small Cap         74.2         81.072555                       Strong Buy (Long-Term)
      PPAP.NS      Consumer Cyclical    Small Cap         74.2         81.072555                       Strong Buy (Long-Term)
BANDHANBNK.NS     Financial Services      Mid Cap         74.2         81.072555                       Strong Buy (Long-Term)
NAVINFLUOR.NS        Basic Materials      Mid Cap         74.1         80.809674                       Strong Buy (Long-Term)
      SAIL.NS        Basic Materials      Mid Cap         74.1         80.809674                       Strong Buy (Long-Term)
 SAHLIBHFI.NS     Financial Services    Small Cap         74.1         80.809674                       Strong Buy (Long-Term)
  DIVISLAB.NS             Healthcare    Large Cap         74.1         80.809674                       Strong Buy (Long-Term)
    RMDRIP.NS            Industrials    Small Cap         74.1         80.809674                       Strong Buy (Long-Term)
 PRICOLLTD.NS      Consumer Cyclical    Small Cap         74.0         80.625657                       Strong Buy (Long-Term)
      JSFB.NS     Financial Services    Small Cap         74.0         80.625657                       Strong Buy (Long-Term)
  AXISBANK.NS     Financial Services    Large Cap         73.9         80.494217                       Strong Buy (Long-Term)
  KENNAMET.NS            Industrials    Small Cap         73.9         80.494217                       Strong Buy (Long-Term)
HONDAPOWER.NS            Industrials    Small Cap         73.9         80.494217                       Strong Buy (Long-Term)
      MGEL.NS     Consumer Defensive    Small Cap         73.8         80.283912                       Strong Buy (Long-Term)
CAPITALSFB.NS     Financial Services    Small Cap         73.8         80.283912                       Strong Buy (Long-Term)
      KMEW.NS            Industrials    Small Cap         73.8         80.283912                       Strong Buy (Long-Term)
     FLAIR.NS            Industrials    Small Cap         73.8         80.283912                       Strong Buy (Long-Term)
     IOLCP.NS             Healthcare    Small Cap         73.8         80.283912                       Strong Buy (Long-Term)
      RVTH.NS            Industrials    Small Cap         73.7         80.073607                       Strong Buy (Long-Term)
JAYNECOIND.NS        Basic Materials    Small Cap         73.7         80.073607                       Strong Buy (Long-Term)
MAITHANALL.NS        Basic Materials    Small Cap         73.7         80.073607                       Strong Buy (Long-Term)
ENGINERSIN.NS            Industrials    Small Cap         73.6         79.915878                                   Accumulate
  JNKINDIA.NS            Industrials    Small Cap         73.6         79.915878                                   Accumulate
    MASTEK.NS             Technology    Small Cap         73.6         79.915878                                   Accumulate
    RPTECH.NS             Technology    Small Cap         73.5         79.784437                                   Accumulate
KAMATHOTEL.NS      Consumer Cyclical    Small Cap         73.5         79.784437                                   Accumulate
ARROWGREEN.NS      Consumer Cyclical    Small Cap         73.4         79.679285                                   Accumulate
    ADVAIT.NS            Industrials    Small Cap         73.4         79.679285                                   Accumulate
     CUPID.NS     Consumer Defensive      Mid Cap         73.3         79.495268                                   Accumulate
 NAM-INDIA.NS     Financial Services      Mid Cap         73.3         79.495268                                   Accumulate
 LUMAXTECH.NS      Consumer Cyclical    Small Cap         73.3         79.495268                                   Accumulate
   RKSWAMY.NS Communication Services    Small Cap         73.3         79.495268                                   Accumulate
LLOYDSENGG.NS            Industrials    Small Cap         73.3         79.495268                                   Accumulate
  GANESHBE.NS        Basic Materials    Small Cap         73.2         79.311251                                   Accumulate
   IFBAGRO.NS     Consumer Defensive    Small Cap         73.2         79.311251                                   Accumulate
 RATNAVEER.NS        Basic Materials    Small Cap         73.1         79.206099                                   Accumulate
 ALPINETEX.NS      Consumer Cyclical    Small Cap         73.1         79.206099                                   Accumulate
    CAMPUS.NS      Consumer Cyclical    Small Cap         73.0         79.074658                                   Accumulate
      DJML.NS            Industrials    Small Cap         73.0         79.074658                                   Accumulate
  LOTUSDEV.NS            Industrials    Small Cap         73.0         79.074658                                   Accumulate
      LTTS.NS             Technology      Mid Cap         72.9         78.864353                                   Accumulate
  SAHYADRI.NS            Industrials    Small Cap         72.9         78.864353                                   Accumulate
MANAKSTEEL.NS        Basic Materials    Small Cap         72.9         78.864353                                   Accumulate
       IVP.NS        Basic Materials    Small Cap         72.9         78.864353                                   Accumulate
FEDDERSHOL.NS                    NaN    Small Cap         72.9         78.864353                                   Accumulate
DAMCAPITAL.NS     Financial Services    Small Cap         72.8         78.654048                                   Accumulate
      ICRA.NS     Financial Services    Small Cap         72.8         78.654048                                   Accumulate
     GROWW.NS     Financial Services    Large Cap         72.8         78.654048                                   Accumulate
   ASHIKAG.NS                    NaN    Small Cap         72.7         78.548896                                   Accumulate
HAWKINCOOK.NS      Consumer Cyclical    Small Cap         72.6         78.364879                                   Accumulate
  LEMERITE.NS      Consumer Cyclical    Small Cap         72.6         78.364879                                   Accumulate
       HEG.NS            Industrials    Small Cap         72.6         78.364879                                   Accumulate
    PFIZER.NS             Healthcare    Small Cap         72.6         78.364879                                   Accumulate
  EUROBOND.NS            Industrials    Small Cap         72.6         78.364879                                   Accumulate
 ORIENTCER.NS        Basic Materials    Small Cap         72.6         78.364879                                   Accumulate
       AGI.NS      Consumer Cyclical    Small Cap         72.5         78.023134                                   Accumulate
BANCOINDIA.NS      Consumer Cyclical    Small Cap         72.5         78.023134                                   Accumulate
APOLLOTYRE.NS      Consumer Cyclical      Mid Cap         72.5         78.023134                                   Accumulate
  FORCEMOT.NS      Consumer Cyclical    Small Cap         72.5         78.023134                                   Accumulate
 BRIGHOTEL.NS      Consumer Cyclical    Small Cap         72.5         78.023134                                   Accumulate
  ICICIAMC.NS     Financial Services    Large Cap         72.5         78.023134                                   Accumulate
BMWVENTLTD.NS        Basic Materials    Small Cap         72.5         78.023134                                   Accumulate
   DPWIRES.NS            Industrials    Small Cap         72.4         77.786540                                   Accumulate
  GAYAPROJ.NS            Industrials    Small Cap         72.4         77.786540                                   Accumulate
  SAREGAMA.NS Communication Services    Small Cap         72.3         77.549947                                   Accumulate
 INOXINDIA.NS            Industrials    Small Cap         72.3         77.549947                                   Accumulate
     DBEIL.NS            Industrials    Small Cap         72.3         77.549947                                   Accumulate
  CIEINDIA.NS      Consumer Cyclical    Small Cap         72.3         77.549947                                   Accumulate
   GLOTTIS.NS            Industrials    Small Cap         72.3         77.549947                                   Accumulate
  KPIGREEN.NS              Utilities    Small Cap         72.3         77.549947                                   Accumulate
       FSL.NS             Technology    Small Cap         72.3         77.549947                                   Accumulate
    CORONA.NS             Healthcare    Small Cap         72.2         77.260778                                   Accumulate
  INDHOTEL.NS      Consumer Cyclical    Large Cap         72.2         77.260778                                   Accumulate
      PGIL.NS      Consumer Cyclical    Small Cap         72.2         77.260778                                   Accumulate
  AVONMORE.NS     Financial Services    Small Cap         72.2         77.260778                                   Accumulate
  GALAPREC.NS            Industrials    Small Cap         72.1         77.103049                                   Accumulate
  SBIFUNDS.NS     Financial Services    Large Cap         72.1         77.103049                                   Accumulate
   PANACHE.NS             Technology    Small Cap         72.0         76.997897                                   Accumulate
      HSCL.NS        Basic Materials      Mid Cap         72.0         76.997897                                   Accumulate
     SAKAR.NS             Healthcare    Small Cap         71.9         76.787592                                   Accumulate
      AIIL.NS     Financial Services      Mid Cap         71.9         76.787592                                   Accumulate
   FILATEX.NS      Consumer Cyclical    Small Cap         71.9         76.787592                                   Accumulate
    IFBIND.NS      Consumer Cyclical    Small Cap         71.9         76.787592                                   Accumulate
      AFIL.NS     Financial Services    Small Cap         71.9         76.787592                                   Accumulate
  GOODYEAR.NS      Consumer Cyclical    Small Cap         71.9         76.787592                                   Accumulate
 MATRIMONY.NS Communication Services    Small Cap         71.8         76.498423                                   Accumulate
    CPPLUS.NS            Industrials      Mid Cap         71.8         76.498423                                   Accumulate
   SANDHAR.NS      Consumer Cyclical    Small Cap         71.8         76.498423                                   Accumulate
BHARATGEAR.NS      Consumer Cyclical    Small Cap         71.8         76.498423                                   Accumulate
 CINEVISTA.NS Communication Services    Small Cap         71.8         76.498423                                   Accumulate
   FABTECH.NS             Healthcare    Small Cap         71.7         76.209253                                   Accumulate
   MPHASIS.NS             Technology      Mid Cap         71.7         76.209253                                   Accumulate
       PSB.NS     Financial Services    Small Cap         71.7         76.209253                                   Accumulate
    DYNPRO.NS        Basic Materials    Small Cap         71.7         76.209253                                   Accumulate
LAMBODHARA.NS      Consumer Cyclical    Small Cap         71.7         76.209253                                   Accumulate
  EXIDEIND.NS      Consumer Cyclical      Mid Cap         71.7         76.209253                                   Accumulate
 GRINDWELL.NS            Industrials    Small Cap         71.6         76.025237                                   Accumulate
ATLANTAELE.NS            Industrials    Small Cap         71.5         75.972660                                   Accumulate
     DIXON.NS             Technology      Mid Cap         71.4         75.814932                                   Accumulate
HARIOMPIPE.NS        Basic Materials    Small Cap         71.4         75.814932                                   Accumulate
  CCAVENUE.NS             Technology    Small Cap         71.4         75.814932                                   Accumulate
GRWRHITECH.NS        Basic Materials    Small Cap         71.4         75.814932                                   Accumulate
NRBBEARING.NS      Consumer Cyclical    Small Cap         71.4         75.814932                                   Accumulate
  HDFCBANK.NS     Financial Services    Large Cap         71.3         75.552050                                   Accumulate
KOTHARIPET.NS        Basic Materials    Small Cap         71.3         75.552050                                   Accumulate
INDIAGLYCO.NS        Basic Materials    Small Cap         71.3         75.552050                                   Accumulate
 IRMENERGY.NS              Utilities    Small Cap         71.3         75.552050                                   Accumulate
 MANGLMCEM.NS        Basic Materials    Small Cap         71.3         75.552050                                   Accumulate
METROPOLIS.NS             Healthcare    Small Cap         71.2         75.368034                                   Accumulate
    AUBANK.NS     Financial Services      Mid Cap         71.2         75.368034                                   Accumulate
   BAIDFIN.NS     Financial Services    Small Cap         71.1         75.262881                                   Accumulate
   BIMETAL.NS      Consumer Cyclical    Small Cap         71.1         75.262881                                   Accumulate
    JKTYRE.NS      Consumer Cyclical    Small Cap         71.0         75.184017                                   Accumulate
      BETA.NS             Healthcare    Small Cap         70.8         75.131441                                   Accumulate
   BLUEJET.NS             Healthcare    Small Cap         70.7         74.973712                                   Accumulate
 JAYAGROGN.NS        Basic Materials    Small Cap         70.7         74.973712                                   Accumulate
     MOKSH.NS      Consumer Cyclical    Small Cap         70.7         74.973712                                   Accumulate
     RAMKY.NS            Industrials    Small Cap         70.7         74.973712                                   Accumulate
  LUMAXIND.NS      Consumer Cyclical    Small Cap         70.7         74.973712                                   Accumulate
     SEMAC.NS            Industrials    Small Cap         70.6         74.684543                                   Accumulate
     PNGJL.NS      Consumer Cyclical    Small Cap         70.6         74.684543                                   Accumulate
      NILE.NS                    NaN    Small Cap         70.6         74.684543                                   Accumulate
  ATALREAL.NS            Industrials    Small Cap         70.6         74.684543                                   Accumulate
      NHPC.NS              Utilities      Mid Cap         70.6         74.684543                                   Accumulate
  JUSTDIAL.NS Communication Services    Small Cap         70.6         74.684543                                   Accumulate
GODREJPROP.NS            Real Estate      Mid Cap         70.5         74.421661                                   Accumulate
   NDRAUTO.NS      Consumer Cyclical    Small Cap         70.5         74.421661                                   Accumulate
   KSHINTL.NS            Industrials    Small Cap         70.5         74.421661                                   Accumulate
EIMCOELECO.NS            Industrials    Small Cap         70.5         74.421661                                   Accumulate
DDEVPLSTIK.NS        Basic Materials    Small Cap         70.4         74.211356                                   Accumulate
 KLBRENG-B.NS                    NaN    Small Cap         70.4         74.211356                                   Accumulate
 KIRLOSIND.NS            Industrials    Small Cap         70.4         74.211356                                   Accumulate
 ESABINDIA.NS            Industrials    Small Cap         70.4         74.211356                                   Accumulate
    MARICO.NS     Consumer Defensive    Large Cap         70.3         74.027340                                   Accumulate
       BCG.NS Communication Services    Small Cap         70.3         74.027340                                   Accumulate
   PAGEIND.NS      Consumer Cyclical      Mid Cap         70.3         74.027340                                   Accumulate
 PARAGMILK.NS     Consumer Defensive    Small Cap         70.2         73.843323                                   Accumulate
SESHAPAPER.NS        Basic Materials    Small Cap         70.2         73.843323                                   Accumulate
   PRUDENT.NS     Financial Services    Small Cap         70.2         73.843323                                   Accumulate
     EFCIL.NS            Real Estate    Small Cap         70.2         73.843323                                   Accumulate
      ISFT.NS      Consumer Cyclical    Small Cap         70.1         73.606730                                   Accumulate
PHOENIXLTD.NS            Real Estate      Mid Cap         70.1         73.606730                                   Accumulate
 GPTHEALTH.NS             Healthcare    Small Cap         70.1         73.606730                                   Accumulate
      KSCL.NS        Basic Materials    Small Cap         70.1         73.606730                                   Accumulate
    SCHAND.NS Communication Services    Small Cap         70.1         73.606730                                   Accumulate
   GRAVITA.NS            Industrials    Small Cap         70.0         73.343849                                   Accumulate
       JMA.NS      Consumer Cyclical    Small Cap         70.0         73.343849                                   Accumulate
     CPCAP.NS     Financial Services    Small Cap         70.0         73.343849                                   Accumulate
 SAGARDEEP.NS        Basic Materials    Small Cap         70.0         73.343849                                   Accumulate
   LATTEYS.NS            Industrials    Small Cap         70.0         73.343849                                   Accumulate
AMRUTANJAN.NS             Healthcare    Small Cap         69.9         73.159832                                   Accumulate
    JGCHEM.NS        Basic Materials    Small Cap         69.9         73.159832                                   Accumulate
   AMNPLST.NS        Basic Materials    Small Cap         69.8         73.002103                                   Accumulate
   ABSLAMC.NS     Financial Services      Mid Cap         69.8         73.002103                                   Accumulate
  CARTRADE.NS      Consumer Cyclical    Small Cap         69.8         73.002103                                   Accumulate
   RRKABEL.NS            Industrials      Mid Cap         69.8         73.002103                                   Accumulate
INDIASHLTR.NS     Financial Services    Small Cap         69.7         72.739222                                   Accumulate
       KEI.NS            Industrials      Mid Cap         69.7         72.739222                                   Accumulate
 NITINSPIN.NS      Consumer Cyclical    Small Cap         69.7         72.739222                                   Accumulate
     NESCO.NS            Industrials    Small Cap         69.7         72.739222                                   Accumulate
   ELDEHSG.NS            Real Estate    Small Cap         69.7         72.739222                                   Accumulate
   BOROSCI.NS      Consumer Cyclical    Small Cap         69.7         72.739222                                   Accumulate
  EPACKPEB.NS            Industrials    Small Cap         69.6         72.502629                                   Accumulate
   PYRAMID.NS      Consumer Cyclical    Small Cap         69.6         72.502629                                   Accumulate
  PARADEEP.NS        Basic Materials    Small Cap         69.6         72.502629                                   Accumulate
  BANSWRAS.NS      Consumer Cyclical    Small Cap         69.5         72.292324                                   Accumulate
 ICICIBANK.NS     Financial Services    Large Cap         69.5         72.292324                                   Accumulate
 GOYALALUM.NS        Basic Materials    Small Cap         69.5         72.292324                                   Accumulate
CORDSCABLE.NS            Industrials    Small Cap         69.5         72.292324                                   Accumulate
3BBLACKBIO.NS                    NaN    Small Cap         69.5         72.292324                                   Accumulate
BERGEPAINT.NS        Basic Materials      Mid Cap         69.4         72.108307                                   Accumulate
     MODIS.NS            Real Estate    Small Cap         69.4         72.108307                                   Accumulate
SCHAEFFLER.NS      Consumer Cyclical      Mid Cap         69.3         71.845426                                   Accumulate
PSPPROJECT.NS            Industrials    Small Cap         69.3         71.845426                                   Accumulate
 GUJALKALI.NS        Basic Materials    Small Cap         69.3         71.845426                                   Accumulate
       M&M.NS      Consumer Cyclical    Large Cap         69.3         71.845426                                   Accumulate
    GEECEE.NS            Real Estate    Small Cap         69.3         71.845426                                   Accumulate
 MOLDTKPAC.NS      Consumer Cyclical    Small Cap         69.3         71.845426                                   Accumulate
       MMP.NS        Basic Materials    Small Cap         69.3         71.845426                                   Accumulate
JUBLINGREA.NS        Basic Materials    Small Cap         69.3         71.845426                                   Accumulate
   AUTOIND.NS      Consumer Cyclical    Small Cap         69.2         71.529968                                   Accumulate
      RPPL.NS      Consumer Cyclical    Small Cap         69.2         71.529968                                   Accumulate
     EBGNG.NS             Technology    Small Cap         69.2         71.529968                                   Accumulate
   PRADPME.NS                    NaN    Small Cap         69.2         71.529968                                   Accumulate
  RAMBHAJO.NS      Consumer Cyclical    Small Cap         69.1         71.372240                                   Accumulate
PAUSHAKLTD.NS        Basic Materials    Small Cap         69.1         71.372240                                   Accumulate
 MEDICAMEQ.NS             Healthcare    Small Cap         69.0         71.161935                                   Accumulate
   ACUTAAS.NS        Basic Materials      Mid Cap         69.0         71.161935                                   Accumulate
 JYOTHYLAB.NS     Consumer Defensive    Small Cap         69.0         71.161935                                   Accumulate
      ALPA.NS             Healthcare    Small Cap         69.0         71.161935                                   Accumulate
 INTELLECT.NS             Technology    Small Cap         69.0         71.161935                                   Accumulate
  DHANBANK.NS     Financial Services    Small Cap         69.0         71.161935                                   Accumulate
      RPEL.NS        Basic Materials    Small Cap         68.9         70.977918                                   Accumulate
  POWERICA.NS            Industrials    Small Cap         68.8         70.872766                                   Accumulate
POWERINDIA.NS            Industrials    Large Cap         68.8         70.872766                                   Accumulate
     JKIPL.NS            Industrials    Small Cap         68.8         70.872766                                   Accumulate
 BHAGYANGR.NS        Basic Materials    Small Cap         68.7         70.662461                                   Accumulate
  ANGELONE.NS     Financial Services      Mid Cap         68.7         70.662461                                   Accumulate
ANANDRATHI.NS     Financial Services      Mid Cap         68.7         70.662461                                   Accumulate
    NAZARA.NS Communication Services    Small Cap         68.7         70.662461                                   Accumulate
  RAJRATAN.NS        Basic Materials    Small Cap         68.7         70.662461                                   Accumulate
  AJAXENGG.NS            Industrials    Small Cap         68.6         70.452156                                   Accumulate
 CREDITACC.NS     Financial Services      Mid Cap         68.6         70.452156                                   Accumulate
      DSSL.NS             Technology    Small Cap         68.6         70.452156                                   Accumulate
PLAZACABLE.NS            Industrials    Small Cap         68.5         70.241851                                   Accumulate
KALYANKJIL.NS      Consumer Cyclical      Mid Cap         68.5         70.241851                                   Accumulate
APOLLOHOSP.NS             Healthcare    Large Cap         68.5         70.241851                                   Accumulate
CHENNPETRO.NS                 Energy    Small Cap         68.5         70.241851                                   Accumulate
ADANIPORTS.NS            Industrials    Large Cap         68.5         70.241851                                   Accumulate
  GOODLUCK.NS        Basic Materials    Small Cap         68.4         70.005258                                   Accumulate
   CHEMCON.NS        Basic Materials    Small Cap         68.4         70.005258                                   Accumulate
   SARDAEN.NS        Basic Materials    Small Cap         68.4         70.005258                                   Accumulate
 INGERRAND.NS            Industrials    Small Cap         68.4         70.005258                                   Accumulate
      SEPC.NS            Industrials    Small Cap         68.3         69.821241                                   Accumulate
NATCOPHARM.NS             Healthcare    Small Cap         68.3         69.821241                                   Accumulate
ASIANPAINT.NS        Basic Materials    Large Cap         68.3         69.821241                                   Accumulate
 LLOYDSENT.NS        Basic Materials    Small Cap         68.2         69.689800                                   Accumulate
 ASPINWALL.NS     Consumer Defensive    Small Cap         68.2         69.689800                                   Accumulate
   PLATIND.NS        Basic Materials    Small Cap         68.1         69.532072                                   Accumulate
GREAVESCOT.NS            Industrials    Small Cap         68.1         69.532072                                   Accumulate
  APARINDS.NS            Industrials      Mid Cap         68.1         69.532072                                   Accumulate
    KOPRAN.NS             Healthcare    Small Cap         68.1         69.532072                                   Accumulate
       CCL.NS     Consumer Defensive    Small Cap         68.0         69.321767                                   Accumulate
  BFINVEST.NS     Financial Services    Small Cap         68.0         69.321767                                   Accumulate
ECOSMOBLTY.NS            Industrials    Small Cap         68.0         69.321767                                   Accumulate
ASTRAMICRO.NS             Technology    Small Cap         68.0         69.321767                                   Accumulate
   HINDCON.NS        Basic Materials    Small Cap         67.8         69.085174                                   Accumulate
  INTLCONV.NS            Industrials    Small Cap         67.8         69.085174                                   Accumulate
      IGCL.NS        Basic Materials    Small Cap         67.8         69.085174                                   Accumulate
 ASHOKAMET.NS        Basic Materials    Small Cap         67.8         69.085174                                   Accumulate
CASTROLIND.NS                 Energy    Small Cap         67.8         69.085174                                   Accumulate
  AEROFLEX.NS            Industrials    Small Cap         67.7         68.848580                                   Accumulate
       AVG.NS            Industrials    Small Cap         67.7         68.848580                                   Accumulate
      DOMS.NS            Industrials    Small Cap         67.7         68.848580                                   Accumulate
EIHAHOTELS.NS      Consumer Cyclical    Small Cap         67.7         68.848580                                   Accumulate
  PIXTRANS.NS            Industrials    Small Cap         67.6         68.690852                                   Accumulate
    HONAUT.NS            Industrials      Mid Cap         67.6         68.690852                                   Accumulate
      IIFL.NS     Financial Services      Mid Cap         67.5         68.086225                                   Accumulate
 SANGAMIND.NS      Consumer Cyclical    Small Cap         67.5         68.086225                                   Accumulate
      IDEA.NS Communication Services    Large Cap         67.5         68.086225                                   Accumulate
     SATIN.NS     Financial Services    Small Cap         67.5         68.086225                                   Accumulate
  NILKAMAL.NS      Consumer Cyclical    Small Cap         67.5         68.086225                                   Accumulate
  NORTHARC.NS     Financial Services    Small Cap         67.5         68.086225                                   Accumulate
    MASFIN.NS     Financial Services    Small Cap         67.5         68.086225                                   Accumulate
    M&MFIN.NS     Financial Services      Mid Cap         67.5         68.086225                                   Accumulate
     MANBA.NS     Financial Services    Small Cap         67.5         68.086225                                   Accumulate
      CGCL.NS     Financial Services    Small Cap         67.5         68.086225                                   Accumulate
    MITCON.NS            Industrials    Small Cap         67.5         68.086225                                   Accumulate
    NURECA.NS             Healthcare    Small Cap         67.5         68.086225                                   Accumulate
   FEDFINA.NS     Financial Services    Small Cap         67.5         68.086225                                   Accumulate
GOLDENTOBC.NS     Consumer Defensive    Small Cap         67.5         68.086225                                   Accumulate
       AYE.NS     Financial Services    Small Cap         67.5         68.086225                                   Accumulate
     HDBFS.NS     Financial Services      Mid Cap         67.5         68.086225                                   Accumulate
    REGAAL.NS     Consumer Defensive    Small Cap         67.5         68.086225                                   Accumulate
 BLACKROSE.NS                    NaN    Small Cap         67.5         68.086225                                   Accumulate
    JTLIND.NS        Basic Materials    Small Cap         67.5         68.086225                                   Accumulate
  BHARATSE.NS      Consumer Cyclical    Small Cap         67.5         68.086225                                   Accumulate
     HUDCO.NS     Financial Services      Mid Cap         67.5         68.086225                                   Accumulate
      SBFC.NS     Financial Services    Small Cap         67.4         67.429022                                   Accumulate
PRITIKAUTO.NS            Industrials    Small Cap         67.4         67.429022                                   Accumulate
     ENRIN.NS              Utilities    Large Cap         67.4         67.429022                                   Accumulate
     ARIES.NS        Basic Materials    Small Cap         67.4         67.429022                                   Accumulate
   SANDESH.NS Communication Services    Small Cap         67.3         67.271293                                   Accumulate
NAGREEKCAP.NS     Financial Services    Small Cap         67.3         67.271293                                   Accumulate
       ITC.NS     Consumer Defensive    Large Cap         67.2         67.166141                                   Accumulate
   J&KBANK.NS     Financial Services    Small Cap         67.2         67.166141                                   Accumulate
    AETHER.NS        Basic Materials    Small Cap         67.1         66.903260                                   Accumulate
    JAGRAN.NS Communication Services    Small Cap         67.1         66.903260                                   Accumulate
    JIOFIN.NS     Financial Services    Large Cap         67.1         66.903260                                   Accumulate
   BAFNAPH.NS             Healthcare    Small Cap         67.1         66.903260                                   Accumulate
KEYFINSERV.NS     Financial Services    Small Cap         67.1         66.903260                                   Accumulate
     APTUS.NS     Financial Services    Small Cap         67.1         66.903260                                   Accumulate
   GMDCLTD.NS                 Energy    Small Cap         67.1         66.903260                                   Accumulate
     RITES.NS            Industrials    Small Cap         67.1         66.903260                                   Accumulate
 NESTLEIND.NS     Consumer Defensive    Large Cap         67.0         66.614090                                   Accumulate
 SAATVIKGL.NS             Technology    Small Cap         67.0         66.614090                                   Accumulate
OSWALSEEDS.NS        Basic Materials    Small Cap         67.0         66.614090                                   Accumulate
    HARSHA.NS            Industrials    Small Cap         66.9         66.324921                                   Accumulate
   GATEWAY.NS            Industrials    Small Cap         66.9         66.324921                                   Accumulate
SARVESHWAR.NS     Consumer Defensive    Small Cap         66.9         66.324921                                   Accumulate
 HOMEFIRST.NS     Financial Services    Small Cap         66.9         66.324921                                   Accumulate
 PREMEXPLN.NS        Basic Materials    Small Cap         66.9         66.324921                                   Accumulate
RANEHOLDIN.NS      Consumer Cyclical    Small Cap         66.9         66.324921                                   Accumulate
METROBRAND.NS      Consumer Cyclical      Mid Cap         66.9         66.324921                                   Accumulate
    LXCHEM.NS        Basic Materials    Small Cap         66.9         66.324921                                   Accumulate
     FOCUS.NS      Consumer Cyclical    Small Cap         66.8         66.009464                                   Accumulate
NAVNETEDUL.NS Communication Services    Small Cap         66.8         66.009464                                   Accumulate
AFFORDABLE.NS            Industrials    Small Cap         66.8         66.009464                                   Accumulate
PALASHSECU.NS     Consumer Defensive    Small Cap         66.8         66.009464                                   Accumulate
      SCPL.NS     Consumer Defensive    Small Cap         66.7         65.772871                                   Accumulate
      ARIS.NS            Industrials    Small Cap         66.7         65.772871                                   Accumulate
NEULANDLAB.NS             Healthcare    Small Cap         66.7         65.772871                                   Accumulate
RADHIKAJWE.NS      Consumer Cyclical    Small Cap         66.7         65.772871                                   Accumulate
     AIRAN.NS             Technology    Small Cap         66.7         65.772871                                   Accumulate
      IDBI.NS     Financial Services      Mid Cap         66.6         65.615142                                   Accumulate
      HEXT.NS             Technology      Mid Cap         66.5         65.457413                                   Accumulate
    MAHEPC.NS            Industrials    Small Cap         66.5         65.457413                                   Accumulate
LAXMIINDIA.NS     Financial Services    Small Cap         66.5         65.457413                                   Accumulate
 COALINDIA.NS                 Energy    Large Cap         66.5         65.457413                                   Accumulate
     EMKAY.NS     Financial Services    Small Cap         66.5         65.457413                                   Accumulate
LAURUSLABS.NS             Healthcare      Mid Cap         66.4         65.141956                                   Accumulate
     PARAS.NS            Industrials    Small Cap         66.4         65.141956                                   Accumulate
  ATULAUTO.NS      Consumer Cyclical    Small Cap         66.4         65.141956                                   Accumulate
    FORTIS.NS             Healthcare      Mid Cap         66.4         65.141956                                   Accumulate
   INDBANK.NS     Financial Services    Small Cap         66.4         65.141956                                   Accumulate
     DENTA.NS            Industrials    Small Cap         66.4         65.141956                                   Accumulate
       AKI.NS      Consumer Cyclical    Small Cap         66.4         65.141956                                   Accumulate
DLINKINDIA.NS             Technology    Small Cap         66.3         64.826498                                   Accumulate
  PRIVISCL.NS        Basic Materials    Small Cap         66.3         64.826498                                   Accumulate
PDMJEPAPER.NS        Basic Materials    Small Cap         66.3         64.826498                                   Accumulate
       BEL.NS            Industrials    Large Cap         66.3         64.826498                                   Accumulate
     AURUM.NS            Real Estate    Small Cap         66.3         64.826498                                   Accumulate
 GANESHHOU.NS            Real Estate    Small Cap         66.2         64.642482                                   Accumulate
IRISDOREME.NS      Consumer Cyclical    Small Cap         66.2         64.642482                                   Accumulate
    DONEAR.NS      Consumer Cyclical    Small Cap         66.1         64.484753                                   Accumulate
INSPIRISYS.NS             Technology    Small Cap         66.1         64.484753                                   Accumulate
INDUSTOWER.NS Communication Services    Large Cap         66.1         64.484753                                   Accumulate
LATENTVIEW.NS            Industrials    Small Cap         66.1         64.484753                                   Accumulate
ALEMBICLTD.NS            Real Estate    Small Cap         66.0         64.169295                                   Accumulate
   AMBIKCO.NS      Consumer Cyclical    Small Cap         66.0         64.169295                                   Accumulate
    SANOFI.NS             Healthcare    Small Cap         66.0         64.169295                                   Accumulate
      RUPA.NS      Consumer Cyclical    Small Cap         66.0         64.169295                                   Accumulate
     DABUR.NS     Consumer Defensive      Mid Cap         66.0         64.169295                                   Accumulate
      BYKE.NS      Consumer Cyclical    Small Cap         66.0         64.169295                                   Accumulate
      ITDC.NS      Consumer Cyclical    Small Cap         66.0         64.169295                                   Accumulate
     ALKEM.NS             Healthcare      Mid Cap         66.0         64.169295                                   Accumulate
   SAILIFE.NS             Healthcare      Mid Cap         65.9         63.774974                                   Accumulate
   CHEVIOT.NS      Consumer Cyclical    Small Cap         65.9         63.774974                                   Accumulate
      OMNI.NS            Industrials    Small Cap         65.9         63.774974                                   Accumulate
 CYIENTDLM.NS            Industrials    Small Cap         65.9         63.774974                                   Accumulate
  RAJOOENG.NS            Industrials    Small Cap         65.9         63.774974                                   Accumulate
  RAMCOCEM.NS        Basic Materials    Small Cap         65.9         63.774974                                   Accumulate
     AAVAS.NS     Financial Services    Small Cap         65.9         63.774974                                   Accumulate
  ADFFOODS.NS     Consumer Defensive    Small Cap         65.8         63.433228                                   Accumulate
  AARTIIND.NS        Basic Materials    Small Cap         65.8         63.433228                                   Accumulate
AVANTIFEED.NS     Consumer Defensive    Small Cap         65.8         63.433228                                   Accumulate
 AMBALALSA.NS             Healthcare    Small Cap         65.8         63.433228                                   Accumulate
   HDFCAMC.NS     Financial Services    Large Cap         65.8         63.433228                                   Accumulate
APOLSINHOT.NS            Industrials    Small Cap         65.8         63.433228                                   Accumulate
PERSISTENT.NS             Technology      Mid Cap         65.6         63.144059                                   Accumulate
  IIFLCAPS.NS     Financial Services    Small Cap         65.6         63.144059                                   Accumulate
  EMAMIPAP.NS        Basic Materials    Small Cap         65.6         63.144059                                   Accumulate
  RELINFRA.NS              Utilities    Small Cap         65.6         63.144059                                   Accumulate
       NRL.NS            Industrials    Small Cap         65.6         63.144059                                   Accumulate
HECPROJECT.NS            Industrials    Small Cap         65.5         62.907466                                   Accumulate
   KPRMILL.NS      Consumer Cyclical      Mid Cap         65.5         62.907466                                   Accumulate
  GREENPLY.NS        Basic Materials    Small Cap         65.5         62.907466                                   Accumulate
HAPPSTMNDS.NS             Technology    Small Cap         65.5         62.907466                                   Accumulate
     ROLLT.NS            Real Estate    Small Cap         65.4         62.670873                                   Accumulate
 INOXGREEN.NS              Utilities    Small Cap         65.4         62.670873                                   Accumulate
LASERPOWER.NS            Industrials    Small Cap         65.4         62.670873                                   Accumulate
   ESCORTS.NS            Industrials      Mid Cap         65.4         62.670873                                   Accumulate
  INNOVANA.NS             Technology    Small Cap         65.4         62.670873                                   Accumulate
BANARBEADS.NS      Consumer Cyclical    Small Cap         65.3         62.434280                                   Accumulate
   DHARMAJ.NS        Basic Materials    Small Cap         65.3         62.434280                                   Accumulate
       RCF.NS        Basic Materials    Small Cap         65.3         62.434280                                   Accumulate
INNOVISION.NS            Industrials    Small Cap         65.3         62.434280                                   Accumulate
COSMOFIRST.NS      Consumer Cyclical    Small Cap         65.2         62.302839                                   Accumulate
 MINDACORP.NS      Consumer Cyclical    Small Cap         65.1         62.250263                                   Accumulate
     MSUMI.NS      Consumer Cyclical      Mid Cap         65.0         62.066246                                   Accumulate
 NATIONSTD.NS                    NaN    Small Cap         65.0         62.066246                                   Accumulate
   AHLWEST.NS      Consumer Cyclical    Small Cap         65.0         62.066246                                   Accumulate
       DEN.NS Communication Services    Small Cap         65.0         62.066246                                   Accumulate
KIRLOSBROS.NS            Industrials    Small Cap         65.0         62.066246                                   Accumulate
       FCL.NS        Basic Materials    Small Cap         65.0         62.066246                                   Accumulate
  FIBERWEB.NS      Consumer Cyclical    Small Cap         64.9         61.882229                                   Accumulate
  JINDRILL.NS                 Energy    Small Cap         64.8         61.750789                                   Accumulate
  INFOBEAN.NS             Technology    Small Cap         64.8         61.750789                                   Accumulate
    BIKAJI.NS     Consumer Defensive    Small Cap         64.8         61.750789                                   Accumulate
   SCANSTL.NS                    NaN    Small Cap         64.8         61.750789                                   Accumulate
 MANUGRAPH.NS            Industrials    Small Cap         64.7         61.566772                                   Accumulate
BAJAJHLDNG.NS     Financial Services    Large Cap         64.7         61.566772                                   Accumulate
 DIVGIITTS.NS      Consumer Cyclical    Small Cap         64.7         61.566772                                   Accumulate
JAICORPLTD.NS        Basic Materials    Small Cap         64.6         61.382755                                   Accumulate
     AFFLE.NS Communication Services    Small Cap         64.6         61.382755                                   Accumulate
BIOFILCHEM.NS             Healthcare    Small Cap         64.6         61.382755                                   Accumulate
      SETL.NS            Industrials    Small Cap         64.6         61.382755                                   Accumulate
NAHARINDUS.NS      Consumer Cyclical    Small Cap         64.5         61.225026                                   Accumulate
    NUVOCO.NS        Basic Materials    Small Cap         64.5         61.225026                                   Accumulate
       DVL.NS     Financial Services    Small Cap         64.4         61.093586                                   Accumulate
   AARTECH.NS            Industrials    Small Cap         64.4         61.093586                                   Accumulate
      BASF.NS        Basic Materials    Small Cap         64.4         61.093586                                   Accumulate
   KOTYARK.NS        Basic Materials    Small Cap         64.3         60.883281                                   Accumulate
 AURIONPRO.NS             Technology    Small Cap         64.3         60.883281                                   Accumulate
  MARATHON.NS            Real Estate    Small Cap         64.3         60.883281                                   Accumulate
KALYANIFRG.NS      Consumer Cyclical    Small Cap         64.3         60.883281                                   Accumulate
BALMLAWRIE.NS            Industrials    Small Cap         64.3         60.883281                                   Accumulate
   LAOPALA.NS      Consumer Cyclical    Small Cap         64.2         60.646688                                   Accumulate
GULFOILLUB.NS        Basic Materials    Small Cap         64.2         60.646688                                   Accumulate
ARTEMISMED.NS                    NaN    Small Cap         64.2         60.646688                                   Accumulate
      MMFL.NS            Industrials    Small Cap         64.2         60.646688                                   Accumulate
REMSONSIND.NS      Consumer Cyclical    Small Cap         64.1         60.488959                                   Accumulate
   GMRP&UI.NS                 Energy    Small Cap         64.1         60.488959                                   Accumulate
 BANARISUG.NS     Consumer Defensive    Small Cap         64.0         60.410095                                   Accumulate
MOTOGENFIN.NS            Real Estate    Small Cap         63.9         60.304942                                   Accumulate
ORIENTBELL.NS            Industrials    Small Cap         63.9         60.304942                                   Accumulate
 AEROPLANE.NS     Consumer Defensive    Small Cap         63.9         60.304942                                   Accumulate
       DCW.NS        Basic Materials    Small Cap         63.8         60.068349                                   Accumulate
PARACABLES.NS             Technology    Small Cap         63.8         60.068349                                   Accumulate
      BPCL.NS                 Energy    Large Cap         63.8         60.068349                                   Accumulate
      BLIL.NS                    NaN    Small Cap         63.8         60.068349                                   Accumulate
    BONLON.NS        Basic Materials    Small Cap         63.8         60.068349                                   Accumulate
    DOLLAR.NS      Consumer Cyclical    Small Cap         63.8         60.068349                                   Accumulate
MONTECARLO.NS      Consumer Cyclical    Small Cap         63.7         59.858044                                   Accumulate
JETFREIGHT.NS            Industrials    Small Cap         63.7         59.858044                                   Accumulate
     CROWN.NS            Industrials    Small Cap         63.6         59.726604                                   Accumulate
      EIEL.NS            Industrials    Small Cap         63.6         59.726604                                   Accumulate
       IOC.NS                 Energy    Large Cap         63.6         59.726604                                   Accumulate
    CONCOR.NS            Industrials      Mid Cap         63.5         59.490011                                   Accumulate
 MOTHERSON.NS      Consumer Cyclical    Large Cap         63.5         59.490011                                   Accumulate
   NUCLEUS.NS             Technology    Small Cap         63.5         59.490011                                   Accumulate
    HONASA.NS     Consumer Defensive    Small Cap         63.5         59.490011                                   Accumulate
PRINCEPIPE.NS            Industrials    Small Cap         63.5         59.490011                                   Accumulate
EQUITASBNK.NS     Financial Services    Small Cap         63.5         59.490011                                   Accumulate
GODFRYPHLP.NS     Consumer Defensive      Mid Cap         63.4         59.174553                                   Accumulate
      NGIL.NS     Consumer Defensive    Small Cap         63.4         59.174553                                   Accumulate
   RBLBANK.NS     Financial Services      Mid Cap         63.4         59.174553                                   Accumulate
     CLEAN.NS        Basic Materials    Small Cap         63.4         59.174553                                   Accumulate
     SGFIN.NS     Financial Services    Small Cap         63.4         59.174553                                   Accumulate
      MBEL.NS            Industrials    Small Cap         63.4         59.174553                                   Accumulate
ADVANIHOTR.NS      Consumer Cyclical    Small Cap         63.3         58.885384                                   Accumulate
     CIPLA.NS             Healthcare    Large Cap         63.3         58.885384                                   Accumulate
    MARINE.NS            Industrials    Small Cap         63.3         58.885384                                   Accumulate
   RAINBOW.NS             Healthcare    Small Cap         63.3         58.885384                                   Accumulate
 SETUINFRA.NS            Industrials    Small Cap         63.3         58.885384                                   Accumulate
  MANINFRA.NS            Industrials    Small Cap         63.2         58.675079                                   Accumulate
CANFINHOME.NS     Financial Services    Small Cap         63.2         58.675079                                   Accumulate
   SEDEMAC.NS      Consumer Cyclical    Small Cap         63.2         58.675079                                   Accumulate
       LTF.NS     Financial Services      Mid Cap         63.1         58.543638                                   Accumulate
  KRISHANA.NS        Basic Materials    Small Cap         63.1         58.543638                                   Accumulate
    RAMRAT.NS            Industrials    Small Cap         63.0         58.333333                                   Accumulate
METROGLOBL.NS            Industrials    Small Cap         63.0         58.333333                                   Accumulate
 RNBDENIMS.NS      Consumer Cyclical    Small Cap         63.0         58.333333                                   Accumulate
   OLECTRA.NS            Industrials    Small Cap         63.0         58.333333                                   Accumulate
GREENPOWER.NS              Utilities    Small Cap         63.0         58.333333                                   Accumulate
PONNIERODE.NS     Consumer Defensive    Small Cap         63.0         58.333333                                   Accumulate
   EIHOTEL.NS      Consumer Cyclical    Small Cap         62.9         58.070452                                   Accumulate
      KKCL.NS      Consumer Cyclical    Small Cap         62.9         58.070452                                   Accumulate
 AMBUJACEM.NS        Basic Materials    Large Cap         62.9         58.070452                                   Accumulate
       KRN.NS             Technology    Small Cap         62.9         58.070452                                   Accumulate
   SANSERA.NS      Consumer Cyclical    Small Cap         62.8         57.833859                                   Accumulate
     IMPAL.NS      Consumer Cyclical    Small Cap         62.8         57.833859                                   Accumulate
BAJAJHCARE.NS             Healthcare    Small Cap         62.8         57.833859                                   Accumulate
     CELLO.NS      Consumer Cyclical    Small Cap         62.8         57.833859                                   Accumulate
    SGMART.NS            Industrials    Small Cap         62.8         57.833859                                   Accumulate
 BODALCHEM.NS        Basic Materials    Small Cap         62.7         57.597266                                   Accumulate
  ONEPOINT.NS            Industrials    Small Cap         62.7         57.597266                                   Accumulate
 AADHARHFC.NS     Financial Services    Small Cap         62.7         57.597266                                   Accumulate
GENUSPAPER.NS        Basic Materials    Small Cap         62.7         57.597266                                   Accumulate
KHAITANLTD.NS            Industrials    Small Cap         62.6         57.360673                                   Accumulate
  RATEGAIN.NS             Technology    Small Cap         62.6         57.360673                                   Accumulate
PUNJABCHEM.NS        Basic Materials    Small Cap         62.6         57.360673                                   Accumulate
  ASIANENE.NS                 Energy    Small Cap         62.6         57.360673                                   Accumulate
   BELRISE.NS      Consumer Cyclical    Small Cap         62.6         57.360673                                   Accumulate
   GABRIEL.NS      Consumer Cyclical      Mid Cap         62.5         57.150368                                   Accumulate
CORALFINAC.NS            Real Estate    Small Cap         62.5         57.150368                                   Accumulate
      RACE.NS            Industrials    Small Cap         62.5         57.150368                                   Accumulate
    NAUKRI.NS Communication Services      Mid Cap         62.4         56.966351                                   Accumulate
 SERVOTECH.NS            Industrials    Small Cap         62.4         56.966351                                   Accumulate
  MOTISONS.NS      Consumer Cyclical    Small Cap         62.4         56.966351                                   Accumulate
 DIGIDRIVE.NS      Consumer Cyclical    Small Cap         62.4         56.966351                                   Accumulate
  AEGISLOG.NS                 Energy      Mid Cap         62.3         56.650894                                   Accumulate
      SHAH.NS        Basic Materials    Small Cap         62.3         56.650894                                   Accumulate
  CMRGREEN.NS        Basic Materials    Small Cap         62.3         56.650894                                   Accumulate
  BLUEDART.NS            Industrials    Small Cap         62.3         56.650894                                   Accumulate
 INDNIPPON.NS      Consumer Cyclical    Small Cap         62.3         56.650894                                   Accumulate
  BOSCHLTD.NS      Consumer Cyclical    Large Cap         62.3         56.650894                                   Accumulate
     INDGN.NS             Healthcare    Small Cap         62.3         56.650894                                   Accumulate
 20MICRONS.NS        Basic Materials    Small Cap         62.3         56.650894                                   Accumulate
   RAMAPHO.NS        Basic Materials    Small Cap         62.2         56.388013                                   Accumulate
MAPMYINDIA.NS             Technology    Small Cap         62.2         56.388013                                   Accumulate
 INTERARCH.NS            Industrials    Small Cap         62.1         56.230284                                   Accumulate
  CINELINE.NS Communication Services    Small Cap         62.1         56.230284                                   Accumulate
  GILLETTE.NS     Consumer Defensive    Small Cap         62.1         56.230284                                   Accumulate
   LINCOLN.NS             Healthcare    Small Cap         62.1         56.230284                                   Accumulate
      APEX.NS     Consumer Defensive    Small Cap         62.0         56.072555                                   Accumulate
    SAKUMA.NS     Consumer Defensive    Small Cap         62.0         56.072555                                   Accumulate
KSHITIJPOL.NS            Industrials    Small Cap         61.9         55.993691                                   Accumulate
ICICIPRULI.NS     Financial Services      Mid Cap         61.8         55.835962                                   Accumulate
  GUFICBIO.NS             Healthcare    Small Cap         61.8         55.835962                                   Accumulate
  AGROPHOS.NS        Basic Materials    Small Cap         61.8         55.835962                                   Accumulate
  PATELENG.NS            Industrials    Small Cap         61.8         55.835962                                   Accumulate
    AVALON.NS             Technology    Small Cap         61.8         55.835962                                   Accumulate
    SASKEN.NS             Technology    Small Cap         61.7         55.599369                                   Accumulate
MADRASFERT.NS        Basic Materials    Small Cap         61.7         55.599369                                   Accumulate
   KAPSTON.NS            Industrials    Small Cap         61.7         55.599369                                   Accumulate
     MUKKA.NS     Consumer Defensive    Small Cap         61.7         55.599369                                   Accumulate
 DIGISPICE.NS     Financial Services    Small Cap         61.6         55.310200                                   Accumulate
     QUINT.NS                    NaN    Small Cap         61.6         55.310200                                   Accumulate
       IPL.NS        Basic Materials    Small Cap         61.6         55.310200                                   Accumulate
  EIDPARRY.NS        Basic Materials    Small Cap         61.6         55.310200                                   Accumulate
 ENDURANCE.NS      Consumer Cyclical      Mid Cap         61.6         55.310200                                   Accumulate
    COLPAL.NS     Consumer Defensive      Mid Cap         61.6         55.310200                                   Accumulate
     MAZDA.NS            Industrials    Small Cap         61.6         55.310200                                   Accumulate
    RADICO.NS     Consumer Defensive      Mid Cap         61.5         55.021030                                   Accumulate
LGBBROSLTD.NS      Consumer Cyclical    Small Cap         61.5         55.021030                                   Accumulate
ROLEXRINGS.NS            Industrials    Small Cap         61.5         55.021030                                   Accumulate
     PAYTM.NS             Technology      Mid Cap         61.5         55.021030                                   Accumulate
 POWERGRID.NS              Utilities    Large Cap         61.4         54.863302                               Hold / Neutral
 CONTROLPR.NS            Industrials    Small Cap         61.4         54.863302                               Hold / Neutral
     MUFTI.NS      Consumer Cyclical    Small Cap         61.3         54.547844                               Hold / Neutral
CHAMBLFERT.NS        Basic Materials    Small Cap         61.3         54.547844                               Hold / Neutral
MAHSEAMLES.NS        Basic Materials    Small Cap         61.3         54.547844                               Hold / Neutral
HITECHCORP.NS      Consumer Cyclical    Small Cap         61.3         54.547844                               Hold / Neutral
 ORIENTCEM.NS        Basic Materials    Small Cap         61.3         54.547844                               Hold / Neutral
       IGL.NS              Utilities    Small Cap         61.3         54.547844                               Hold / Neutral
 GICHSGFIN.NS     Financial Services    Small Cap         61.3         54.547844                               Hold / Neutral
       MGL.NS              Utilities    Small Cap         61.3         54.547844                               Hold / Neutral
PIRAMALFIN.NS     Financial Services      Mid Cap         61.3         54.547844                               Hold / Neutral
      AZAD.NS            Industrials    Small Cap         61.3         54.547844                               Hold / Neutral
  CHOLAFIN.NS     Financial Services    Large Cap         61.2         54.258675                               Hold / Neutral
       ACC.NS        Basic Materials      Mid Cap         61.1         54.100946                               Hold / Neutral
KANORICHEM.NS        Basic Materials    Small Cap         61.1         54.100946                               Hold / Neutral
    EXXARO.NS            Industrials    Small Cap         61.1         54.100946                               Hold / Neutral
 KOTARISUG.NS     Consumer Defensive    Small Cap         61.1         54.100946                               Hold / Neutral
      DMCC.NS        Basic Materials    Small Cap         61.1         54.100946                               Hold / Neutral
    HNDFDS.NS            Industrials    Small Cap         61.0         53.890641                               Hold / Neutral
  ELITECON.NS                    NaN    Small Cap         61.0         53.890641                               Hold / Neutral
BIRLACABLE.NS             Technology    Small Cap         61.0         53.890641                               Hold / Neutral
    GENSOL.NS             Technology    Small Cap         60.9         53.601472                               Hold / Neutral
     AURUS.NS      Consumer Cyclical    Small Cap         60.9         53.601472                               Hold / Neutral
   ORBTEXP.NS      Consumer Cyclical    Small Cap         60.9         53.601472                               Hold / Neutral
   CMSINFO.NS            Industrials    Small Cap         60.9         53.601472                               Hold / Neutral
    NETWEB.NS             Technology      Mid Cap         60.9         53.601472                               Hold / Neutral
PNBHOUSING.NS     Financial Services      Mid Cap         60.9         53.601472                               Hold / Neutral
   PAISALO.NS     Financial Services    Small Cap         60.9         53.601472                               Hold / Neutral
 JINDWORLD.NS      Consumer Cyclical    Small Cap         60.9         53.601472                               Hold / Neutral
    ASTRAL.NS            Industrials      Mid Cap         60.8         53.312303                               Hold / Neutral
   MIDHANI.NS        Basic Materials    Small Cap         60.8         53.312303                               Hold / Neutral
   ROSSARI.NS        Basic Materials    Small Cap         60.8         53.312303                               Hold / Neutral
       PFC.NS     Financial Services    Large Cap         60.7         53.180862                               Hold / Neutral
      NAVA.NS            Industrials    Small Cap         60.7         53.180862                               Hold / Neutral
 GINNIFILA.NS      Consumer Cyclical    Small Cap         60.6         53.075710                               Hold / Neutral
    AAKASH.NS                 Energy    Small Cap         60.6         53.075710                               Hold / Neutral
 EXCELSOFT.NS             Technology    Small Cap         60.5         52.917981                               Hold / Neutral
   GRMOVER.NS     Consumer Defensive    Small Cap         60.5         52.917981                               Hold / Neutral
 ACMESOLAR.NS              Utilities      Mid Cap         60.5         52.917981                               Hold / Neutral
   ASALCBR.NS     Consumer Defensive    Small Cap         60.5         52.917981                               Hold / Neutral
EVERESTIND.NS            Industrials    Small Cap         60.4         52.733964                               Hold / Neutral
     EMMBI.NS      Consumer Cyclical    Small Cap         60.4         52.733964                               Hold / Neutral
      KRBL.NS     Consumer Defensive    Small Cap         60.4         52.733964                               Hold / Neutral
  GPTINFRA.NS            Industrials    Small Cap         60.3         52.628812                               Hold / Neutral
        LT.NS            Industrials    Large Cap         60.2         52.497371                               Hold / Neutral
     NEAGI.NS                    NaN    Small Cap         60.2         52.497371                               Hold / Neutral
 HYBRIDFIN.NS     Financial Services    Small Cap         60.2         52.497371                               Hold / Neutral
      KDDL.NS      Consumer Cyclical    Small Cap         60.2         52.497371                               Hold / Neutral
NATHBIOGEN.NS        Basic Materials    Small Cap         60.1         52.287066                               Hold / Neutral
  NLCINDIA.NS              Utilities      Mid Cap         60.1         52.287066                               Hold / Neutral
   EPIGRAL.NS        Basic Materials    Small Cap         60.1         52.287066                               Hold / Neutral
     DUCON.NS            Industrials    Small Cap         60.1         52.287066                               Hold / Neutral
    PENIND.NS            Industrials    Small Cap         59.9         52.103049                               Hold / Neutral
NEPHROPLUS.NS             Healthcare    Small Cap         59.9         52.103049                               Hold / Neutral
    MARUTI.NS      Consumer Cyclical    Large Cap         59.9         52.103049                               Hold / Neutral
 SHADOWFAX.NS            Industrials    Small Cap         59.8         51.945321                               Hold / Neutral
       DBL.NS            Industrials    Small Cap         59.8         51.945321                               Hold / Neutral
HITECHGEAR.NS      Consumer Cyclical    Small Cap         59.8         51.945321                               Hold / Neutral
  FMGOETZE.NS      Consumer Cyclical    Small Cap         59.7         51.708728                               Hold / Neutral
 ONWARDTEC.NS             Technology    Small Cap         59.7         51.708728                               Hold / Neutral
    ARSSBL.NS     Financial Services    Small Cap         59.7         51.708728                               Hold / Neutral
DATAMATICS.NS             Technology    Small Cap         59.7         51.708728                               Hold / Neutral
    INDOUS.NS        Basic Materials    Small Cap         59.7         51.708728                               Hold / Neutral
  KUSUMGAR.NS      Consumer Cyclical    Small Cap         59.7         51.708728                               Hold / Neutral
  KPITTECH.NS             Technology    Small Cap         59.6         51.472135                               Hold / Neutral
       PNB.NS     Financial Services    Large Cap         59.6         51.472135                               Hold / Neutral
      RRIL.NS                    NaN    Small Cap         59.6         51.472135                               Hold / Neutral
 BAJAJHIND.NS     Consumer Defensive    Small Cap         59.5         51.261830                               Hold / Neutral
FAIRCHEMOR.NS        Basic Materials    Small Cap         59.5         51.261830                               Hold / Neutral
  PINELABS.NS             Technology    Small Cap         59.5         51.261830                               Hold / Neutral
  MTARTECH.NS            Industrials    Small Cap         59.5         51.261830                               Hold / Neutral
     GLOBE.NS      Consumer Cyclical    Small Cap         59.5         51.261830                               Hold / Neutral
  HALDYNGL.NS                    NaN    Small Cap         59.4         51.077813                               Hold / Neutral
       MCL.NS        Basic Materials    Small Cap         59.4         51.077813                               Hold / Neutral
       GNA.NS      Consumer Cyclical    Small Cap         59.3         50.998948                               Hold / Neutral
       AVL.NS      Consumer Cyclical    Small Cap         59.2         50.893796                               Hold / Neutral
CYBERMEDIA.NS Communication Services    Small Cap         59.2         50.893796                               Hold / Neutral
    CYIENT.NS            Industrials    Small Cap         59.2         50.893796                               Hold / Neutral
   HARDWYN.NS            Industrials    Small Cap         59.1         50.788644                               Hold / Neutral
      ELIN.NS            Industrials    Small Cap         59.0         50.578339                               Hold / Neutral
      ASAL.NS      Consumer Cyclical    Small Cap         59.0         50.578339                               Hold / Neutral
      ADSL.NS             Technology    Small Cap         59.0         50.578339                               Hold / Neutral
  AHLUCONT.NS            Industrials    Small Cap         59.0         50.578339                               Hold / Neutral
BLUESTARCO.NS            Industrials      Mid Cap         59.0         50.578339                               Hold / Neutral
     PIIND.NS        Basic Materials      Mid Cap         59.0         50.578339                               Hold / Neutral
     AWFIS.NS            Industrials    Small Cap         59.0         50.578339                               Hold / Neutral
   MENNPIS.NS                    NaN    Small Cap         58.9         50.289169                               Hold / Neutral
   SADBHAV.NS            Industrials    Small Cap         58.9         50.289169                               Hold / Neutral
 KANANIIND.NS      Consumer Cyclical    Small Cap         58.9         50.289169                               Hold / Neutral
      BLSE.NS            Industrials    Small Cap         58.9         50.289169                               Hold / Neutral
KALAMANDIR.NS      Consumer Cyclical    Small Cap         58.8         50.105152                               Hold / Neutral
CENTURYPLY.NS        Basic Materials    Small Cap         58.8         50.105152                               Hold / Neutral
  INVPRECQ.NS                    NaN    Small Cap         58.8         50.105152                               Hold / Neutral
     JOCIL.NS        Basic Materials    Small Cap         58.7         50.000000                               Hold / Neutral
ADROITINFO.NS             Technology    Small Cap         58.6         49.894848                               Hold / Neutral
   PRAKASH.NS        Basic Materials    Small Cap         58.6         49.894848                               Hold / Neutral
      ANUP.NS            Industrials    Small Cap         58.6         49.894848                               Hold / Neutral
    RELAXO.NS      Consumer Cyclical    Small Cap         58.5         49.789695                               Hold / Neutral
       LAL.NS      Consumer Cyclical    Small Cap         58.4         49.710831                               Hold / Neutral
      CDSL.NS     Financial Services      Mid Cap         58.4         49.710831                               Hold / Neutral
 3IINFOLTD.NS             Technology    Small Cap         58.3         49.526814                               Hold / Neutral
  NAHARCAP.NS     Financial Services    Small Cap         58.3         49.526814                               Hold / Neutral
KELLTONTEC.NS             Technology    Small Cap         58.3         49.526814                               Hold / Neutral
  HILINFRA.NS            Industrials    Small Cap         58.3         49.526814                               Hold / Neutral
       EPL.NS      Consumer Cyclical    Small Cap         58.3         49.526814                               Hold / Neutral
  KFINTECH.NS             Technology    Small Cap         58.2         49.369085                               Hold / Neutral
   HATHWAY.NS Communication Services    Small Cap         58.1         49.132492                               Hold / Neutral
     HIKAL.NS             Healthcare    Small Cap         58.1         49.132492                               Hold / Neutral
      MRPL.NS                 Energy      Mid Cap         58.1         49.132492                               Hold / Neutral
      SBIN.NS     Financial Services    Large Cap         58.1         49.132492                               Hold / Neutral
KOTHARIPRO.NS            Industrials    Small Cap         58.1         49.132492                               Hold / Neutral
SHAKTIPUMP.NS            Industrials    Small Cap         58.1         49.132492                               Hold / Neutral
      LINC.NS            Industrials    Small Cap         58.1         49.132492                               Hold / Neutral
 CRAFTSMAN.NS      Consumer Cyclical      Mid Cap         58.1         49.132492                               Hold / Neutral
    KISSHT.NS     Financial Services    Small Cap         58.0         48.790747                               Hold / Neutral
 ORIENTHOT.NS      Consumer Cyclical    Small Cap         58.0         48.790747                               Hold / Neutral
ASAHIINDIA.NS      Consumer Cyclical    Small Cap         58.0         48.790747                               Hold / Neutral
 GARFIBRES.NS      Consumer Cyclical    Small Cap         58.0         48.790747                               Hold / Neutral
AUROPHARMA.NS             Healthcare      Mid Cap         58.0         48.790747                               Hold / Neutral
 CAPILLARY.NS             Technology    Small Cap         57.9         48.580442                               Hold / Neutral
BAJAJINDEF.NS            Industrials    Small Cap         57.9         48.580442                               Hold / Neutral
      HFCL.NS             Technology      Mid Cap         57.9         48.580442                               Hold / Neutral
  FIVESTAR.NS     Financial Services    Small Cap         57.8         48.343849                               Hold / Neutral
     MVGJL.NS      Consumer Cyclical    Small Cap         57.8         48.343849                               Hold / Neutral
       MWL.NS        Basic Materials    Small Cap         57.8         48.343849                               Hold / Neutral
  GALLANTT.NS        Basic Materials    Small Cap         57.8         48.343849                               Hold / Neutral
 COMPUSOFT.NS     Consumer Defensive    Small Cap         57.8         48.343849                               Hold / Neutral
  BAJAJHFL.NS     Financial Services      Mid Cap         57.8         48.343849                               Hold / Neutral
   ANUHPHR.NS             Healthcare    Small Cap         57.7         48.054679                               Hold / Neutral
DREAMFOLKS.NS            Industrials    Small Cap         57.7         48.054679                               Hold / Neutral
   GSPCROP.NS        Basic Materials    Small Cap         57.7         48.054679                               Hold / Neutral
JYOTISTRUC.NS            Industrials    Small Cap         57.7         48.054679                               Hold / Neutral
  S&SPOWER.NS            Industrials    Small Cap         57.7         48.054679                               Hold / Neutral
   NIITLTD.NS     Consumer Defensive    Small Cap         57.6         47.818086                               Hold / Neutral
  CONFIPET.NS                 Energy    Small Cap         57.6         47.818086                               Hold / Neutral
      PGHH.NS     Consumer Defensive      Mid Cap         57.6         47.818086                               Hold / Neutral
    APOLLO.NS            Industrials    Small Cap         57.6         47.818086                               Hold / Neutral
  ASHOKLEY.NS            Industrials    Large Cap         57.5         47.292324                               Hold / Neutral
KRIDHANINF.NS        Basic Materials    Small Cap         57.5         47.292324                               Hold / Neutral
 ABCAPITAL.NS     Financial Services    Large Cap         57.5         47.292324                               Hold / Neutral
   OCCLLTD.NS        Basic Materials    Small Cap         57.5         47.292324                               Hold / Neutral
 BELLACASA.NS      Consumer Cyclical    Small Cap         57.5         47.292324                               Hold / Neutral
     CPEDU.NS     Consumer Defensive    Small Cap         57.5         47.292324                               Hold / Neutral
   KALYANI.NS      Consumer Cyclical    Small Cap         57.5         47.292324                               Hold / Neutral
NIRAJISPAT.NS      Consumer Cyclical    Small Cap         57.5         47.292324                               Hold / Neutral
 NOIDATOLL.NS            Industrials    Small Cap         57.5         47.292324                               Hold / Neutral
 MODTHREAD.NS      Consumer Cyclical    Small Cap         57.5         47.292324                               Hold / Neutral
    RSDFIN.NS                    NaN    Small Cap         57.5         47.292324                               Hold / Neutral
  GTLINFRA.NS             Technology    Small Cap         57.5         47.292324                               Hold / Neutral
       PFS.NS     Financial Services    Small Cap         57.5         47.292324                               Hold / Neutral
  KOHINOOR.NS     Consumer Defensive    Small Cap         57.5         47.292324                               Hold / Neutral
DSKULKARNI.NS            Real Estate    Small Cap         57.5         47.292324                               Hold / Neutral
 PRUDMOULI.NS     Consumer Defensive    Small Cap         57.5         47.292324                               Hold / Neutral
     ARVEE.NS        Basic Materials    Small Cap         57.4         46.766562                               Hold / Neutral
GANGESSECU.NS     Consumer Defensive    Small Cap         57.4         46.766562                               Hold / Neutral
  MOLDTECH.NS            Industrials    Small Cap         57.4         46.766562                               Hold / Neutral
    CHALET.NS      Consumer Cyclical    Small Cap         57.4         46.766562                               Hold / Neutral
      CESC.NS              Utilities    Small Cap         57.3         46.529968                               Hold / Neutral
   CGPOWER.NS            Industrials    Large Cap         57.3         46.529968                               Hold / Neutral
   CENTEXT.NS        Basic Materials    Small Cap         57.3         46.529968                               Hold / Neutral
       RGL.NS      Consumer Cyclical    Small Cap         57.3         46.529968                               Hold / Neutral
AARTIDRUGS.NS             Healthcare    Small Cap         57.3         46.529968                               Hold / Neutral
EMSLIMITED.NS            Industrials    Small Cap         57.2         46.267087                               Hold / Neutral
BAJFINANCE.NS     Financial Services    Large Cap         57.2         46.267087                               Hold / Neutral
 INVENTURE.NS     Financial Services    Small Cap         57.2         46.267087                               Hold / Neutral
 POLICYBZR.NS     Financial Services      Mid Cap         57.2         46.267087                               Hold / Neutral
 CENTRALBK.NS     Financial Services      Mid Cap         57.2         46.267087                               Hold / Neutral
 ORICONENT.NS      Consumer Cyclical    Small Cap         57.1         46.030494                               Hold / Neutral
     ANMOL.NS                 Energy    Small Cap         57.1         46.030494                               Hold / Neutral
   ASHIANA.NS            Real Estate    Small Cap         57.1         46.030494                               Hold / Neutral
   GROBTEA.NS     Consumer Defensive    Small Cap         57.1         46.030494                               Hold / Neutral
   AVANTEL.NS             Technology    Small Cap         57.0         45.793901                               Hold / Neutral
 MANAKCOAT.NS            Industrials    Small Cap         57.0         45.793901                               Hold / Neutral
INSECTICID.NS        Basic Materials    Small Cap         57.0         45.793901                               Hold / Neutral
PRSMJOHNSN.NS        Basic Materials    Small Cap         57.0         45.793901                               Hold / Neutral
   ASTERDM.NS             Healthcare      Mid Cap         57.0         45.793901                               Hold / Neutral
HISARMETAL.NS        Basic Materials    Small Cap         56.9         45.583596                               Hold / Neutral
 MAXHEALTH.NS             Healthcare    Large Cap         56.9         45.583596                               Hold / Neutral
       DLF.NS            Real Estate    Large Cap         56.9         45.583596                               Hold / Neutral
 APLAPOLLO.NS        Basic Materials      Mid Cap         56.8         45.373291                               Hold / Neutral
LINDEINDIA.NS        Basic Materials      Mid Cap         56.8         45.373291                               Hold / Neutral
      GCSL.NS     Financial Services    Small Cap         56.8         45.373291                               Hold / Neutral
      PDSL.NS            Industrials    Small Cap         56.8         45.373291                               Hold / Neutral
     DODLA.NS     Consumer Defensive    Small Cap         56.8         45.373291                               Hold / Neutral
       SFL.NS      Consumer Cyclical    Small Cap         56.6         45.084122                               Hold / Neutral
   MANOMAY.NS      Consumer Cyclical    Small Cap         56.6         45.084122                               Hold / Neutral
      AFSL.NS     Financial Services    Small Cap         56.6         45.084122                               Hold / Neutral
      JKIL.NS            Industrials    Small Cap         56.6         45.084122                               Hold / Neutral
BALKRISIND.NS      Consumer Cyclical      Mid Cap         56.6         45.084122                               Hold / Neutral
      IKIO.NS             Technology    Small Cap         56.6         45.084122                               Hold / Neutral
GFLLIMITED.NS     Financial Services    Small Cap         56.5         44.900105                               Hold / Neutral
      GNRL.NS                    NaN    Small Cap         56.4         44.768665                               Hold / Neutral
  MANAKSIA.NS            Industrials    Small Cap         56.4         44.768665                               Hold / Neutral
      RSWM.NS      Consumer Cyclical    Small Cap         56.4         44.768665                               Hold / Neutral
BHARATWIRE.NS        Basic Materials    Small Cap         56.4         44.768665                               Hold / Neutral
  NIVABUPA.NS     Financial Services    Small Cap         56.3         44.584648                               Hold / Neutral
 GUJRAFFIA.NS                    NaN    Small Cap         56.3         44.584648                               Hold / Neutral
      CERA.NS            Industrials    Small Cap         56.3         44.584648                               Hold / Neutral
    PRECOT.NS      Consumer Cyclical    Small Cap         56.2         44.453207                               Hold / Neutral
     BSHSL.NS        Basic Materials    Small Cap         56.2         44.453207                               Hold / Neutral
   SANSTAR.NS        Basic Materials    Small Cap         56.1         44.348055                               Hold / Neutral
      BHEL.NS            Industrials    Large Cap         56.1         44.348055                               Hold / Neutral
MARKOLINES.NS            Industrials    Small Cap         56.0         44.190326                               Hold / Neutral
BHARTIHEXA.NS Communication Services      Mid Cap         56.0         44.190326                               Hold / Neutral
INDIANCARD.NS      Consumer Cyclical    Small Cap         56.0         44.190326                               Hold / Neutral
    MAHLOG.NS            Industrials    Small Cap         56.0         44.190326                               Hold / Neutral
  INDORAMA.NS      Consumer Cyclical    Small Cap         55.9         43.953733                               Hold / Neutral
GEEKAYWIRE.NS            Industrials    Small Cap         55.9         43.953733                               Hold / Neutral
 KANSAINER.NS        Basic Materials    Small Cap         55.9         43.953733                               Hold / Neutral
SCODATUBES.NS        Basic Materials    Small Cap         55.9         43.953733                               Hold / Neutral
   SBICARD.NS     Financial Services      Mid Cap         55.9         43.953733                               Hold / Neutral
    KNRCON.NS            Industrials    Small Cap         55.8         43.690852                               Hold / Neutral
      IRFC.NS     Financial Services    Large Cap         55.8         43.690852                               Hold / Neutral
 LEMONTREE.NS      Consumer Cyclical    Small Cap         55.8         43.690852                               Hold / Neutral
INDIANHUME.NS            Industrials    Small Cap         55.8         43.690852                               Hold / Neutral
  LGEINDIA.NS             Technology    Large Cap         55.8         43.690852                               Hold / Neutral
AEGISVOPAK.NS                 Energy      Mid Cap         55.7         43.454259                               Hold / Neutral
  CHOICEIN.NS     Financial Services    Small Cap         55.7         43.454259                               Hold / Neutral
BIRLACORPN.NS        Basic Materials    Small Cap         55.7         43.454259                               Hold / Neutral
       ABB.NS            Industrials    Large Cap         55.7         43.454259                               Hold / Neutral
   HYUNDAI.NS      Consumer Cyclical    Large Cap         55.6         43.296530                               Hold / Neutral
  AUSOMENT.NS     Financial Services    Small Cap         55.6         43.296530                               Hold / Neutral
   DRREDDY.NS             Healthcare      Mid Cap         55.5         43.138801                               Hold / Neutral
  ACCURACY.NS            Industrials    Small Cap         55.5         43.138801                               Hold / Neutral
       RMC.NS            Industrials    Small Cap         55.5         43.138801                               Hold / Neutral
 NAVKARURB.NS        Basic Materials    Small Cap         55.5         43.138801                               Hold / Neutral
AAREYDRUGS.NS             Healthcare    Small Cap         55.4         42.823344                               Hold / Neutral
CSLFINANCE.NS     Financial Services    Small Cap         55.4         42.823344                               Hold / Neutral
     PTCIL.NS            Industrials      Mid Cap         55.4         42.823344                               Hold / Neutral
  MUNJALAU.NS      Consumer Cyclical    Small Cap         55.4         42.823344                               Hold / Neutral
CHOLAHLDNG.NS     Financial Services      Mid Cap         55.4         42.823344                               Hold / Neutral
 IFGLEXPOR.NS        Basic Materials    Small Cap         55.4         42.823344                               Hold / Neutral
 LICHSGFIN.NS     Financial Services      Mid Cap         55.4         42.823344                               Hold / Neutral
SALZERELEC.NS            Industrials    Small Cap         55.4         42.823344                               Hold / Neutral
    ELECON.NS            Industrials    Small Cap         55.3         42.534175                               Hold / Neutral
      HMVL.NS Communication Services    Small Cap         55.3         42.534175                               Hold / Neutral
ROSSELLIND.NS            Industrials    Small Cap         55.3         42.534175                               Hold / Neutral
HEIDELBERG.NS        Basic Materials    Small Cap         55.2         42.429022                               Hold / Neutral
     GOPAL.NS     Consumer Defensive    Small Cap         55.1         42.350158                               Hold / Neutral
  BESTAGRO.NS        Basic Materials    Small Cap         55.1         42.350158                               Hold / Neutral
INDUSINDBK.NS     Financial Services      Mid Cap         55.0         42.113565                               Hold / Neutral
    AASTHA.NS      Consumer Cyclical    Small Cap         55.0         42.113565                               Hold / Neutral
      CCCL.NS            Industrials    Small Cap         55.0         42.113565                               Hold / Neutral
RAJESHEXPO.NS      Consumer Cyclical    Small Cap         55.0         42.113565                               Hold / Neutral
 QUICKHEAL.NS             Technology    Small Cap         55.0         42.113565                               Hold / Neutral
  CAPACITE.NS            Industrials    Small Cap         55.0         42.113565                               Hold / Neutral
HERITGFOOD.NS     Consumer Defensive    Small Cap         55.0         42.113565                               Hold / Neutral
     RELTD.NS             Technology    Small Cap         54.9         41.771819                               Hold / Neutral
   KMSUGAR.NS     Consumer Defensive    Small Cap         54.9         41.771819                               Hold / Neutral
   FCSSOFT.NS             Technology    Small Cap         54.9         41.771819                               Hold / Neutral
   POLYMED.NS             Healthcare    Small Cap         54.9         41.771819                               Hold / Neutral
    MEESHO.NS      Consumer Cyclical      Mid Cap         54.9         41.771819                               Hold / Neutral
     SAPPL.NS                    NaN    Small Cap         54.9         41.771819                               Hold / Neutral
       ITI.NS             Technology      Mid Cap         54.8         41.561514                               Hold / Neutral
    CEMPRO.NS            Industrials    Small Cap         54.8         41.561514                               Hold / Neutral
      BTML.NS Communication Services    Small Cap         54.6         41.456362                               Hold / Neutral
    ANTHEM.NS             Healthcare      Mid Cap         54.6         41.456362                               Hold / Neutral
 RADIOCITY.NS Communication Services    Small Cap         54.5         41.298633                               Hold / Neutral
 JINDALSAW.NS        Basic Materials    Small Cap         54.5         41.298633                               Hold / Neutral
INDIGOPNTS.NS        Basic Materials    Small Cap         54.5         41.298633                               Hold / Neutral
   RUBFILA.NS        Basic Materials    Small Cap         54.5         41.298633                               Hold / Neutral
KOKUYOCMLN.NS            Industrials    Small Cap         54.4         41.088328                               Hold / Neutral
  KARMAENG.NS              Utilities    Small Cap         54.4         41.088328                               Hold / Neutral
HINDUNILVR.NS     Consumer Defensive    Large Cap         54.4         41.088328                               Hold / Neutral
BANKBARODA.NS     Financial Services    Large Cap         54.4         41.088328                               Hold / Neutral
 GEOJITFSL.NS     Financial Services    Small Cap         54.3         40.904311                               Hold / Neutral
    DHARAN.NS            Real Estate    Small Cap         54.3         40.904311                               Hold / Neutral
   SAMPANN.NS        Basic Materials    Small Cap         54.3         40.904311                               Hold / Neutral
   NELCAST.NS            Industrials    Small Cap         54.2         40.694006                               Hold / Neutral
    MANORG.NS        Basic Materials    Small Cap         54.2         40.694006                               Hold / Neutral
 OSIAHYPER.NS      Consumer Cyclical    Small Cap         54.2         40.694006                               Hold / Neutral
     GICRE.NS     Financial Services      Mid Cap         54.2         40.694006                               Hold / Neutral
      PCBL.NS        Basic Materials    Small Cap         54.2         40.694006                               Hold / Neutral
   DIACABS.NS            Industrials    Small Cap         54.1         40.431125                               Hold / Neutral
   SECMARK.NS            Industrials    Small Cap         54.1         40.431125                               Hold / Neutral
       RHL.NS      Consumer Cyclical    Small Cap         54.1         40.431125                               Hold / Neutral
 GATECHDVR.NS     Financial Services    Small Cap         54.1         40.431125                               Hold / Neutral
    GATECH.NS     Financial Services    Small Cap         54.1         40.431125                               Hold / Neutral
     AKUMS.NS             Healthcare    Small Cap         54.0         40.247108                               Hold / Neutral
JMFINANCIL.NS     Financial Services    Small Cap         54.0         40.247108                               Hold / Neutral
 RATNAMANI.NS        Basic Materials    Small Cap         53.9         40.115668                               Hold / Neutral
 DELTACORP.NS      Consumer Cyclical    Small Cap         53.9         40.115668                               Hold / Neutral
      RAIN.NS        Basic Materials    Small Cap         53.9         40.115668                               Hold / Neutral
   APTECHT.NS     Consumer Defensive    Small Cap         53.8         39.879075                               Hold / Neutral
 MANCREDIT.NS     Financial Services    Small Cap         53.8         39.879075                               Hold / Neutral
    CENTUM.NS             Technology    Small Cap         53.8         39.879075                               Hold / Neutral
     CREST.NS     Financial Services    Small Cap         53.8         39.879075                               Hold / Neutral
      DBOL.NS     Consumer Defensive    Small Cap         53.8         39.879075                               Hold / Neutral
GALAXYSURF.NS        Basic Materials    Small Cap         53.8         39.879075                               Hold / Neutral
OILCOUNTUB.NS                 Energy    Small Cap         53.7         39.695058                               Hold / Neutral
      SEIL.NS                    NaN    Small Cap         53.6         39.511041                               Hold / Neutral
     IXIGO.NS      Consumer Cyclical    Small Cap         53.6         39.511041                               Hold / Neutral
APOLLOPIPE.NS            Industrials    Small Cap         53.6         39.511041                               Hold / Neutral
     LIBAS.NS      Consumer Cyclical    Small Cap         53.6         39.511041                               Hold / Neutral
   GRINFRA.NS            Industrials    Small Cap         53.6         39.511041                               Hold / Neutral
  LIKHITHA.NS                 Energy    Small Cap         53.6         39.511041                               Hold / Neutral
GILLANDERS.NS     Consumer Defensive    Small Cap         53.5         39.274448                               Hold / Neutral
 GODREJIND.NS            Industrials      Mid Cap         53.5         39.274448                               Hold / Neutral
   ALANKIT.NS             Technology    Small Cap         53.5         39.274448                               Hold / Neutral
   ARIHANT.NS            Real Estate    Small Cap         53.4         39.116719                               Hold / Neutral
  FINKURVE.NS     Financial Services    Small Cap         53.4         39.116719                               Hold / Neutral
      JLHL.NS             Healthcare    Small Cap         53.4         39.116719                               Hold / Neutral
  RTNPOWER.NS              Utilities    Small Cap         53.3         38.932702                               Hold / Neutral
  JSWINFRA.NS            Industrials      Mid Cap         53.3         38.932702                               Hold / Neutral
    5PAISA.NS     Financial Services    Small Cap         53.3         38.932702                               Hold / Neutral
    SAFARI.NS      Consumer Cyclical    Small Cap         53.3         38.932702                               Hold / Neutral
 BLUSPRING.NS            Industrials    Small Cap         53.2         38.748686                               Hold / Neutral
  INOXWIND.NS            Industrials    Small Cap         53.2         38.748686                               Hold / Neutral
 RUCHINFRA.NS            Industrials    Small Cap         53.2         38.748686                               Hold / Neutral
AARTIPHARM.NS             Healthcare    Small Cap         53.1         38.643533                               Hold / Neutral
   RKFORGE.NS            Industrials    Small Cap         53.0         38.459516                               Hold / Neutral
POONAWALLA.NS     Financial Services      Mid Cap         53.0         38.459516                               Hold / Neutral
       LMW.NS            Industrials    Small Cap         53.0         38.459516                               Hold / Neutral
     ONIDA.NS      Consumer Cyclical    Small Cap         53.0         38.459516                               Hold / Neutral
      NTPC.NS              Utilities    Large Cap         53.0         38.459516                               Hold / Neutral
    ARVIND.NS      Consumer Cyclical    Small Cap         53.0         38.459516                               Hold / Neutral
DBSTOCKBRO.NS     Financial Services    Small Cap         52.9         38.144059                               Hold / Neutral
   INDOMIM.NS            Industrials    Small Cap         52.9         38.144059                               Hold / Neutral
    BCLIND.NS     Consumer Defensive    Small Cap         52.9         38.144059                               Hold / Neutral
   HMAAGRO.NS     Consumer Defensive    Small Cap         52.9         38.144059                               Hold / Neutral
DIGJAMLMTD.NS      Consumer Cyclical    Small Cap         52.9         38.144059                               Hold / Neutral
       PTC.NS              Utilities    Small Cap         52.9         38.144059                               Hold / Neutral
  DRAGARWQ.NS                    NaN    Small Cap         52.8         37.881178                               Hold / Neutral
   CEATLTD.NS      Consumer Cyclical    Small Cap         52.8         37.881178                               Hold / Neutral
MOTILALOFS.NS     Financial Services      Mid Cap         52.8         37.881178                               Hold / Neutral
    NUVAMA.NS     Financial Services      Mid Cap         52.8         37.881178                               Hold / Neutral
GLOBECIVIL.NS            Industrials    Small Cap         52.7         37.749737                               Hold / Neutral
  GODREJCP.NS     Consumer Defensive    Large Cap         52.6         37.644585                               Hold / Neutral
      GSFC.NS        Basic Materials    Small Cap         52.6         37.644585                               Hold / Neutral
  JYOTICNC.NS            Industrials    Small Cap         52.6         37.644585                               Hold / Neutral
      AEPL.NS            Industrials    Small Cap         52.5         37.407992                               Hold / Neutral
     GYFTR.NS            Industrials    Small Cap         52.5         37.407992                               Hold / Neutral
    360ONE.NS     Financial Services      Mid Cap         52.5         37.407992                               Hold / Neutral
   63MOONS.NS             Technology    Small Cap         52.5         37.407992                               Hold / Neutral
   LOVABLE.NS      Consumer Cyclical    Small Cap         52.5         37.407992                               Hold / Neutral
MOREPENLAB.NS             Healthcare    Small Cap         52.5         37.407992                               Hold / Neutral
   ETERNAL.NS      Consumer Cyclical    Large Cap         52.4         37.039958                               Hold / Neutral
 ONESOURCE.NS             Healthcare    Small Cap         52.4         37.039958                               Hold / Neutral
   RUCHIRA.NS        Basic Materials    Small Cap         52.4         37.039958                               Hold / Neutral
       RML.NS      Consumer Cyclical    Small Cap         52.4         37.039958                               Hold / Neutral
    AHLADA.NS            Industrials    Small Cap         52.4         37.039958                               Hold / Neutral
 KIRLOSENG.NS            Industrials      Mid Cap         52.4         37.039958                               Hold / Neutral
     AWHCL.NS            Industrials    Small Cap         52.4         37.039958                               Hold / Neutral
 MAHASTEEL.NS        Basic Materials    Small Cap         52.4         37.039958                               Hold / Neutral
    PRECAM.NS      Consumer Cyclical    Small Cap         52.3         36.750789                               Hold / Neutral
COROMANDEL.NS        Basic Materials      Mid Cap         52.3         36.750789                               Hold / Neutral
  RELIANCE.NS                 Energy    Large Cap         52.3         36.750789                               Hold / Neutral
EXCELINDUS.NS        Basic Materials    Small Cap         52.2         36.619348                               Hold / Neutral
    KNAGRI.NS     Consumer Defensive    Small Cap         52.2         36.619348                               Hold / Neutral
   MANINDS.NS        Basic Materials    Small Cap         52.1         36.409043                               Hold / Neutral
MIDWESTLTD.NS        Basic Materials    Small Cap         52.1         36.409043                               Hold / Neutral
    ENTERO.NS             Healthcare    Small Cap         52.1         36.409043                               Hold / Neutral
MUTHOOTCAP.NS     Financial Services    Small Cap         52.1         36.409043                               Hold / Neutral
 RESPONIND.NS        Basic Materials    Small Cap         52.1         36.409043                               Hold / Neutral
   MALLCOM.NS            Industrials    Small Cap         52.1         36.409043                               Hold / Neutral
      FMNL.NS            Real Estate    Small Cap         52.0         36.198738                               Hold / Neutral
   PVRINOX.NS Communication Services    Small Cap         52.0         36.198738                               Hold / Neutral
  FERMENTA.NS                    NaN    Small Cap         51.9         36.093586                               Hold / Neutral
       DCM.NS            Industrials    Small Cap         51.9         36.093586                               Hold / Neutral
   ABINFRA.NS            Industrials    Small Cap         51.8         35.962145                               Hold / Neutral
   POKARNA.NS            Industrials    Small Cap         51.8         35.962145                               Hold / Neutral
       KSL.NS        Basic Materials    Small Cap         51.8         35.962145                               Hold / Neutral
   MEDPLUS.NS             Healthcare    Small Cap         51.7         35.804416                               Hold / Neutral
      ICIL.NS      Consumer Cyclical    Small Cap         51.7         35.804416                               Hold / Neutral
       PAR.NS             Healthcare    Small Cap         51.7         35.804416                               Hold / Neutral
  KAMAHOLD.NS                    NaN    Small Cap         51.6         35.699264                               Hold / Neutral
   HAVELLS.NS            Industrials      Mid Cap         51.5         35.594111                               Hold / Neutral
    COMSYN.NS      Consumer Cyclical    Small Cap         51.5         35.594111                               Hold / Neutral
   EMPOWER.NS                    NaN    Small Cap         51.5         35.594111                               Hold / Neutral
   FISCHER.NS             Healthcare    Small Cap         51.4         35.462671                               Hold / Neutral
       HCC.NS            Industrials    Small Cap         51.4         35.462671                               Hold / Neutral
  RELIABLE.NS             Technology    Small Cap         51.3         35.357518                               Hold / Neutral
 OMFREIGHT.NS            Industrials    Small Cap         51.3         35.357518                               Hold / Neutral
       BBL.NS            Industrials    Small Cap         51.2         35.252366                               Hold / Neutral
      HPIL.NS        Basic Materials    Small Cap         51.2         35.252366                               Hold / Neutral
   GUJTHEM.NS             Healthcare    Small Cap         51.1         35.094637                               Hold / Neutral
  PAVNAIND.NS      Consumer Cyclical    Small Cap         51.1         35.094637                               Hold / Neutral
AGARWALEYE.NS             Healthcare    Small Cap         51.1         35.094637                               Hold / Neutral
BHARATCOAL.NS        Basic Materials    Small Cap         51.1         35.094637                               Hold / Neutral
 RUBYMILLS.NS      Consumer Cyclical    Small Cap         51.0         34.858044                               Hold / Neutral
  ASTRAZEN.NS             Healthcare    Small Cap         51.0         34.858044                               Hold / Neutral
     NIRAJ.NS            Industrials    Small Cap         51.0         34.858044                               Hold / Neutral
     BBTCL.NS      Consumer Cyclical    Small Cap         51.0         34.858044                               Hold / Neutral
   AKCAPIT.NS                    NaN    Small Cap         51.0         34.858044                               Hold / Neutral
 SAKHTISUG.NS     Consumer Defensive    Small Cap         50.9         34.647739                               Hold / Neutral
JAIPURKURT.NS      Consumer Cyclical    Small Cap         50.9         34.647739                               Hold / Neutral
    FAZE3Q.NS      Consumer Cyclical    Small Cap         50.9         34.647739                               Hold / Neutral
 ADVENTHTL.NS      Consumer Cyclical    Small Cap         50.8         34.463722                               Hold / Neutral
   JUNIPER.NS      Consumer Cyclical    Small Cap         50.8         34.463722                               Hold / Neutral
   AMJLAND.NS            Real Estate    Small Cap         50.8         34.463722                               Hold / Neutral
ANDHRSUGAR.NS        Basic Materials    Small Cap         50.8         34.463722                               Hold / Neutral
  GOCOLORS.NS      Consumer Cyclical    Small Cap         50.7         34.305994                               Hold / Neutral
    SCILAL.NS            Real Estate    Small Cap         50.7         34.305994                               Hold / Neutral
       KSB.NS            Industrials    Small Cap         50.6         34.121977                               Hold / Neutral
 KAUSHALYA.NS            Industrials    Small Cap         50.6         34.121977                               Hold / Neutral
 JKLAKSHMI.NS        Basic Materials    Small Cap         50.6         34.121977                               Hold / Neutral
DATAPATTNS.NS            Industrials      Mid Cap         50.6         34.121977                               Hold / Neutral
MASKINVEST.NS     Financial Services    Small Cap         50.6         34.121977                               Hold / Neutral
     NRAIL.NS        Basic Materials    Small Cap         50.5         33.937960                               Hold / Neutral
ORIENTALTL.NS            Industrials    Small Cap         50.5         33.937960                               Hold / Neutral
   QMSMEDI.NS             Healthcare    Small Cap         50.4         33.859096                               Hold / Neutral
     AEQUS.NS            Industrials    Small Cap         50.3         33.727655                               Hold / Neutral
AMBICAAGAR.NS     Consumer Defensive    Small Cap         50.3         33.727655                               Hold / Neutral
  PITTIENG.NS            Industrials    Small Cap         50.3         33.727655                               Hold / Neutral
    MADHAV.NS            Industrials    Small Cap         50.3         33.727655                               Hold / Neutral
  PICCADIL.NS     Consumer Defensive    Small Cap         50.2         33.438486                               Hold / Neutral
 DEEPAKNTR.NS        Basic Materials    Small Cap         50.2         33.438486                               Hold / Neutral
PODDARMENT.NS        Basic Materials    Small Cap         50.2         33.438486                               Hold / Neutral
  MEGASTAR.NS     Consumer Defensive    Small Cap         50.2         33.438486                               Hold / Neutral
      DEVX.NS            Real Estate    Small Cap         50.2         33.438486                               Hold / Neutral
RADIANTCMS.NS            Industrials    Small Cap         50.2         33.438486                               Hold / Neutral
      NSIL.NS     Financial Services    Small Cap         50.2         33.438486                               Hold / Neutral
 NTPCGREEN.NS              Utilities      Mid Cap         50.1         33.175605                               Hold / Neutral
IONEXCHANG.NS            Industrials    Small Cap         50.1         33.175605                               Hold / Neutral
    RAJMET.NS        Basic Materials    Small Cap         50.1         33.175605                               Hold / Neutral
  MAFATIND.NS                    NaN    Small Cap         50.0         32.860147                               Hold / Neutral
   NACLIND.NS        Basic Materials    Small Cap         50.0         32.860147                               Hold / Neutral
RAJPALAYAM.NS                    NaN    Small Cap         50.0         32.860147                               Hold / Neutral
 NIMBSPROJ.NS                    NaN    Small Cap         50.0         32.860147                               Hold / Neutral
  NOVAAGRI.NS        Basic Materials    Small Cap         50.0         32.860147                               Hold / Neutral
  JSWDULUX.NS                    NaN    Small Cap         50.0         32.860147                               Hold / Neutral
     HBESD.NS                    NaN    Small Cap         50.0         32.860147                               Hold / Neutral
    3PLAND.NS                    NaN    Small Cap         50.0         32.860147                               Hold / Neutral
 ELPROINTL.NS                    NaN    Small Cap         50.0         32.860147                               Hold / Neutral
INCREDIBLE.NS        Basic Materials    Small Cap         49.9         32.570978                               Hold / Neutral
   MEDANTA.NS             Healthcare      Mid Cap         49.9         32.570978                               Hold / Neutral
 COFFEEDAY.NS      Consumer Cyclical    Small Cap         49.8         32.465825                               Hold / Neutral
  ARMANFIN.NS     Financial Services    Small Cap         49.8         32.465825                               Hold / Neutral
  DWARKESH.NS     Consumer Defensive    Small Cap         49.7         32.334385                               Hold / Neutral
  KHAICHEM.NS        Basic Materials    Small Cap         49.7         32.334385                               Hold / Neutral
 BOMDYEING.NS      Consumer Cyclical    Small Cap         49.7         32.334385                               Hold / Neutral
      EMIL.NS      Consumer Cyclical    Small Cap         49.6         32.176656                               Hold / Neutral
     AARON.NS            Industrials    Small Cap         49.6         32.176656                               Hold / Neutral
DEEPAKFERT.NS        Basic Materials    Small Cap         49.6         32.176656                               Hold / Neutral
        NH.NS             Healthcare      Mid Cap         49.5         31.992639                               Hold / Neutral
COCHINSHIP.NS            Industrials      Mid Cap         49.5         31.992639                               Hold / Neutral
HALEOSLABS.NS             Healthcare    Small Cap         49.5         31.992639                               Hold / Neutral
       E2E.NS             Technology    Small Cap         49.5         31.992639                               Hold / Neutral
       ATL.NS            Industrials    Small Cap         49.4         31.834911                               Hold / Neutral
      GLFL.NS     Financial Services    Small Cap         49.4         31.834911                               Hold / Neutral
     DMART.NS     Consumer Defensive    Large Cap         49.3         31.756046                               Hold / Neutral
       OAL.NS        Basic Materials    Small Cap         49.2         31.624606                               Hold / Neutral
  DIGITIDE.NS            Industrials    Small Cap         49.2         31.624606                               Hold / Neutral
   BRIGADE.NS            Real Estate    Small Cap         49.2         31.624606                               Hold / Neutral
      BBOX.NS             Technology    Small Cap         49.2         31.624606                               Hold / Neutral
  RPPINFRA.NS            Industrials    Small Cap         49.1         31.414301                               Hold / Neutral
 REPCOHOME.NS     Financial Services    Small Cap         49.1         31.414301                               Hold / Neutral
 ASHIMASYN.NS            Real Estate    Small Cap         49.1         31.414301                               Hold / Neutral
CONSOFINVT.NS     Financial Services    Small Cap         49.1         31.414301                               Hold / Neutral
  CUBEXTUB.NS        Basic Materials    Small Cap         48.9         31.203996                               Hold / Neutral
 KCPSUGIND.NS     Consumer Defensive    Small Cap         48.9         31.203996                               Hold / Neutral
  INDOFARM.NS            Industrials    Small Cap         48.9         31.203996                               Hold / Neutral
JTEKTINDIA.NS      Consumer Cyclical    Small Cap         48.9         31.203996                               Hold / Neutral
 DALMIASUG.NS     Consumer Defensive    Small Cap         48.8         30.993691                               Hold / Neutral
     NELCO.NS             Technology    Small Cap         48.8         30.993691                               Hold / Neutral
      ATAM.NS            Industrials    Small Cap         48.8         30.993691                               Hold / Neutral
    HITECH.NS        Basic Materials    Small Cap         48.8         30.993691                               Hold / Neutral
       NCC.NS            Industrials    Small Cap         48.7         30.757098                               Hold / Neutral
 BENGALASM.NS                    NaN    Small Cap         48.7         30.757098                               Hold / Neutral
  HINDALCO.NS        Basic Materials    Large Cap         48.7         30.757098                               Hold / Neutral
    PREMCO.NS                    NaN    Small Cap         48.7         30.757098                               Hold / Neutral
 KRISHIVAL.NS     Consumer Defensive    Small Cap         48.7         30.757098                               Hold / Neutral
  RAMCOSYS.NS             Technology    Small Cap         48.6         30.573081                               Hold / Neutral
MANAKALUCO.NS        Basic Materials    Small Cap         48.6         30.573081                               Hold / Neutral
MUNJALSHOW.NS      Consumer Cyclical    Small Cap         48.5         30.441640                               Hold / Neutral
   NARMADA.NS        Basic Materials    Small Cap         48.5         30.441640                               Hold / Neutral
 DALBHARAT.NS        Basic Materials      Mid Cap         48.5         30.441640                               Hold / Neutral
AKSHARCHEM.NS        Basic Materials    Small Cap         48.4         30.310200                               Hold / Neutral
 NETWORK18.NS Communication Services    Small Cap         48.4         30.310200                               Hold / Neutral
ADANIENSOL.NS              Utilities    Large Cap         48.3         30.231335                               Hold / Neutral
IDFCFIRSTB.NS     Financial Services      Mid Cap         48.2         30.073607                               Hold / Neutral
    ALKALI.NS        Basic Materials    Small Cap         48.2         30.073607                               Hold / Neutral
      HPAL.NS        Basic Materials    Small Cap         48.2         30.073607                               Hold / Neutral
    SHALBY.NS             Healthcare    Small Cap         48.2         30.073607                               Hold / Neutral
    AJOONI.NS     Consumer Defensive    Small Cap         48.2         30.073607                               Hold / Neutral
    HALDER.NS     Consumer Defensive    Small Cap         48.1         29.784437                               Hold / Neutral
       NDL.NS      Consumer Cyclical    Small Cap         48.1         29.784437                               Hold / Neutral
       SBC.NS            Industrials    Small Cap         48.1         29.784437                               Hold / Neutral
    AQYLON.NS Communication Services    Small Cap         48.1         29.784437                               Hold / Neutral
RAYMONDLSL.NS      Consumer Cyclical    Small Cap         48.1         29.784437                               Hold / Neutral
     ARFIN.NS        Basic Materials    Small Cap         48.1         29.784437                               Hold / Neutral
  LAXMICOT.NS      Consumer Cyclical    Small Cap         48.0         29.468980                               Hold / Neutral
 PPLPHARMA.NS             Healthcare      Mid Cap         48.0         29.468980                               Hold / Neutral
 COCKERILL.NS            Industrials    Small Cap         48.0         29.468980                               Hold / Neutral
      CIFL.NS     Financial Services    Small Cap         48.0         29.468980                               Hold / Neutral
   BOROLTD.NS      Consumer Cyclical    Small Cap         48.0         29.468980                               Hold / Neutral
BANSALWIRE.NS        Basic Materials    Small Cap         48.0         29.468980                               Hold / Neutral
   DHUNINV.NS     Financial Services    Small Cap         47.9         29.232387                               Hold / Neutral
       HPL.NS            Industrials    Small Cap         47.9         29.232387                               Hold / Neutral
 GRADIENTE.NS Communication Services    Small Cap         47.9         29.232387                               Hold / Neutral
      MKPL.NS     Consumer Defensive    Small Cap         47.8         29.074658                               Hold / Neutral
       NFL.NS        Basic Materials    Small Cap         47.8         29.074658                               Hold / Neutral
     MBAPL.NS        Basic Materials    Small Cap         47.8         29.074658                               Hold / Neutral
    GRASIM.NS        Basic Materials    Large Cap         47.6         28.916930                               Hold / Neutral
 NATCAPSUQ.NS             Healthcare    Small Cap         47.6         28.916930                               Hold / Neutral
 COASTCORP.NS     Consumer Defensive    Small Cap         47.6         28.916930                               Hold / Neutral
    RECLTD.NS     Financial Services      Mid Cap         47.5         28.706625                               Hold / Neutral
HINDOILEXP.NS                 Energy    Small Cap         47.5         28.706625                               Hold / Neutral
     IREDA.NS     Financial Services      Mid Cap         47.5         28.706625                               Hold / Neutral
      CMLL.NS                 Energy    Small Cap         47.5         28.706625                               Hold / Neutral
  PNBGILTS.NS     Financial Services    Small Cap         47.5         28.706625                               Hold / Neutral
  POLYPLEX.NS        Basic Materials    Small Cap         47.4         28.470032                               Hold / Neutral
    AMDIND.NS      Consumer Cyclical    Small Cap         47.4         28.470032                               Hold / Neutral
     PRIMO.NS        Basic Materials    Small Cap         47.4         28.470032                               Hold / Neutral
   AVROIND.NS      Consumer Cyclical    Small Cap         47.4         28.470032                               Hold / Neutral
     IRCON.NS            Industrials    Small Cap         47.3         28.154574                               Hold / Neutral
    AFCONS.NS            Industrials    Small Cap         47.3         28.154574                               Hold / Neutral
     NIACL.NS     Financial Services      Mid Cap         47.3         28.154574                               Hold / Neutral
JUBLPHARMA.NS             Healthcare    Small Cap         47.3         28.154574                               Hold / Neutral
      ROTO.NS            Industrials    Small Cap         47.3         28.154574                               Hold / Neutral
   SBILIFE.NS     Financial Services    Large Cap         47.3         28.154574                               Hold / Neutral
   CEWATER.NS              Utilities    Small Cap         47.3         28.154574                               Hold / Neutral
     DISAQ.NS                    NaN    Small Cap         47.3         28.154574                               Hold / Neutral
    RHETAN.NS        Basic Materials    Small Cap         47.2         27.917981                               Hold / Neutral
GANGAFORGE.NS            Industrials    Small Cap         47.1         27.865405                               Hold / Neutral
   AGARIND.NS        Basic Materials    Small Cap         46.9         27.733964                               Hold / Neutral
  INDIACEM.NS        Basic Materials    Small Cap         46.9         27.733964                               Hold / Neutral
  CANHLIFE.NS     Financial Services    Small Cap         46.9         27.733964                               Hold / Neutral
 BAJAJELEC.NS      Consumer Cyclical    Small Cap         46.9         27.733964                               Hold / Neutral
 SCHNEIDER.NS            Industrials      Mid Cap         46.8         27.549947                               Hold / Neutral
INDSWFTLAB.NS             Healthcare    Small Cap         46.8         27.549947                               Hold / Neutral
  A2ZINFRA.NS            Industrials    Small Cap         46.8         27.549947                               Hold / Neutral
  HDFCLIFE.NS     Financial Services    Large Cap         46.7         27.392219                               Hold / Neutral
    GENCON.NS            Industrials    Small Cap         46.7         27.392219                               Hold / Neutral
     SATIA.NS        Basic Materials    Small Cap         46.7         27.392219                               Hold / Neutral
BHARTIARTL.NS Communication Services    Large Cap         46.6         27.234490                               Hold / Neutral
 LANDSMILL.NS            Industrials    Small Cap         46.6         27.234490                               Hold / Neutral
JINDALPOLY.NS      Consumer Cyclical    Small Cap         46.6         27.234490                               Hold / Neutral
 DAVANGERE.NS     Consumer Defensive    Small Cap         46.5         27.129338                               Hold / Neutral
BECTORFOOD.NS     Consumer Defensive    Small Cap         46.4         27.024185                               Hold / Neutral
    MITTAL.NS      Consumer Cyclical    Small Cap         46.4         27.024185                               Hold / Neutral
   GENESYS.NS             Technology    Small Cap         46.4         27.024185                               Hold / Neutral
       KEC.NS            Industrials    Small Cap         46.3         26.892744                               Hold / Neutral
 MURUDCERA.NS            Industrials    Small Cap         46.3         26.892744                               Hold / Neutral
     NYKAA.NS      Consumer Cyclical      Mid Cap         46.2         26.813880                               Hold / Neutral
NAGREEKEXP.NS      Consumer Cyclical    Small Cap         46.1         26.761304                               Hold / Neutral
 ELECTCAST.NS            Industrials    Small Cap         46.0         26.708728                               Hold / Neutral
MAGADSUGAR.NS     Consumer Defensive    Small Cap         45.9         26.656151                               Hold / Neutral
 MAWANASUG.NS     Consumer Defensive    Small Cap         45.8         26.577287                               Hold / Neutral
    SAGCEM.NS        Basic Materials    Small Cap         45.8         26.577287                               Hold / Neutral
 MUTHOOTMF.NS     Financial Services    Small Cap         45.7         26.472135                               Hold / Neutral
 JSWCEMENT.NS        Basic Materials    Small Cap         45.7         26.472135                               Hold / Neutral
  RAJRILTD.NS      Consumer Cyclical    Small Cap         45.5         26.366982                               Hold / Neutral
   ICDSLTD.NS            Real Estate    Small Cap         45.5         26.366982                               Hold / Neutral
 ARCHIDPLY.NS        Basic Materials    Small Cap         45.4         26.261830                               Hold / Neutral
BIRLAMONEY.NS     Financial Services    Small Cap         45.4         26.261830                               Hold / Neutral
    GRPLTD.NS      Consumer Cyclical    Small Cap         45.3         26.156677                               Hold / Neutral
JINDALSTEL.NS        Basic Materials    Large Cap         45.3         26.156677                               Hold / Neutral
 GUJAPOLLO.NS            Industrials    Small Cap         45.2         26.051525                               Hold / Neutral
  GRAPHITE.NS            Industrials    Small Cap         45.2         26.051525                               Hold / Neutral
 GOACARBON.NS        Basic Materials    Small Cap         45.1         25.893796                               Hold / Neutral
 IL&FSENGG.NS            Industrials    Small Cap         45.1         25.893796                               Hold / Neutral
  DCMSRIND.NS     Consumer Defensive    Small Cap         45.1         25.893796                               Hold / Neutral
  JUBLFOOD.NS      Consumer Cyclical      Mid Cap         45.1         25.893796                               Hold / Neutral
       AGL.NS            Industrials    Small Cap         45.0         24.132492 Avoid (Weak Fundamentals, Relative to Peers)
       HMT.NS            Industrials    Small Cap         45.0         24.132492 Avoid (Weak Fundamentals, Relative to Peers)
  KREBSBIO.NS             Healthcare    Small Cap         45.0         24.132492 Avoid (Weak Fundamentals, Relative to Peers)
 BLUECOAST.NS      Consumer Cyclical    Small Cap         45.0         24.132492 Avoid (Weak Fundamentals, Relative to Peers)
      RCOM.NS Communication Services    Small Cap         45.0         24.132492 Avoid (Weak Fundamentals, Relative to Peers)
    DISHTV.NS Communication Services    Small Cap         45.0         24.132492 Avoid (Weak Fundamentals, Relative to Peers)
       MEP.NS            Industrials    Small Cap         45.0         24.132492 Avoid (Weak Fundamentals, Relative to Peers)
  AGRITECH.NS     Consumer Defensive    Small Cap         45.0         24.132492 Avoid (Weak Fundamentals, Relative to Peers)
      ABAN.NS                 Energy    Small Cap         45.0         24.132492 Avoid (Weak Fundamentals, Relative to Peers)
BALKRISHNA.NS      Consumer Cyclical    Small Cap         45.0         24.132492 Avoid (Weak Fundamentals, Relative to Peers)
 BILVYAPAR.NS        Basic Materials    Small Cap         45.0         24.132492 Avoid (Weak Fundamentals, Relative to Peers)
ORISSAMINE.NS        Basic Materials    Small Cap         45.0         24.132492 Avoid (Weak Fundamentals, Relative to Peers)
     ORTEL.NS Communication Services    Small Cap         45.0         24.132492 Avoid (Weak Fundamentals, Relative to Peers)
   PREMIER.NS            Industrials    Small Cap         45.0         24.132492 Avoid (Weak Fundamentals, Relative to Peers)
  BLUECHIP.NS     Financial Services    Small Cap         45.0         24.132492 Avoid (Weak Fundamentals, Relative to Peers)
IMPEXFERRO.NS        Basic Materials    Small Cap         45.0         24.132492 Avoid (Weak Fundamentals, Relative to Peers)
   SADBHIN.NS            Industrials    Small Cap         45.0         24.132492 Avoid (Weak Fundamentals, Relative to Peers)
  MADHUCON.NS            Industrials    Small Cap         45.0         24.132492 Avoid (Weak Fundamentals, Relative to Peers)
  LYKALABS.NS             Healthcare    Small Cap         45.0         24.132492 Avoid (Weak Fundamentals, Relative to Peers)
      LPDC.NS            Real Estate    Small Cap         45.0         24.132492 Avoid (Weak Fundamentals, Relative to Peers)
 HCL-INSYS.NS             Technology    Small Cap         45.0         24.132492 Avoid (Weak Fundamentals, Relative to Peers)
      HDIL.NS            Real Estate    Small Cap         45.0         24.132492 Avoid (Weak Fundamentals, Relative to Peers)
 INFOMEDIA.NS     Financial Services    Small Cap         45.0         24.132492 Avoid (Weak Fundamentals, Relative to Peers)
DCMFINSERV.NS     Financial Services    Small Cap         45.0         24.132492 Avoid (Weak Fundamentals, Relative to Peers)
     NKIND.NS     Consumer Defensive    Small Cap         45.0         24.132492 Avoid (Weak Fundamentals, Relative to Peers)
 JITFINFRA.NS            Industrials    Small Cap         45.0         24.132492 Avoid (Weak Fundamentals, Relative to Peers)
   ESAFSFB.NS     Financial Services    Small Cap         45.0         24.132492 Avoid (Weak Fundamentals, Relative to Peers)
     OMAXE.NS            Real Estate    Small Cap         45.0         24.132492 Avoid (Weak Fundamentals, Relative to Peers)
 ENERGYDEV.NS              Utilities    Small Cap         45.0         24.132492 Avoid (Weak Fundamentals, Relative to Peers)
  ANSALAPI.NS            Real Estate    Small Cap         45.0         24.132492 Avoid (Weak Fundamentals, Relative to Peers)
ANKITMETAL.NS        Basic Materials    Small Cap         45.0         24.132492 Avoid (Weak Fundamentals, Relative to Peers)
 MTEDUCARE.NS     Consumer Defensive    Small Cap         45.0         24.132492 Avoid (Weak Fundamentals, Relative to Peers)
    RADAAN.NS Communication Services    Small Cap         45.0         24.132492 Avoid (Weak Fundamentals, Relative to Peers)
   DEVYANI.NS      Consumer Cyclical    Small Cap         45.0         24.132492 Avoid (Weak Fundamentals, Relative to Peers)
  RAMANEWS.NS     Consumer Defensive    Small Cap         45.0         24.132492 Avoid (Weak Fundamentals, Relative to Peers)
 FLEXITUFF.NS      Consumer Cyclical    Small Cap         45.0         24.132492 Avoid (Weak Fundamentals, Relative to Peers)
      FLFL.NS      Consumer Cyclical    Small Cap         45.0         24.132492 Avoid (Weak Fundamentals, Relative to Peers)
   ARSHIYA.NS            Industrials    Small Cap         45.0         24.132492 Avoid (Weak Fundamentals, Relative to Peers)
      KAYA.NS     Consumer Defensive    Small Cap         45.0         24.132492 Avoid (Weak Fundamentals, Relative to Peers)
 NEXTMEDIA.NS Communication Services    Small Cap         45.0         24.132492 Avoid (Weak Fundamentals, Relative to Peers)
      NIBL.NS            Industrials    Small Cap         45.0         24.132492 Avoid (Weak Fundamentals, Relative to Peers)
EUROTEXIND.NS            Real Estate    Small Cap         45.0         24.132492 Avoid (Weak Fundamentals, Relative to Peers)
ESSARSHPNG.NS            Industrials    Small Cap         45.0         24.132492 Avoid (Weak Fundamentals, Relative to Peers)
 BGRENERGY.NS            Industrials    Small Cap         45.0         24.132492 Avoid (Weak Fundamentals, Relative to Peers)
      BCPL.NS            Industrials    Small Cap         45.0         24.132492 Avoid (Weak Fundamentals, Relative to Peers)
      NDGL.NS     Financial Services    Small Cap         45.0         24.132492 Avoid (Weak Fundamentals, Relative to Peers)
   GAYAHWS.NS            Industrials    Small Cap         45.0         24.132492 Avoid (Weak Fundamentals, Relative to Peers)
    RENUKA.NS     Consumer Defensive    Small Cap         45.0         24.132492 Avoid (Weak Fundamentals, Relative to Peers)
 MALUPAPER.NS        Basic Materials    Small Cap         45.0         24.132492 Avoid (Weak Fundamentals, Relative to Peers)
REGENCERAM.NS            Industrials    Small Cap         45.0         24.132492 Avoid (Weak Fundamentals, Relative to Peers)
      RHFL.NS     Financial Services    Small Cap         45.0         24.132492 Avoid (Weak Fundamentals, Relative to Peers)
  DNAMEDIA.NS Communication Services    Small Cap         45.0         24.132492 Avoid (Weak Fundamentals, Relative to Peers)
 MUKTAARTS.NS Communication Services    Small Cap         45.0         24.132492 Avoid (Weak Fundamentals, Relative to Peers)
      MTNL.NS Communication Services    Small Cap         45.0         24.132492 Avoid (Weak Fundamentals, Relative to Peers)
SECURKLOUD.NS             Technology    Small Cap         45.0         24.132492 Avoid (Weak Fundamentals, Relative to Peers)
 SABEVENTS.NS Communication Services    Small Cap         45.0         24.132492 Avoid (Weak Fundamentals, Relative to Peers)
     SETCO.NS      Consumer Cyclical    Small Cap         45.0         24.132492 Avoid (Weak Fundamentals, Relative to Peers)
     SELMC.NS      Consumer Cyclical    Small Cap         45.0         24.132492 Avoid (Weak Fundamentals, Relative to Peers)
AKSHOPTFBR.NS             Technology    Small Cap         45.0         24.132492 Avoid (Weak Fundamentals, Relative to Peers)
  ALOKINDS.NS      Consumer Cyclical    Small Cap         45.0         24.132492 Avoid (Weak Fundamentals, Relative to Peers)
    PRAXIS.NS      Consumer Cyclical    Small Cap         45.0         24.132492 Avoid (Weak Fundamentals, Relative to Peers)
 EMAMIREAL.NS            Real Estate    Small Cap         45.0         24.132492 Avoid (Weak Fundamentals, Relative to Peers)
 PARSVNATH.NS            Real Estate    Small Cap         45.0         24.132492 Avoid (Weak Fundamentals, Relative to Peers)
     RUDRA.NS        Basic Materials    Small Cap         44.9         22.450053 Avoid (Weak Fundamentals, Relative to Peers)
  SAPPHIRE.NS      Consumer Cyclical    Small Cap         44.8         22.397476 Avoid (Weak Fundamentals, Relative to Peers)
PANACEABIO.NS             Healthcare    Small Cap         44.7         22.266036 Avoid (Weak Fundamentals, Relative to Peers)
  MBLINFRA.NS            Industrials    Small Cap         44.7         22.266036 Avoid (Weak Fundamentals, Relative to Peers)
   INDPRUD.NS                    NaN    Small Cap         44.7         22.266036 Avoid (Weak Fundamentals, Relative to Peers)
     BAJEL.NS              Utilities    Small Cap         44.7         22.266036 Avoid (Weak Fundamentals, Relative to Peers)
   GODIGIT.NS     Financial Services    Small Cap         44.6         22.108307 Avoid (Weak Fundamentals, Relative to Peers)
SHANTIGEAR.NS            Industrials    Small Cap         44.6         22.108307 Avoid (Weak Fundamentals, Relative to Peers)
   AAATECH.NS             Technology    Small Cap         44.5         21.976866 Avoid (Weak Fundamentals, Relative to Peers)
    DENORA.NS            Industrials    Small Cap         44.5         21.976866 Avoid (Weak Fundamentals, Relative to Peers)
  PIONRINV.NS                    NaN    Small Cap         44.5         21.976866 Avoid (Weak Fundamentals, Relative to Peers)
  BHANDARI.NS      Consumer Cyclical    Small Cap         44.4         21.845426 Avoid (Weak Fundamentals, Relative to Peers)
     AXITA.NS      Consumer Cyclical    Small Cap         44.4         21.845426 Avoid (Weak Fundamentals, Relative to Peers)
    AMANTA.NS             Healthcare    Small Cap         44.3         21.713985 Avoid (Weak Fundamentals, Relative to Peers)
PARKHOTELS.NS      Consumer Cyclical    Small Cap         44.3         21.713985 Avoid (Weak Fundamentals, Relative to Peers)
   ACSTECH.NS                    NaN    Small Cap         44.3         21.713985 Avoid (Weak Fundamentals, Relative to Peers)
       BDL.NS            Industrials      Mid Cap         44.2         21.582545 Avoid (Weak Fundamentals, Relative to Peers)
    HILTON.NS            Industrials    Small Cap         44.2         21.582545 Avoid (Weak Fundamentals, Relative to Peers)
   KRITIKA.NS        Basic Materials    Small Cap         44.0         21.503680 Avoid (Weak Fundamentals, Relative to Peers)
DHAMPURSUG.NS     Consumer Defensive    Small Cap         43.8         21.451104 Avoid (Weak Fundamentals, Relative to Peers)
   RANASUG.NS     Consumer Defensive    Small Cap         43.7         21.372240 Avoid (Weak Fundamentals, Relative to Peers)
   NECCLTD.NS            Industrials    Small Cap         43.7         21.372240 Avoid (Weak Fundamentals, Relative to Peers)
    ALICON.NS            Industrials    Small Cap         43.6         21.267087 Avoid (Weak Fundamentals, Relative to Peers)
 HINDPETRO.NS                 Energy      Mid Cap         43.6         21.267087 Avoid (Weak Fundamentals, Relative to Peers)
 GUJENERGY.NS              Utilities      Mid Cap         43.5         21.083070 Avoid (Weak Fundamentals, Relative to Peers)
     LEXUS.NS            Industrials    Small Cap         43.5         21.083070 Avoid (Weak Fundamentals, Relative to Peers)
     EIFFL.NS     Consumer Defensive    Small Cap         43.5         21.083070 Avoid (Weak Fundamentals, Relative to Peers)
   ELCIDIN.NS                    NaN    Small Cap         43.5         21.083070 Avoid (Weak Fundamentals, Relative to Peers)
       ACI.NS        Basic Materials    Small Cap         43.5         21.083070 Avoid (Weak Fundamentals, Relative to Peers)
      DCAL.NS             Healthcare    Small Cap         43.4         20.925342 Avoid (Weak Fundamentals, Relative to Peers)
    LUXIND.NS      Consumer Cyclical    Small Cap         43.3         20.846477 Avoid (Weak Fundamentals, Relative to Peers)
    PILITA.NS      Consumer Cyclical    Small Cap         43.3         20.846477 Avoid (Weak Fundamentals, Relative to Peers)
     ESTER.NS        Basic Materials    Small Cap         43.2         20.767613 Avoid (Weak Fundamentals, Relative to Peers)
  BAGFILMS.NS Communication Services    Small Cap         43.1         20.662461 Avoid (Weak Fundamentals, Relative to Peers)
   GVPTECH.NS             Technology    Small Cap         43.1         20.662461 Avoid (Weak Fundamentals, Relative to Peers)
   FOODSIN.NS     Consumer Defensive    Small Cap         43.1         20.662461 Avoid (Weak Fundamentals, Relative to Peers)
   ALLTIME.NS     Consumer Defensive    Small Cap         43.0         20.557308 Avoid (Weak Fundamentals, Relative to Peers)
 FOSECOIND.NS        Basic Materials    Small Cap         42.9         20.478444 Avoid (Weak Fundamentals, Relative to Peers)
MANAPPURAM.NS     Financial Services      Mid Cap         42.9         20.478444 Avoid (Weak Fundamentals, Relative to Peers)
  ADANIENT.NS                 Energy    Large Cap         42.8         20.399579 Avoid (Weak Fundamentals, Relative to Peers)
 COUNCODOS.NS            Real Estate    Small Cap         42.7         20.294427 Avoid (Weak Fundamentals, Relative to Peers)
    ABCOTS.NS      Consumer Cyclical    Small Cap         42.7         20.294427 Avoid (Weak Fundamentals, Relative to Peers)
   KUANTUM.NS        Basic Materials    Small Cap         42.7         20.294427 Avoid (Weak Fundamentals, Relative to Peers)
  DCXINDIA.NS            Industrials    Small Cap         42.5         20.005258 Avoid (Weak Fundamentals, Relative to Peers)
HEXATRADEX.NS     Financial Services    Small Cap         42.5         20.005258 Avoid (Weak Fundamentals, Relative to Peers)
  ACEINTEG.NS            Industrials    Small Cap         42.5         20.005258 Avoid (Weak Fundamentals, Relative to Peers)
GKWLIMITED.NS            Industrials    Small Cap         42.5         20.005258 Avoid (Weak Fundamentals, Relative to Peers)
 INTENTECH.NS             Technology    Small Cap         42.5         20.005258 Avoid (Weak Fundamentals, Relative to Peers)
    ODIGMA.NS Communication Services    Small Cap         42.5         20.005258 Avoid (Weak Fundamentals, Relative to Peers)
    LAKPRE.NS            Industrials    Small Cap         42.5         20.005258 Avoid (Weak Fundamentals, Relative to Peers)
OSWALGREEN.NS     Financial Services    Small Cap         42.5         20.005258 Avoid (Weak Fundamentals, Relative to Peers)
   ELANTAS.NS        Basic Materials    Small Cap         42.4         19.689800 Avoid (Weak Fundamentals, Relative to Peers)
      IITL.NS     Financial Services    Small Cap         42.4         19.689800 Avoid (Weak Fundamentals, Relative to Peers)
RAJSREESUG.NS     Consumer Defensive    Small Cap         42.4         19.689800 Avoid (Weak Fundamentals, Relative to Peers)
LCCINFOTEC.NS     Consumer Defensive    Small Cap         42.4         19.689800 Avoid (Weak Fundamentals, Relative to Peers)
  BOHRAIND.NS        Basic Materials    Small Cap         42.3         19.453207 Avoid (Weak Fundamentals, Relative to Peers)
       PNC.NS Communication Services    Small Cap         42.3         19.453207 Avoid (Weak Fundamentals, Relative to Peers)
ATLASCYCLE.NS      Consumer Cyclical    Small Cap         42.3         19.453207 Avoid (Weak Fundamentals, Relative to Peers)
     ASTAR.NS                    NaN    Small Cap         42.3         19.453207 Avoid (Weak Fundamentals, Relative to Peers)
   BALAJEE.NS      Consumer Cyclical    Small Cap         42.3         19.453207 Avoid (Weak Fundamentals, Relative to Peers)
BALAJITELE.NS Communication Services    Small Cap         42.2         19.295478 Avoid (Weak Fundamentals, Relative to Peers)
EASEMYTRIP.NS      Consumer Cyclical    Small Cap         42.1         19.190326 Avoid (Weak Fundamentals, Relative to Peers)
   BAJAJST.NS                    NaN    Small Cap         42.1         19.190326 Avoid (Weak Fundamentals, Relative to Peers)
  MIRZAINT.NS      Consumer Cyclical    Small Cap         42.1         19.190326 Avoid (Weak Fundamentals, Relative to Peers)
CARBORUNIV.NS            Industrials    Small Cap         42.0         19.006309 Avoid (Weak Fundamentals, Relative to Peers)
    KAYNES.NS             Technology      Mid Cap         42.0         19.006309 Avoid (Weak Fundamentals, Relative to Peers)
 DIAMINESQ.NS        Basic Materials    Small Cap         42.0         19.006309 Avoid (Weak Fundamentals, Relative to Peers)
 GRAVISSHO.NS                    NaN    Small Cap         42.0         19.006309 Avoid (Weak Fundamentals, Relative to Peers)
   ICICIGI.NS     Financial Services      Mid Cap         41.9         18.769716 Avoid (Weak Fundamentals, Relative to Peers)
     DSFCL.NS        Basic Materials    Small Cap         41.9         18.769716 Avoid (Weak Fundamentals, Relative to Peers)
     MUFIN.NS     Financial Services    Small Cap         41.9         18.769716 Avoid (Weak Fundamentals, Relative to Peers)
  CROMPTON.NS      Consumer Cyclical    Small Cap         41.9         18.769716 Avoid (Weak Fundamentals, Relative to Peers)
    AKSHAR.NS      Consumer Cyclical    Small Cap         41.9         18.769716 Avoid (Weak Fundamentals, Relative to Peers)
ALBERTDAVD.NS             Healthcare    Small Cap         41.7         18.559411 Avoid (Weak Fundamentals, Relative to Peers)
   HGINFRA.NS            Industrials    Small Cap         41.7         18.559411 Avoid (Weak Fundamentals, Relative to Peers)
     CCHHL.NS      Consumer Cyclical    Small Cap         41.7         18.559411 Avoid (Weak Fundamentals, Relative to Peers)
    MAMATA.NS            Industrials    Small Cap         41.6         18.349106 Avoid (Weak Fundamentals, Relative to Peers)
MAHSCOOTER.NS     Financial Services    Small Cap         41.6         18.349106 Avoid (Weak Fundamentals, Relative to Peers)
  GREENLAM.NS      Consumer Cyclical    Small Cap         41.6         18.349106 Avoid (Weak Fundamentals, Relative to Peers)
EUREKAFORB.NS      Consumer Cyclical    Small Cap         41.6         18.349106 Avoid (Weak Fundamentals, Relative to Peers)
       JHS.NS     Consumer Defensive    Small Cap         41.6         18.349106 Avoid (Weak Fundamentals, Relative to Peers)
  BEDMUTHA.NS        Basic Materials    Small Cap         41.5         18.112513 Avoid (Weak Fundamentals, Relative to Peers)
  COMFINTE.NS                    NaN    Small Cap         41.5         18.112513 Avoid (Weak Fundamentals, Relative to Peers)
     PKTEA.NS     Consumer Defensive    Small Cap         41.5         18.112513 Avoid (Weak Fundamentals, Relative to Peers)
   KHANDSE.NS     Financial Services    Small Cap         41.5         18.112513 Avoid (Weak Fundamentals, Relative to Peers)
  KAKATCEM.NS        Basic Materials    Small Cap         41.4         17.928496 Avoid (Weak Fundamentals, Relative to Peers)
GLOSTERLTD.NS      Consumer Cyclical    Small Cap         41.4         17.928496 Avoid (Weak Fundamentals, Relative to Peers)
      GICL.NS            Industrials    Small Cap         41.4         17.928496 Avoid (Weak Fundamentals, Relative to Peers)
     AMAGI.NS             Technology    Small Cap         41.3         17.770768 Avoid (Weak Fundamentals, Relative to Peers)
  ONMOBILE.NS Communication Services    Small Cap         41.3         17.770768 Avoid (Weak Fundamentals, Relative to Peers)
NIPPOBATRY.NS            Industrials    Small Cap         41.3         17.770768 Avoid (Weak Fundamentals, Relative to Peers)
BAJAJFINSV.NS     Financial Services    Large Cap         41.2         17.586751 Avoid (Weak Fundamentals, Relative to Peers)
    NEOGEN.NS        Basic Materials    Small Cap         41.2         17.586751 Avoid (Weak Fundamentals, Relative to Peers)
      RHIM.NS            Industrials    Small Cap         41.2         17.586751 Avoid (Weak Fundamentals, Relative to Peers)
 AYMSYNTEX.NS      Consumer Cyclical    Small Cap         41.2         17.586751 Avoid (Weak Fundamentals, Relative to Peers)
      HBSL.NS     Financial Services    Small Cap         41.1         17.402734 Avoid (Weak Fundamentals, Relative to Peers)
 IDEAFORGE.NS             Technology    Small Cap         41.1         17.402734 Avoid (Weak Fundamentals, Relative to Peers)
  OMINFRAL.NS            Industrials    Small Cap         41.1         17.402734 Avoid (Weak Fundamentals, Relative to Peers)
     ABLBL.NS      Consumer Cyclical    Small Cap         41.0         17.271293 Avoid (Weak Fundamentals, Relative to Peers)
ANTGRAPHIC.NS      Consumer Cyclical    Small Cap         41.0         17.271293 Avoid (Weak Fundamentals, Relative to Peers)
      RIIL.NS            Industrials    Small Cap         40.9         17.192429 Avoid (Weak Fundamentals, Relative to Peers)
     RITCO.NS            Industrials    Small Cap         40.8         17.087277 Avoid (Weak Fundamentals, Relative to Peers)
KIRANVYPAR.NS                    NaN    Small Cap         40.8         17.087277 Avoid (Weak Fundamentals, Relative to Peers)
  LANDMARK.NS      Consumer Cyclical    Small Cap         40.8         17.087277 Avoid (Weak Fundamentals, Relative to Peers)
PIONEEREMB.NS      Consumer Cyclical    Small Cap         40.7         16.929548 Avoid (Weak Fundamentals, Relative to Peers)
  JKCEMENT.NS        Basic Materials      Mid Cap         40.7         16.929548 Avoid (Weak Fundamentals, Relative to Peers)
  RTNINDIA.NS      Consumer Cyclical    Small Cap         40.7         16.929548 Avoid (Weak Fundamentals, Relative to Peers)
  HEMIPROP.NS            Real Estate    Small Cap         40.5         16.614090 Avoid (Weak Fundamentals, Relative to Peers)
    DCMSIL.NS            Industrials    Small Cap         40.5         16.614090 Avoid (Weak Fundamentals, Relative to Peers)
     NITCO.NS            Industrials    Small Cap         40.5         16.614090 Avoid (Weak Fundamentals, Relative to Peers)
     MICEL.NS             Technology    Small Cap         40.5         16.614090 Avoid (Weak Fundamentals, Relative to Peers)
       HGS.NS            Industrials    Small Cap         40.5         16.614090 Avoid (Weak Fundamentals, Relative to Peers)
    AARNAV.NS                    NaN    Small Cap         40.5         16.614090 Avoid (Weak Fundamentals, Relative to Peers)
      LASA.NS             Healthcare    Small Cap         40.5         16.614090 Avoid (Weak Fundamentals, Relative to Peers)
      REPL.NS            Industrials    Small Cap         40.5         16.614090 Avoid (Weak Fundamentals, Relative to Peers)
 ORIENTPPR.NS        Basic Materials    Small Cap         40.5         16.614090 Avoid (Weak Fundamentals, Relative to Peers)
     KOTIC.NS                    NaN    Small Cap         40.4         16.324921 Avoid (Weak Fundamentals, Relative to Peers)
      RKEC.NS            Industrials    Small Cap         40.4         16.324921 Avoid (Weak Fundamentals, Relative to Peers)
      MSPL.NS        Basic Materials    Small Cap         40.3         16.246057 Avoid (Weak Fundamentals, Relative to Peers)
       PWL.NS     Consumer Defensive      Mid Cap         40.2         16.140904 Avoid (Weak Fundamentals, Relative to Peers)
     BASML.NS      Consumer Cyclical    Small Cap         40.2         16.140904 Avoid (Weak Fundamentals, Relative to Peers)
ALKYLAMINE.NS        Basic Materials    Small Cap         40.2         16.140904 Avoid (Weak Fundamentals, Relative to Peers)
BNAGROCHEM.NS                    NaN    Small Cap         40.1         16.009464 Avoid (Weak Fundamentals, Relative to Peers)
    MAXIND.NS             Healthcare    Small Cap         40.1         16.009464 Avoid (Weak Fundamentals, Relative to Peers)
 SADHNANIQ.NS        Basic Materials    Small Cap         40.0         15.930599 Avoid (Weak Fundamentals, Relative to Peers)
MAHESHWARI.NS            Industrials    Small Cap         39.9         15.746583 Avoid (Weak Fundamentals, Relative to Peers)
ATHERENERG.NS      Consumer Cyclical      Mid Cap         39.9         15.746583 Avoid (Weak Fundamentals, Relative to Peers)
  ROSSTECH.NS            Industrials    Small Cap         39.9         15.746583 Avoid (Weak Fundamentals, Relative to Peers)
 SANGINITA.NS        Basic Materials    Small Cap         39.9         15.746583 Avoid (Weak Fundamentals, Relative to Peers)
 KEEPLEARN.NS     Consumer Defensive    Small Cap         39.9         15.746583 Avoid (Weak Fundamentals, Relative to Peers)
       PML.NS                    NaN    Small Cap         39.9         15.746583 Avoid (Weak Fundamentals, Relative to Peers)
    ROHLTD.NS      Consumer Cyclical    Small Cap         39.8         15.536278 Avoid (Weak Fundamentals, Relative to Peers)
       IVC.NS     Financial Services    Small Cap         39.8         15.536278 Avoid (Weak Fundamentals, Relative to Peers)
KABRAEXTRU.NS            Industrials    Small Cap         39.6         15.457413 Avoid (Weak Fundamentals, Relative to Peers)
  FIRSTCRY.NS      Consumer Cyclical    Small Cap         39.5         15.404837 Avoid (Weak Fundamentals, Relative to Peers)
 MERCURYEV.NS      Consumer Cyclical    Small Cap         39.4         15.352261 Avoid (Weak Fundamentals, Relative to Peers)
 SAIPARENT.NS             Healthcare    Small Cap         39.3         15.273396 Avoid (Weak Fundamentals, Relative to Peers)
BALRAMCHIN.NS     Consumer Defensive    Small Cap         39.3         15.273396 Avoid (Weak Fundamentals, Relative to Peers)
      NIBE.NS            Industrials    Small Cap         39.2         15.168244 Avoid (Weak Fundamentals, Relative to Peers)
   CHEMFAB.NS        Basic Materials    Small Cap         39.2         15.168244 Avoid (Weak Fundamentals, Relative to Peers)
ADANIGREEN.NS              Utilities    Large Cap         39.1         15.036803 Avoid (Weak Fundamentals, Relative to Peers)
ASIANTILES.NS            Industrials    Small Cap         39.1         15.036803 Avoid (Weak Fundamentals, Relative to Peers)
    PRAENG.NS            Real Estate    Small Cap         39.1         15.036803 Avoid (Weak Fundamentals, Relative to Peers)
      ROML.NS     Consumer Defensive    Small Cap         39.0         14.879075 Avoid (Weak Fundamentals, Relative to Peers)
ARIHANTSUP.NS            Real Estate    Small Cap         39.0         14.879075 Avoid (Weak Fundamentals, Relative to Peers)
   ARCHIES.NS      Consumer Cyclical    Small Cap         39.0         14.879075 Avoid (Weak Fundamentals, Relative to Peers)
     GOKUL.NS     Consumer Defensive    Small Cap         38.9         14.747634 Avoid (Weak Fundamentals, Relative to Peers)
    PRAVEG.NS                    NaN    Small Cap         38.9         14.747634 Avoid (Weak Fundamentals, Relative to Peers)
   HTMEDIA.NS Communication Services    Small Cap         38.8         14.642482 Avoid (Weak Fundamentals, Relative to Peers)
      RVNL.NS            Industrials      Mid Cap         38.8         14.642482 Avoid (Weak Fundamentals, Relative to Peers)
     DHRUV.NS            Industrials    Small Cap         38.6         14.537329 Avoid (Weak Fundamentals, Relative to Peers)
  LAHOTIOV.NS                    NaN    Small Cap         38.6         14.537329 Avoid (Weak Fundamentals, Relative to Peers)
  ANIKINDS.NS     Consumer Defensive    Small Cap         38.5         14.353312 Avoid (Weak Fundamentals, Relative to Peers)
    RETAIL.NS     Consumer Defensive    Small Cap         38.5         14.353312 Avoid (Weak Fundamentals, Relative to Peers)
 SARLAPOLY.NS      Consumer Cyclical    Small Cap         38.5         14.353312 Avoid (Weak Fundamentals, Relative to Peers)
     RAJTV.NS Communication Services    Small Cap         38.5         14.353312 Avoid (Weak Fundamentals, Relative to Peers)
 EDELWEISS.NS     Financial Services    Small Cap         38.5         14.353312 Avoid (Weak Fundamentals, Relative to Peers)
      IGPL.NS        Basic Materials    Small Cap         38.4         14.143007 Avoid (Weak Fundamentals, Relative to Peers)
 PRIMESECU.NS     Financial Services    Small Cap         38.4         14.143007 Avoid (Weak Fundamentals, Relative to Peers)
     PAKKA.NS        Basic Materials    Small Cap         38.4         14.143007 Avoid (Weak Fundamentals, Relative to Peers)
   DPSCLTD.NS              Utilities    Small Cap         38.3         14.011567 Avoid (Weak Fundamentals, Relative to Peers)
 MADHAVIPL.NS                    NaN    Small Cap         38.3         14.011567 Avoid (Weak Fundamentals, Relative to Peers)
     ISGEC.NS            Industrials    Small Cap         38.2         13.932702 Avoid (Weak Fundamentals, Relative to Peers)
     JSWHL.NS     Financial Services    Small Cap         38.1         13.827550 Avoid (Weak Fundamentals, Relative to Peers)
      BVCL.NS        Basic Materials    Small Cap         38.1         13.827550 Avoid (Weak Fundamentals, Relative to Peers)
GMMPFAUDLR.NS            Industrials    Small Cap         38.1         13.827550 Avoid (Weak Fundamentals, Relative to Peers)
       KSR.NS      Consumer Cyclical    Small Cap         38.0         13.643533 Avoid (Weak Fundamentals, Relative to Peers)
     AMBER.NS      Consumer Cyclical      Mid Cap         38.0         13.643533 Avoid (Weak Fundamentals, Relative to Peers)
CREATIVEYE.NS Communication Services    Small Cap         38.0         13.643533 Avoid (Weak Fundamentals, Relative to Peers)
 JAIBALAJI.NS        Basic Materials    Small Cap         38.0         13.643533 Avoid (Weak Fundamentals, Relative to Peers)
NORBTEAEXP.NS     Consumer Defensive    Small Cap         37.8         13.459516 Avoid (Weak Fundamentals, Relative to Peers)
      ATGL.NS              Utilities      Mid Cap         37.8         13.459516 Avoid (Weak Fundamentals, Relative to Peers)
AVADHSUGAR.NS     Consumer Defensive    Small Cap         37.8         13.459516 Avoid (Weak Fundamentals, Relative to Peers)
CEREBRAINT.NS            Industrials    Small Cap         37.7         13.222923 Avoid (Weak Fundamentals, Relative to Peers)
       SGL.NS      Consumer Cyclical    Small Cap         37.7         13.222923 Avoid (Weak Fundamentals, Relative to Peers)
       GSS.NS             Technology    Small Cap         37.7         13.222923 Avoid (Weak Fundamentals, Relative to Peers)
      DTIL.NS     Consumer Defensive    Small Cap         37.7         13.222923 Avoid (Weak Fundamentals, Relative to Peers)
   SALASAR.NS        Basic Materials    Small Cap         37.7         13.222923 Avoid (Weak Fundamentals, Relative to Peers)
   MOSCHIP.NS             Technology    Small Cap         37.7         13.222923 Avoid (Weak Fundamentals, Relative to Peers)
      JBMA.NS      Consumer Cyclical    Small Cap         37.6         13.012618 Avoid (Weak Fundamentals, Relative to Peers)
    FINOPB.NS     Financial Services    Small Cap         37.6         13.012618 Avoid (Weak Fundamentals, Relative to Peers)
PILANIINVS.NS     Financial Services    Small Cap         37.5         12.907466 Avoid (Weak Fundamentals, Relative to Peers)
   HLEGLAS.NS            Industrials    Small Cap         37.5         12.907466 Avoid (Weak Fundamentals, Relative to Peers)
 BIRLAPREC.NS                    NaN    Small Cap         37.4         12.749737 Avoid (Weak Fundamentals, Relative to Peers)
  MOBIKWIK.NS             Technology    Small Cap         37.4         12.749737 Avoid (Weak Fundamentals, Relative to Peers)
 AARTISURF.NS        Basic Materials    Small Cap         37.4         12.749737 Avoid (Weak Fundamentals, Relative to Peers)
DAMODARIND.NS      Consumer Cyclical    Small Cap         37.4         12.749737 Avoid (Weak Fundamentals, Relative to Peers)
     REPRO.NS            Industrials    Small Cap         37.2         12.513144 Avoid (Weak Fundamentals, Relative to Peers)
      IFCI.NS     Financial Services    Small Cap         37.2         12.513144 Avoid (Weak Fundamentals, Relative to Peers)
     EMBDL.NS            Real Estate    Small Cap         37.2         12.513144 Avoid (Weak Fundamentals, Relative to Peers)
   COHANCE.NS             Healthcare    Small Cap         37.2         12.513144 Avoid (Weak Fundamentals, Relative to Peers)
LOKESHMACH.NS            Industrials    Small Cap         37.2         12.513144 Avoid (Weak Fundamentals, Relative to Peers)
   ORCHASP.NS             Technology    Small Cap         37.1         12.329127 Avoid (Weak Fundamentals, Relative to Peers)
  DECCANCE.NS        Basic Materials    Small Cap         37.1         12.329127 Avoid (Weak Fundamentals, Relative to Peers)
ARVINDFASN.NS      Consumer Cyclical    Small Cap         37.0         12.223975 Avoid (Weak Fundamentals, Relative to Peers)
INDTERRAIN.NS      Consumer Cyclical    Small Cap         37.0         12.223975 Avoid (Weak Fundamentals, Relative to Peers)
    BEEKAY.NS                    NaN    Small Cap         36.9         12.145110 Avoid (Weak Fundamentals, Relative to Peers)
ORCHPHARMA.NS             Healthcare    Small Cap         36.6         12.066246 Avoid (Weak Fundamentals, Relative to Peers)
  ABANSENT.NS                    NaN    Small Cap         36.6         12.066246 Avoid (Weak Fundamentals, Relative to Peers)
  MOHITIND.NS      Consumer Cyclical    Small Cap         36.5         11.934805 Avoid (Weak Fundamentals, Relative to Peers)
       JWL.NS            Industrials    Small Cap         36.5         11.934805 Avoid (Weak Fundamentals, Relative to Peers)
     NOCIL.NS        Basic Materials    Small Cap         36.5         11.934805 Avoid (Weak Fundamentals, Relative to Peers)
  ETHOSLTD.NS      Consumer Cyclical    Small Cap         36.4         11.750789 Avoid (Weak Fundamentals, Relative to Peers)
      OBCL.NS            Industrials    Small Cap         36.4         11.750789 Avoid (Weak Fundamentals, Relative to Peers)
HIMATSEIDE.NS      Consumer Cyclical    Small Cap         36.4         11.750789 Avoid (Weak Fundamentals, Relative to Peers)
LIBERTSHOE.NS      Consumer Cyclical    Small Cap         36.4         11.750789 Avoid (Weak Fundamentals, Relative to Peers)
    KANCHI.NS                    NaN    Small Cap         36.3         11.540484 Avoid (Weak Fundamentals, Relative to Peers)
RSSOFTWARE.NS             Technology    Small Cap         36.3         11.540484 Avoid (Weak Fundamentals, Relative to Peers)
    DEEDEV.NS            Industrials    Small Cap         36.3         11.540484 Avoid (Weak Fundamentals, Relative to Peers)
      APCL.NS        Basic Materials    Small Cap         36.3         11.540484 Avoid (Weak Fundamentals, Relative to Peers)
  RICOAUTO.NS      Consumer Cyclical    Small Cap         36.2         11.356467 Avoid (Weak Fundamentals, Relative to Peers)
FLUOROCHEM.NS        Basic Materials      Mid Cap         36.2         11.356467 Avoid (Weak Fundamentals, Relative to Peers)
       PVP.NS            Industrials    Small Cap         36.2         11.356467 Avoid (Weak Fundamentals, Relative to Peers)
CAMLINFINE.NS        Basic Materials    Small Cap         36.1         11.225026 Avoid (Weak Fundamentals, Relative to Peers)
   ISHANCH.NS        Basic Materials    Small Cap         36.1         11.225026 Avoid (Weak Fundamentals, Relative to Peers)
   NITIRAJ.NS             Technology    Small Cap         36.0         11.119874 Avoid (Weak Fundamentals, Relative to Peers)
  CAPTRUST.NS     Financial Services    Small Cap         36.0         11.119874 Avoid (Weak Fundamentals, Relative to Peers)
SHALPAINTS.NS        Basic Materials    Small Cap         35.9         11.041009 Avoid (Weak Fundamentals, Relative to Peers)
      ABDL.NS     Consumer Defensive    Small Cap         35.8         10.962145 Avoid (Weak Fundamentals, Relative to Peers)
 BLUESTONE.NS      Consumer Cyclical    Small Cap         35.8         10.962145 Avoid (Weak Fundamentals, Relative to Peers)
    BNALTD.NS                    NaN    Small Cap         35.7         10.883281 Avoid (Weak Fundamentals, Relative to Peers)
      KECL.NS            Industrials    Small Cap         35.6         10.751840 Avoid (Weak Fundamentals, Relative to Peers)
    HIRECT.NS            Industrials    Small Cap         35.6         10.751840 Avoid (Weak Fundamentals, Relative to Peers)
    LAGNAM.NS      Consumer Cyclical    Small Cap         35.6         10.751840 Avoid (Weak Fundamentals, Relative to Peers)
      GTPL.NS Communication Services    Small Cap         35.6         10.751840 Avoid (Weak Fundamentals, Relative to Peers)
DREDGECORP.NS            Industrials    Small Cap         35.4         10.620400 Avoid (Weak Fundamentals, Relative to Peers)
JISLJALEQS.NS            Industrials    Small Cap         35.3         10.541535 Avoid (Weak Fundamentals, Relative to Peers)
JISLDVREQS.NS            Industrials    Small Cap         35.3         10.541535 Avoid (Weak Fundamentals, Relative to Peers)
PRAKASHSTL.NS        Basic Materials    Small Cap         35.2         10.436383 Avoid (Weak Fundamentals, Relative to Peers)
ABMINTLLTD.NS        Basic Materials    Small Cap         35.2         10.436383 Avoid (Weak Fundamentals, Relative to Peers)
      NDTV.NS Communication Services    Small Cap         35.1         10.357518 Avoid (Weak Fundamentals, Relative to Peers)
  COMPINFO.NS             Technology    Small Cap         35.0         10.173502 Avoid (Weak Fundamentals, Relative to Peers)
 ELECTHERM.NS        Basic Materials    Small Cap         35.0         10.173502 Avoid (Weak Fundamentals, Relative to Peers)
   HERANBA.NS        Basic Materials    Small Cap         35.0         10.173502 Avoid (Weak Fundamentals, Relative to Peers)
JINDALPHOT.NS     Financial Services    Small Cap         35.0         10.173502 Avoid (Weak Fundamentals, Relative to Peers)
    AGSTRA.NS             Technology    Small Cap         35.0         10.173502 Avoid (Weak Fundamentals, Relative to Peers)
       ACL.NS        Basic Materials    Small Cap         35.0         10.173502 Avoid (Weak Fundamentals, Relative to Peers)
   MAANALU.NS        Basic Materials    Small Cap         34.9          9.989485 Avoid (Weak Fundamentals, Relative to Peers)
 KALPATARU.NS            Real Estate    Small Cap         34.7          9.910620 Avoid (Weak Fundamentals, Relative to Peers)
    HATSUN.NS     Consumer Defensive    Small Cap         34.7          9.910620 Avoid (Weak Fundamentals, Relative to Peers)
     GSLSU.NS        Basic Materials    Small Cap         34.6          9.779180 Avoid (Weak Fundamentals, Relative to Peers)
 AXISCADES.NS            Industrials    Small Cap         34.6          9.779180 Avoid (Weak Fundamentals, Relative to Peers)
  SHANKARA.NS      Consumer Cyclical    Small Cap         34.6          9.779180 Avoid (Weak Fundamentals, Relative to Peers)
NAHARSPING.NS      Consumer Cyclical    Small Cap         34.5          9.674027 Avoid (Weak Fundamentals, Relative to Peers)
SAYAJIHOTL.NS      Consumer Cyclical    Small Cap         34.4          9.542587 Avoid (Weak Fundamentals, Relative to Peers)
      BRNL.NS            Industrials    Small Cap         34.4          9.542587 Avoid (Weak Fundamentals, Relative to Peers)
   RAYMOND.NS            Industrials    Small Cap         34.4          9.542587 Avoid (Weak Fundamentals, Relative to Peers)
ORTINGLOBE.NS             Healthcare    Small Cap         34.4          9.542587 Avoid (Weak Fundamentals, Relative to Peers)
      KWIL.NS     Consumer Defensive    Small Cap         34.3          9.384858 Avoid (Weak Fundamentals, Relative to Peers)
   OLAELEC.NS      Consumer Cyclical    Small Cap         34.3          9.384858 Avoid (Weak Fundamentals, Relative to Peers)
       BPL.NS             Technology    Small Cap         34.2          9.305994 Avoid (Weak Fundamentals, Relative to Peers)
      PGEL.NS             Technology    Small Cap         34.1          9.227129 Avoid (Weak Fundamentals, Relative to Peers)
GMRAIRPORT.NS            Industrials    Large Cap         34.1          9.227129 Avoid (Weak Fundamentals, Relative to Peers)
SAURASHCEM.NS        Basic Materials    Small Cap         33.9          9.148265 Avoid (Weak Fundamentals, Relative to Peers)
AROGRANITE.NS            Industrials    Small Cap         33.8          9.095689 Avoid (Weak Fundamentals, Relative to Peers)
  OPTIEMUS.NS             Technology    Small Cap         33.6          9.016824 Avoid (Weak Fundamentals, Relative to Peers)
 JSWENERGY.NS              Utilities    Large Cap         33.6          9.016824 Avoid (Weak Fundamentals, Relative to Peers)
  BHAGCHEM.NS        Basic Materials    Small Cap         33.5          8.885384 Avoid (Weak Fundamentals, Relative to Peers)
 ORIENTLTD.NS      Consumer Cyclical    Small Cap         33.5          8.885384 Avoid (Weak Fundamentals, Relative to Peers)
       RIR.NS             Technology    Small Cap         33.5          8.885384 Avoid (Weak Fundamentals, Relative to Peers)
    RPOWER.NS              Utilities    Small Cap         33.3          8.780231 Avoid (Weak Fundamentals, Relative to Peers)
   SEYAIND.NS        Basic Materials    Small Cap         33.1          8.727655 Avoid (Weak Fundamentals, Relative to Peers)
  CLEANMAX.NS              Utilities    Small Cap         33.0          8.622503 Avoid (Weak Fundamentals, Relative to Peers)
     CURAA.NS             Technology    Small Cap         33.0          8.622503 Avoid (Weak Fundamentals, Relative to Peers)
   AERONEU.NS      Consumer Cyclical    Small Cap         33.0          8.622503 Avoid (Weak Fundamentals, Relative to Peers)
BHARATFORG.NS      Consumer Cyclical    Large Cap         32.9          8.517350 Avoid (Weak Fundamentals, Relative to Peers)
  PROZONER.NS            Real Estate    Small Cap         32.8          8.438486 Avoid (Weak Fundamentals, Relative to Peers)
 DIAMONDYD.NS     Consumer Defensive    Small Cap         32.8          8.438486 Avoid (Weak Fundamentals, Relative to Peers)
       IWP.NS                    NaN    Small Cap         32.7          8.359621 Avoid (Weak Fundamentals, Relative to Peers)
        BI.NS                    NaN    Small Cap         32.6          8.254469 Avoid (Weak Fundamentals, Relative to Peers)
     ABFRL.NS      Consumer Cyclical    Small Cap         32.6          8.254469 Avoid (Weak Fundamentals, Relative to Peers)
 BALPHARMA.NS             Healthcare    Small Cap         32.6          8.254469 Avoid (Weak Fundamentals, Relative to Peers)
      BEML.NS            Industrials    Small Cap         32.5          7.623554 Avoid (Weak Fundamentals, Relative to Peers)
    GVKPIL.NS              Utilities    Small Cap         32.5          7.623554 Avoid (Weak Fundamentals, Relative to Peers)
  ARENTERP.NS        Basic Materials    Small Cap         32.5          7.623554 Avoid (Weak Fundamentals, Relative to Peers)
   NECLIFE.NS             Healthcare    Small Cap         32.5          7.623554 Avoid (Weak Fundamentals, Relative to Peers)
    FELDVR.NS      Consumer Cyclical    Small Cap         32.5          7.623554 Avoid (Weak Fundamentals, Relative to Peers)
PARASPETRO.NS      Consumer Cyclical    Small Cap         32.5          7.623554 Avoid (Weak Fundamentals, Relative to Peers)
21STCENMGM.NS     Financial Services    Small Cap         32.5          7.623554 Avoid (Weak Fundamentals, Relative to Peers)
ORIENTTECH.NS             Technology    Small Cap         32.5          7.623554 Avoid (Weak Fundamentals, Relative to Peers)
   BIRLANU.NS            Industrials    Small Cap         32.5          7.623554 Avoid (Weak Fundamentals, Relative to Peers)
   HEADSUP.NS      Consumer Cyclical    Small Cap         32.5          7.623554 Avoid (Weak Fundamentals, Relative to Peers)
       FEL.NS      Consumer Cyclical    Small Cap         32.5          7.623554 Avoid (Weak Fundamentals, Relative to Peers)
 OSWALAGRO.NS            Real Estate    Small Cap         32.5          7.623554 Avoid (Weak Fundamentals, Relative to Peers)
  DBREALTY.NS            Real Estate    Small Cap         32.5          7.623554 Avoid (Weak Fundamentals, Relative to Peers)
  ALPHAGEO.NS                 Energy    Small Cap         32.5          7.623554 Avoid (Weak Fundamentals, Relative to Peers)
 PEARLPOLY.NS      Consumer Cyclical    Small Cap         32.5          7.623554 Avoid (Weak Fundamentals, Relative to Peers)
      BTTL.NS      Consumer Cyclical    Small Cap         32.5          7.623554 Avoid (Weak Fundamentals, Relative to Peers)
GLOBALVECT.NS            Industrials    Small Cap         32.5          7.623554 Avoid (Weak Fundamentals, Relative to Peers)
 MCCHRLS-B.NS                    NaN    Small Cap         32.5          7.623554 Avoid (Weak Fundamentals, Relative to Peers)
MCLEODRUSS.NS     Consumer Defensive    Small Cap         32.5          7.623554 Avoid (Weak Fundamentals, Relative to Peers)
MAHAPEXLTD.NS     Financial Services    Small Cap         32.5          7.623554 Avoid (Weak Fundamentals, Relative to Peers)
      LFIC.NS     Financial Services    Small Cap         32.5          7.623554 Avoid (Weak Fundamentals, Relative to Peers)
    INDOCO.NS             Healthcare    Small Cap         32.4          7.045216 Avoid (Weak Fundamentals, Relative to Peers)
MODIRUBBER.NS            Real Estate    Small Cap         32.2          6.966351 Avoid (Weak Fundamentals, Relative to Peers)
  BATLIBOI.NS            Industrials    Small Cap         32.2          6.966351 Avoid (Weak Fundamentals, Relative to Peers)
    ANURAS.NS        Basic Materials    Small Cap         32.1          6.887487 Avoid (Weak Fundamentals, Relative to Peers)
     MHRIL.NS      Consumer Cyclical    Small Cap         32.0          6.834911 Avoid (Weak Fundamentals, Relative to Peers)
JAYSREETEA.NS     Consumer Defensive    Small Cap         31.9          6.756046 Avoid (Weak Fundamentals, Relative to Peers)
  LOYALTEX.NS      Consumer Cyclical    Small Cap         31.9          6.756046 Avoid (Weak Fundamentals, Relative to Peers)
    DAICHI.NS                    NaN    Small Cap         31.8          6.650894 Avoid (Weak Fundamentals, Relative to Peers)
   GLOBALE.NS      Consumer Cyclical    Small Cap         31.8          6.650894 Avoid (Weak Fundamentals, Relative to Peers)
  MANGALAM.NS             Healthcare    Small Cap         31.6          6.519453 Avoid (Weak Fundamentals, Relative to Peers)
    EXICOM.NS            Industrials    Small Cap         31.6          6.519453 Avoid (Weak Fundamentals, Relative to Peers)
 CLEDUCATE.NS     Consumer Defensive    Small Cap         31.6          6.519453 Avoid (Weak Fundamentals, Relative to Peers)
     KIOCL.NS        Basic Materials    Small Cap         31.5          6.309148 Avoid (Weak Fundamentals, Relative to Peers)
  DECNGOLD.NS                    NaN    Small Cap         31.5          6.309148 Avoid (Weak Fundamentals, Relative to Peers)
  PRESTIGE.NS            Real Estate      Mid Cap         31.5          6.309148 Avoid (Weak Fundamentals, Relative to Peers)
QUADFUTURE.NS            Industrials    Small Cap         31.5          6.309148 Avoid (Weak Fundamentals, Relative to Peers)
     GOKEX.NS      Consumer Cyclical    Small Cap         31.5          6.309148 Avoid (Weak Fundamentals, Relative to Peers)
CHEMPLASTS.NS        Basic Materials    Small Cap         31.4          6.098843 Avoid (Weak Fundamentals, Relative to Peers)
      RKDL.NS     Consumer Defensive    Small Cap         31.4          6.098843 Avoid (Weak Fundamentals, Relative to Peers)
   AIROLAM.NS      Consumer Cyclical    Small Cap         31.4          6.098843 Avoid (Weak Fundamentals, Relative to Peers)
    PFOCUS.NS Communication Services    Small Cap         31.3          5.941115 Avoid (Weak Fundamentals, Relative to Peers)
    PRABHA.NS                 Energy    Small Cap         31.3          5.941115 Avoid (Weak Fundamentals, Relative to Peers)
   EQUIPPP.NS             Technology    Small Cap         31.3          5.941115 Avoid (Weak Fundamentals, Relative to Peers)
    ARKADE.NS            Real Estate    Small Cap         31.2          5.783386 Avoid (Weak Fundamentals, Relative to Peers)
    ASTRON.NS        Basic Materials    Small Cap         31.2          5.783386 Avoid (Weak Fundamentals, Relative to Peers)
       BIL.NS      Consumer Cyclical    Small Cap         31.2          5.783386 Avoid (Weak Fundamentals, Relative to Peers)
 BATAINDIA.NS      Consumer Cyclical    Small Cap         31.1          5.678233 Avoid (Weak Fundamentals, Relative to Peers)
     ASTEC.NS        Basic Materials    Small Cap         31.0          5.573081 Avoid (Weak Fundamentals, Relative to Peers)
       HGM.NS             Technology    Small Cap         31.0          5.573081 Avoid (Weak Fundamentals, Relative to Peers)
      MFSL.NS     Financial Services      Mid Cap         31.0          5.573081 Avoid (Weak Fundamentals, Relative to Peers)
KAVDEFENCE.NS             Technology    Small Cap         30.9          5.415352 Avoid (Weak Fundamentals, Relative to Peers)
   HEALTHX.NS             Healthcare    Small Cap         30.9          5.415352 Avoid (Weak Fundamentals, Relative to Peers)
BOSCH-HCIL.NS      Consumer Cyclical    Small Cap         30.9          5.415352 Avoid (Weak Fundamentals, Relative to Peers)
  SAMBHAAV.NS Communication Services    Small Cap         30.7          5.283912 Avoid (Weak Fundamentals, Relative to Peers)
  SANATHAN.NS      Consumer Cyclical    Small Cap         30.7          5.283912 Avoid (Weak Fundamentals, Relative to Peers)
    ABMKNO.NS                    NaN    Small Cap         30.5          5.178759 Avoid (Weak Fundamentals, Relative to Peers)
  INDOSTAR.NS     Financial Services    Small Cap         30.5          5.178759 Avoid (Weak Fundamentals, Relative to Peers)
  DELPHIFX.NS     Financial Services    Small Cap         30.4          5.099895 Avoid (Weak Fundamentals, Relative to Peers)
    NBIFIN.NS     Financial Services    Small Cap         30.3          5.047319 Avoid (Weak Fundamentals, Relative to Peers)
      ENIL.NS Communication Services    Small Cap         30.2          4.968454 Avoid (Weak Fundamentals, Relative to Peers)
KOLTEPATIL.NS            Real Estate    Small Cap         30.2          4.968454 Avoid (Weak Fundamentals, Relative to Peers)
  RELCHEMQ.NS      Consumer Cyclical    Small Cap         30.1          4.889590 Avoid (Weak Fundamentals, Relative to Peers)
  LENSKART.NS             Healthcare      Mid Cap         30.0          4.837014 Avoid (Weak Fundamentals, Relative to Peers)
   NSLNISP.NS        Basic Materials    Small Cap         29.9          4.784437 Avoid (Weak Fundamentals, Relative to Peers)
 RAMASTEEL.NS        Basic Materials    Small Cap         29.8          4.705573 Avoid (Weak Fundamentals, Relative to Peers)
GREENPANEL.NS        Basic Materials    Small Cap         29.8          4.705573 Avoid (Weak Fundamentals, Relative to Peers)
  INDOWIND.NS              Utilities    Small Cap         29.7          4.626709 Avoid (Weak Fundamentals, Relative to Peers)
HINDWAREAP.NS      Consumer Cyclical    Small Cap         29.6          4.547844 Avoid (Weak Fundamentals, Relative to Peers)
KAMOPAINTS.NS        Basic Materials    Small Cap         29.6          4.547844 Avoid (Weak Fundamentals, Relative to Peers)
 ANDHRAPAP.NS        Basic Materials    Small Cap         29.5          4.442692 Avoid (Weak Fundamentals, Relative to Peers)
   GANECOS.NS      Consumer Cyclical    Small Cap         29.5          4.442692 Avoid (Weak Fundamentals, Relative to Peers)
    BALAXI.NS             Healthcare    Small Cap         29.1          4.337539 Avoid (Weak Fundamentals, Relative to Peers)
 RUSTOMJEE.NS            Real Estate    Small Cap         29.1          4.337539 Avoid (Weak Fundamentals, Relative to Peers)
ASIANHOTNR.NS      Consumer Cyclical    Small Cap         28.9          4.258675 Avoid (Weak Fundamentals, Relative to Peers)
     KRITI.NS            Industrials    Small Cap         28.8          4.179811 Avoid (Weak Fundamentals, Relative to Peers)
      FACT.NS        Basic Materials      Mid Cap         28.8          4.179811 Avoid (Weak Fundamentals, Relative to Peers)
    MAGNUM.NS        Basic Materials    Small Cap         28.6          4.074658 Avoid (Weak Fundamentals, Relative to Peers)
NDLVENTURE.NS Communication Services    Small Cap         28.6          4.074658 Avoid (Weak Fundamentals, Relative to Peers)
      KICL.NS     Financial Services    Small Cap         28.3          3.969506 Avoid (Weak Fundamentals, Relative to Peers)
    HLVLTD.NS      Consumer Cyclical    Small Cap         28.3          3.969506 Avoid (Weak Fundamentals, Relative to Peers)
       AKG.NS            Industrials    Small Cap         28.1          3.864353 Avoid (Weak Fundamentals, Relative to Peers)
  CORDELIA.NS            Industrials    Small Cap         28.1          3.864353 Avoid (Weak Fundamentals, Relative to Peers)
  LOTUSEYE.NS             Healthcare    Small Cap         27.9          3.785489 Avoid (Weak Fundamentals, Relative to Peers)
IL&FSTRANS.NS            Industrials    Small Cap         27.6          3.706625 Avoid (Weak Fundamentals, Relative to Peers)
  ESSENTIA.NS     Consumer Defensive    Small Cap         27.6          3.706625 Avoid (Weak Fundamentals, Relative to Peers)
  SANWARIA.NS     Consumer Defensive    Small Cap         27.5          3.627760 Avoid (Weak Fundamentals, Relative to Peers)
     ABREL.NS            Real Estate    Small Cap         27.3          3.575184 Avoid (Weak Fundamentals, Relative to Peers)
    INDIGO.NS            Industrials    Large Cap         26.9          3.496320 Avoid (Weak Fundamentals, Relative to Peers)
      MMWL.NS Communication Services    Small Cap         26.9          3.496320 Avoid (Weak Fundamentals, Relative to Peers)
    DANGEE.NS      Consumer Cyclical    Small Cap         26.7          3.364879 Avoid (Weak Fundamentals, Relative to Peers)
    RUSHIL.NS      Consumer Cyclical    Small Cap         26.7          3.364879 Avoid (Weak Fundamentals, Relative to Peers)
MERCANTILE.NS                    NaN    Small Cap         26.7          3.364879 Avoid (Weak Fundamentals, Relative to Peers)
MAXESTATES.NS            Real Estate    Small Cap         26.6          3.233438 Avoid (Weak Fundamentals, Relative to Peers)
KESORAMIND.NS        Basic Materials    Small Cap         26.6          3.233438 Avoid (Weak Fundamentals, Relative to Peers)
     PRITI.NS      Consumer Cyclical    Small Cap         26.5          3.154574 Avoid (Weak Fundamentals, Relative to Peers)
 PALREDTEC.NS             Technology    Small Cap         26.4          3.101998 Avoid (Weak Fundamentals, Relative to Peers)
       ADL.NS      Consumer Cyclical    Small Cap         26.3          3.049422 Avoid (Weak Fundamentals, Relative to Peers)
  RELIGARE.NS     Financial Services    Small Cap         26.1          2.996845 Avoid (Weak Fundamentals, Relative to Peers)
  IGARASHI.NS      Consumer Cyclical    Small Cap         25.9          2.944269 Avoid (Weak Fundamentals, Relative to Peers)
 BLKASHYAP.NS            Industrials    Small Cap         25.6          2.891693 Avoid (Weak Fundamentals, Relative to Peers)
       BSL.NS      Consumer Cyclical    Small Cap         25.4          2.786540 Avoid (Weak Fundamentals, Relative to Peers)
      LGHL.NS      Consumer Cyclical    Small Cap         25.4          2.786540 Avoid (Weak Fundamentals, Relative to Peers)
      SDBL.NS     Consumer Defensive    Small Cap         25.4          2.786540 Avoid (Weak Fundamentals, Relative to Peers)
       CTE.NS             Technology    Small Cap         25.3          2.681388 Avoid (Weak Fundamentals, Relative to Peers)
      MFML.NS      Consumer Cyclical    Small Cap         24.6          2.628812 Avoid (Weak Fundamentals, Relative to Peers)
    BIOCON.NS             Healthcare      Mid Cap         24.5          2.549947 Avoid (Weak Fundamentals, Relative to Peers)
     BANKA.NS            Industrials    Small Cap         24.5          2.549947 Avoid (Weak Fundamentals, Relative to Peers)
   ICEMAKE.NS            Industrials    Small Cap         24.2          2.471083 Avoid (Weak Fundamentals, Relative to Peers)
 DELHIVERY.NS            Industrials      Mid Cap         23.8          2.418507 Avoid (Weak Fundamentals, Relative to Peers)
   PRAJIND.NS            Industrials    Small Cap         23.7          2.339642 Avoid (Weak Fundamentals, Relative to Peers)
  RPSGVENT.NS             Technology    Small Cap         23.7          2.339642 Avoid (Weak Fundamentals, Relative to Peers)
 MARALOVER.NS      Consumer Cyclical    Small Cap         23.2          2.260778 Avoid (Weak Fundamentals, Relative to Peers)
  GOLDTECH.NS             Technology    Small Cap         23.1          2.208202 Avoid (Weak Fundamentals, Relative to Peers)
      PVSL.NS      Consumer Cyclical    Small Cap         22.5          1.787592 Avoid (Weak Fundamentals, Relative to Peers)
 PENINLAND.NS            Real Estate    Small Cap         22.5          1.787592 Avoid (Weak Fundamentals, Relative to Peers)
DELTAMAGNT.NS      Consumer Cyclical    Small Cap         22.5          1.787592 Avoid (Weak Fundamentals, Relative to Peers)
SAMMAANCAP.NS     Financial Services    Small Cap         22.5          1.787592 Avoid (Weak Fundamentals, Relative to Peers)
   HAVISHA.NS      Consumer Cyclical    Small Cap         22.5          1.787592 Avoid (Weak Fundamentals, Relative to Peers)
  GRANDOAK.NS                    NaN    Small Cap         22.5          1.787592 Avoid (Weak Fundamentals, Relative to Peers)
    CLCIND.NS      Consumer Cyclical    Small Cap         22.5          1.787592 Avoid (Weak Fundamentals, Relative to Peers)
 GTECJAINX.NS     Consumer Defensive    Small Cap         22.5          1.787592 Avoid (Weak Fundamentals, Relative to Peers)
 ELGIRUBCO.NS      Consumer Cyclical    Small Cap         22.5          1.787592 Avoid (Weak Fundamentals, Relative to Peers)
  INDIQUBE.NS            Real Estate    Small Cap         22.5          1.787592 Avoid (Weak Fundamentals, Relative to Peers)
   CENTRUM.NS     Financial Services    Small Cap         22.5          1.787592 Avoid (Weak Fundamentals, Relative to Peers)
 CELEBRITY.NS      Consumer Cyclical    Small Cap         22.5          1.787592 Avoid (Weak Fundamentals, Relative to Peers)
       RBA.NS      Consumer Cyclical    Small Cap         22.5          1.787592 Avoid (Weak Fundamentals, Relative to Peers)
  EASTSILK.NS      Consumer Cyclical    Small Cap         22.5          1.787592 Avoid (Weak Fundamentals, Relative to Peers)
  SALSTEEL.NS        Basic Materials    Small Cap         22.5          1.787592 Avoid (Weak Fundamentals, Relative to Peers)
     PURVA.NS            Real Estate    Small Cap         22.3          1.340694 Avoid (Weak Fundamentals, Relative to Peers)
     KITEX.NS      Consumer Cyclical    Small Cap         22.3          1.340694 Avoid (Weak Fundamentals, Relative to Peers)
  ALLCARGO.NS            Industrials    Small Cap         22.2          1.235542 Avoid (Weak Fundamentals, Relative to Peers)
      KIMS.NS             Healthcare      Mid Cap         22.2          1.235542 Avoid (Weak Fundamentals, Relative to Peers)
     AKASH.NS            Industrials    Small Cap         21.8          1.156677 Avoid (Weak Fundamentals, Relative to Peers)
 FILATFASH.NS      Consumer Cyclical    Small Cap         21.1          1.104101 Avoid (Weak Fundamentals, Relative to Peers)
 PASHUPATI.NS      Consumer Cyclical    Small Cap         20.8          1.051525 Avoid (Weak Fundamentals, Relative to Peers)
    SALONA.NS      Consumer Cyclical    Small Cap         20.6          0.998948 Avoid (Weak Fundamentals, Relative to Peers)
    DCMNVL.NS      Consumer Cyclical    Small Cap         20.2          0.946372 Avoid (Weak Fundamentals, Relative to Peers)
DYNAMATECH.NS      Consumer Cyclical    Small Cap         19.8          0.893796 Avoid (Weak Fundamentals, Relative to Peers)
    KHADIM.NS      Consumer Cyclical    Small Cap         19.6          0.841220 Avoid (Weak Fundamentals, Relative to Peers)
   BIGBLOC.NS            Industrials    Small Cap         18.7          0.788644 Avoid (Weak Fundamentals, Relative to Peers)
  GEMAROMA.NS        Basic Materials    Small Cap         18.1          0.736067 Avoid (Weak Fundamentals, Relative to Peers)
  ATLANTAA.NS            Industrials    Small Cap         17.7          0.683491 Avoid (Weak Fundamentals, Relative to Peers)
  IMAGICAA.NS Communication Services    Small Cap         17.5          0.630915 Avoid (Weak Fundamentals, Relative to Peers)
 GODAVARIB.NS        Basic Materials    Small Cap         15.3          0.578339 Avoid (Weak Fundamentals, Relative to Peers)
 BCONCEPTS.NS      Consumer Cyclical    Small Cap         14.8          0.525762 Avoid (Weak Fundamentals, Relative to Peers)
    FUSION.NS     Financial Services    Small Cap         14.1          0.473186 Avoid (Weak Fundamentals, Relative to Peers)
     EPACK.NS      Consumer Cyclical    Small Cap         13.8          0.420610 Avoid (Weak Fundamentals, Relative to Peers)
      BLAL.NS     Financial Services    Small Cap         13.0          0.368034 Avoid (Weak Fundamentals, Relative to Peers)
 MONEYBOXX.NS     Financial Services    Small Cap         12.6          0.315457 Avoid (Weak Fundamentals, Relative to Peers)
   AHLEAST.NS      Consumer Cyclical    Small Cap         12.5          0.262881 Avoid (Weak Fundamentals, Relative to Peers)
 ARTNIRMAN.NS            Real Estate    Small Cap         11.1          0.210305 Avoid (Weak Fundamentals, Relative to Peers)
       HCG.NS             Healthcare    Small Cap         10.9          0.157729 Avoid (Weak Fundamentals, Relative to Peers)
      SGIL.NS            Industrials    Small Cap          8.1          0.105152 Avoid (Weak Fundamentals, Relative to Peers)
 DGCONTENT.NS Communication Services    Small Cap          5.6          0.052576 Avoid (Weak Fundamentals, Relative to Peers)

=== RECOMMENDATION DISTRIBUTION ===
recommendation
Hold / Neutral                                  554
Avoid (Weak Fundamentals, Relative to Peers)    490
Accumulate                                      477
Strong Buy (Long-Term)                          381
Name: count, dtype: int64

=== SCORE BREAKDOWN (top 5) ===
      symbol  valuation_score  profitability_score  financial_health_score  growth_score  margin_score  total_score
   CRIZAC.NS             25.0                 25.0                    20.0          20.0          10.0        100.0
     OFSS.NS             25.0                 25.0                    19.9          20.0          10.0         99.9
     PGHL.NS             25.0                 25.0                    19.8          20.0          10.0         99.8
HBLENGINE.NS             25.0                 25.0                    19.7          20.0          10.0         99.7
   GARUDA.NS             25.0                 25.0                    19.7          20.0          10.0         99.7

Saved to data/processed/long_term_scores.csv
[16:31:49] SUCCESS: Recompute long-term fundamental scores
[16:31:51] Morning report saved to C:\Users\91769\stock_ai_project\data\processed\morning_report_2026-08-07.txt
[16:31:51] ============================================================
[16:31:51] PIPELINE COMPLETE -- ALL STEPS SUCCEEDED
[16:31:51] Log file: C:\Users\91769\stock_ai_project\logs\pipeline_2026-08-07_16-31-43.log
[16:31:51] Morning report: C:\Users\91769\stock_ai_project\data\processed\morning_report_2026-08-07.txt
[16:31:51] ============================================================
